2025-08-26 22:04:15,309 [Worker-5: Loading available Gradle versions] INFO  o.e.b.c.i.u.g.PublishedGradleVersions - Gradle version information cache is out-of-date. Trying to update.
2025-08-28 19:19:05,166 [Worker-11: Loading available Gradle versions] INFO  o.e.b.c.i.u.g.PublishedGradleVersions - Gradle version information cache is out-of-date. Trying to update.
2025-08-29 11:31:10,088 [Worker-2: Loading available Gradle versions] INFO  o.e.b.c.i.u.g.PublishedGradleVersions - Gradle version information cache is up-to-date. Trying to read.
2025-08-29 11:41:16,491 [Worker-6: Loading available Gradle versions] INFO  o.e.b.c.i.u.g.PublishedGradleVersions - Gradle version information cache is up-to-date. Trying to read.
2025-08-29 15:12:41,145 [Worker-2: Loading available Gradle versions] INFO  o.e.b.c.i.u.g.PublishedGradleVersions - Gradle version information cache is up-to-date. Trying to read.
2025-08-29 20:06:38,703 [Worker-11: Loading available Gradle versions] INFO  o.e.b.c.i.u.g.PublishedGradleVersions - Gradle version information cache is out-of-date. Trying to update.
2025-08-29 20:45:46,049 [Worker-7: Loading available Gradle versions] INFO  o.e.b.c.i.u.g.PublishedGradleVersions - Gradle version information cache is up-to-date. Trying to read.
2025-09-01 20:18:44,386 [Worker-6: Loading available Gradle versions] INFO  o.e.b.c.i.u.g.PublishedGradleVersions - Gradle version information cache is out-of-date. Trying to update.
2025-09-03 20:20:24,497 [Worker-14: Loading available Gradle versions] INFO  o.e.b.c.i.u.g.PublishedGradleVersions - Gradle version information cache is out-of-date. Trying to update.
2025-09-08 19:06:31,775 [Worker-4: Loading available Gradle versions] INFO  o.e.b.c.i.u.g.PublishedGradleVersions - Gradle version information cache is out-of-date. Trying to update.
2025-09-08 20:07:51,335 [Worker-7: Loading available Gradle versions] INFO  o.e.b.c.i.u.g.PublishedGradleVersions - Gradle version information cache is up-to-date. Trying to read.
2025-09-09 18:02:13,909 [Worker-7: Loading available Gradle versions] INFO  o.e.b.c.i.u.g.PublishedGradleVersions - Gradle version information cache is up-to-date. Trying to read.
2025-09-10 18:21:59,736 [Worker-7: Loading available Gradle versions] INFO  o.e.b.c.i.u.g.PublishedGradleVersions - Gradle version information cache is out-of-date. Trying to update.
2025-09-10 20:05:47,503 [Worker-9: Loading available Gradle versions] INFO  o.e.b.c.i.u.g.PublishedGradleVersions - Gradle version information cache is up-to-date. Trying to read.
2025-09-12 13:15:51,587 [Worker-4: Loading available Gradle versions] INFO  o.e.b.c.i.u.g.PublishedGradleVersions - Gradle version information cache is out-of-date. Trying to update.
2025-09-12 19:28:38,994 [Worker-6: Loading available Gradle versions] INFO  o.e.b.c.i.u.g.PublishedGradleVersions - Gradle version information cache is up-to-date. Trying to read.
2025-09-12 20:08:45,598 [Worker-6: Loading available Gradle versions] INFO  o.e.b.c.i.u.g.PublishedGradleVersions - Gradle version information cache is up-to-date. Trying to read.
2025-09-15 19:51:02,094 [Worker-2: Loading available Gradle versions] INFO  o.e.b.c.i.u.g.PublishedGradleVersions - Gradle version information cache is out-of-date. Trying to update.
2025-09-16 12:40:59,952 [Worker-4: Loading available Gradle versions] INFO  o.e.b.c.i.u.g.PublishedGradleVersions - Gradle version information cache is up-to-date. Trying to read.
2025-09-16 20:17:40,916 [Worker-9: Loading available Gradle versions] INFO  o.e.b.c.i.u.g.PublishedGradleVersions - Gradle version information cache is out-of-date. Trying to update.
2025-09-17 19:06:25,573 [Worker-7: Loading available Gradle versions] INFO  o.e.b.c.i.u.g.PublishedGradleVersions - Gradle version information cache is up-to-date. Trying to read.
2025-09-17 20:09:09,815 [Worker-6: Loading available Gradle versions] INFO  o.e.b.c.i.u.g.PublishedGradleVersions - Gradle version information cache is up-to-date. Trying to read.
2025-09-19 16:58:24,619 [Worker-9: Loading available Gradle versions] INFO  o.e.b.c.i.u.g.PublishedGradleVersions - Gradle version information cache is out-of-date. Trying to update.
2025-09-19 18:40:37,874 [Worker-68: Creating project "MyMavenProject"] INFO  o.e.m.c.i.l.LifecycleMappingFactory - Using org.eclipse.m2e.jdt.JarLifecycleMapping lifecycle mapping for MavenProject: MyMavenProject:MyMavenProject:0.0.1-SNAPSHOT @ /Volumes/Renuka/Professional Stuff (Restricted)/Session_material/Session_WorkSpaces/Automation_SA2506029/SA250629_WebDriver/MyMavenProject/pom.xml.
2025-09-19 18:40:38,503 [Worker-68: Creating project "MyMavenProject"] INFO  o.e.m.j.i.AbstractJavaProjectConfigurator - Adding source folder /MyMavenProject/src/main/java
2025-09-19 18:40:38,505 [Worker-68: Creating project "MyMavenProject"] INFO  o.e.m.j.i.AbstractJavaProjectConfigurator - Adding resource folder /MyMavenProject/src/main/resources
2025-09-19 18:40:38,506 [Worker-68: Creating project "MyMavenProject"] INFO  o.e.m.j.i.AbstractJavaProjectConfigurator - Adding source folder /MyMavenProject/src/test/java
2025-09-19 18:40:38,506 [Worker-68: Creating project "MyMavenProject"] INFO  o.e.m.j.i.AbstractJavaProjectConfigurator - Adding resource folder /MyMavenProject/src/test/resources
2025-09-19 18:40:41,545 [Worker-68: Building] WARN  o.a.m.s.f.DefaultMavenResourcesFiltering - Using platform encoding (UTF-8 actually) to copy filtered resources, i.e. build is platform dependent!
2025-09-19 18:40:42,005 [Worker-68: Building] INFO  o.a.m.s.f.DefaultMavenResourcesFiltering - Copying 0 resource from src/main/resources to target/classes
2025-09-19 18:40:42,502 [Worker-68: Building] WARN  o.a.m.s.f.DefaultMavenResourcesFiltering - Using platform encoding (UTF-8 actually) to copy filtered resources, i.e. build is platform dependent!
2025-09-19 18:40:42,520 [Worker-68: Building] INFO  o.a.m.s.f.DefaultMavenResourcesFiltering - Copying 0 resource from src/test/resources to target/test-classes
2025-09-19 18:43:35,842 [Worker-75: Creating project "MyCucumber"] INFO  o.e.m.c.i.l.LifecycleMappingFactory - Using org.eclipse.m2e.jdt.JarLifecycleMapping lifecycle mapping for MavenProject: MyCucumber:MyCucumber:0.0.1-SNAPSHOT @ /Volumes/Renuka/Professional Stuff (Restricted)/Session_material/Session_WorkSpaces/Automation_SA2506029/SA250629_WebDriver/MyCucumber/pom.xml.
2025-09-19 18:43:35,908 [Worker-75: Creating project "MyCucumber"] INFO  o.e.m.j.i.AbstractJavaProjectConfigurator - Adding source folder /MyCucumber/src/main/java
2025-09-19 18:43:35,908 [Worker-75: Creating project "MyCucumber"] INFO  o.e.m.j.i.AbstractJavaProjectConfigurator - Adding resource folder /MyCucumber/src/main/resources
2025-09-19 18:43:35,908 [Worker-75: Creating project "MyCucumber"] INFO  o.e.m.j.i.AbstractJavaProjectConfigurator - Adding source folder /MyCucumber/src/test/java
2025-09-19 18:43:35,908 [Worker-75: Creating project "MyCucumber"] INFO  o.e.m.j.i.AbstractJavaProjectConfigurator - Adding resource folder /MyCucumber/src/test/resources
2025-09-19 18:43:36,233 [Worker-75: Building] WARN  o.a.m.s.f.DefaultMavenResourcesFiltering - Using platform encoding (UTF-8 actually) to copy filtered resources, i.e. build is platform dependent!
2025-09-19 18:43:36,234 [Worker-75: Building] INFO  o.a.m.s.f.DefaultMavenResourcesFiltering - Copying 0 resource from src/main/resources to target/classes
2025-09-19 18:43:36,236 [Worker-75: Building] WARN  o.a.m.s.f.DefaultMavenResourcesFiltering - Using platform encoding (UTF-8 actually) to copy filtered resources, i.e. build is platform dependent!
2025-09-19 18:43:36,236 [Worker-75: Building] INFO  o.a.m.s.f.DefaultMavenResourcesFiltering - Copying 0 resource from src/test/resources to target/test-classes
2025-09-19 18:49:14,974 [Worker-97: Creating project "Keyword"] INFO  o.e.m.c.i.l.LifecycleMappingFactory - Using org.eclipse.m2e.jdt.JarLifecycleMapping lifecycle mapping for MavenProject: keyWord:Keyword:0.0.1-SNAPSHOT @ /Volumes/Renuka/Professional Stuff (Restricted)/Session_material/Session_WorkSpaces/Automation_SA2506029/SA250629_WebDriver/Keyword/pom.xml.
2025-09-19 18:49:15,025 [Worker-97: Creating project "Keyword"] INFO  o.e.m.j.i.AbstractJavaProjectConfigurator - Adding source folder /Keyword/src/main/java
2025-09-19 18:49:15,025 [Worker-97: Creating project "Keyword"] INFO  o.e.m.j.i.AbstractJavaProjectConfigurator - Adding resource folder /Keyword/src/main/resources
2025-09-19 18:49:15,026 [Worker-97: Creating project "Keyword"] INFO  o.e.m.j.i.AbstractJavaProjectConfigurator - Adding source folder /Keyword/src/test/java
2025-09-19 18:49:15,026 [Worker-97: Creating project "Keyword"] INFO  o.e.m.j.i.AbstractJavaProjectConfigurator - Adding resource folder /Keyword/src/test/resources
2025-09-19 18:49:16,048 [Worker-86: Building] WARN  o.a.m.s.f.DefaultMavenResourcesFiltering - Using platform encoding (UTF-8 actually) to copy filtered resources, i.e. build is platform dependent!
2025-09-19 18:49:16,054 [Worker-86: Building] INFO  o.a.m.s.f.DefaultMavenResourcesFiltering - Copying 0 resource from src/main/resources to target/classes
2025-09-19 18:49:16,060 [Worker-86: Building] WARN  o.a.m.s.f.DefaultMavenResourcesFiltering - Using platform encoding (UTF-8 actually) to copy filtered resources, i.e. build is platform dependent!
2025-09-19 18:49:16,061 [Worker-86: Building] INFO  o.a.m.s.f.DefaultMavenResourcesFiltering - Copying 0 resource from src/test/resources to target/test-classes
2025-09-19 20:10:00,919 [Worker-7: Loading available Gradle versions] INFO  o.e.b.c.i.u.g.PublishedGradleVersions - Gradle version information cache is up-to-date. Trying to read.
2025-09-22 18:29:27,663 [Worker-23: Loading available Gradle versions] INFO  o.e.b.c.i.u.g.PublishedGradleVersions - Gradle version information cache is out-of-date. Trying to update.
2025-09-22 20:11:12,221 [Worker-8: Loading available Gradle versions] INFO  o.e.b.c.i.u.g.PublishedGradleVersions - Gradle version information cache is up-to-date. Trying to read.
2025-09-23 18:05:46,493 [Worker-7: Loading available Gradle versions] INFO  o.e.b.c.i.u.g.PublishedGradleVersions - Gradle version information cache is up-to-date. Trying to read.
2025-09-23 18:19:19,598 [Worker-65: Creating project "myMavenProjects"] INFO  o.e.m.c.i.l.LifecycleMappingFactory - Using org.eclipse.m2e.jdt.JarLifecycleMapping lifecycle mapping for MavenProject: myMavenProjects:myMavenProjects:0.0.1-SNAPSHOT @ /Volumes/Renuka/Professional Stuff (Restricted)/Session_material/Session_WorkSpaces/Automation_SA2506029/SA250629_WebDriver/myMavenProjects/pom.xml.
2025-09-23 18:19:20,132 [Worker-65: Creating project "myMavenProjects"] INFO  o.e.m.j.i.AbstractJavaProjectConfigurator - Adding source folder /myMavenProjects/src/main/java
2025-09-23 18:19:20,133 [Worker-65: Creating project "myMavenProjects"] INFO  o.e.m.j.i.AbstractJavaProjectConfigurator - Adding resource folder /myMavenProjects/src/main/resources
2025-09-23 18:19:20,133 [Worker-65: Creating project "myMavenProjects"] INFO  o.e.m.j.i.AbstractJavaProjectConfigurator - Adding source folder /myMavenProjects/src/test/java
2025-09-23 18:19:20,134 [Worker-65: Creating project "myMavenProjects"] INFO  o.e.m.j.i.AbstractJavaProjectConfigurator - Adding resource folder /myMavenProjects/src/test/resources
2025-09-23 18:19:21,687 [Worker-66: Building] WARN  o.a.m.s.f.DefaultMavenResourcesFiltering - Using platform encoding (UTF-8 actually) to copy filtered resources, i.e. build is platform dependent!
2025-09-23 18:19:21,694 [Worker-66: Building] INFO  o.a.m.s.f.DefaultMavenResourcesFiltering - Copying 0 resource from src/main/resources to target/classes
2025-09-23 18:19:21,706 [Worker-66: Building] WARN  o.a.m.s.f.DefaultMavenResourcesFiltering - Using platform encoding (UTF-8 actually) to copy filtered resources, i.e. build is platform dependent!
2025-09-23 18:19:21,707 [Worker-66: Building] INFO  o.a.m.s.f.DefaultMavenResourcesFiltering - Copying 0 resource from src/test/resources to target/test-classes
2025-09-23 18:20:58,466 [Worker-70: Building] INFO  o.e.m.c.i.l.LifecycleMappingFactory - Using org.eclipse.m2e.jdt.JarLifecycleMapping lifecycle mapping for MavenProject: myMavenProjects:myMavenProjects:0.0.1-SNAPSHOT @ /Volumes/Renuka/Professional Stuff (Restricted)/Session_material/Session_WorkSpaces/Automation_SA2506029/SA250629_WebDriver/myMavenProjects/pom.xml.
2025-09-23 18:20:59,177 [Worker-70: Building] WARN  o.a.m.s.f.DefaultMavenResourcesFiltering - Using platform encoding (UTF-8 actually) to copy filtered resources, i.e. build is platform dependent!
2025-09-23 18:20:59,181 [Worker-70: Building] INFO  o.a.m.s.f.DefaultMavenResourcesFiltering - Copying 0 resource from src/main/resources to target/classes
2025-09-23 18:20:59,189 [Worker-70: Building] WARN  o.a.m.s.f.DefaultMavenResourcesFiltering - Using platform encoding (UTF-8 actually) to copy filtered resources, i.e. build is platform dependent!
2025-09-23 18:20:59,189 [Worker-70: Building] INFO  o.a.m.s.f.DefaultMavenResourcesFiltering - Copying 0 resource from src/test/resources to target/test-classes
2025-09-23 18:21:01,364 [Worker-68: Building] WARN  o.a.m.s.f.DefaultMavenResourcesFiltering - Using platform encoding (UTF-8 actually) to copy filtered resources, i.e. build is platform dependent!
2025-09-23 18:21:01,367 [Worker-68: Building] INFO  o.a.m.s.f.DefaultMavenResourcesFiltering - Copying 0 resource from src/main/resources to target/classes
2025-09-23 18:21:01,374 [Worker-68: Building] WARN  o.a.m.s.f.DefaultMavenResourcesFiltering - Using platform encoding (UTF-8 actually) to copy filtered resources, i.e. build is platform dependent!
2025-09-23 18:21:01,374 [Worker-68: Building] INFO  o.a.m.s.f.DefaultMavenResourcesFiltering - Copying 0 resource from src/test/resources to target/test-classes
2025-09-23 18:21:52,248 [Worker-68: Building] WARN  o.a.m.s.f.DefaultMavenResourcesFiltering - Using platform encoding (UTF-8 actually) to copy filtered resources, i.e. build is platform dependent!
2025-09-23 18:21:52,250 [Worker-68: Building] INFO  o.a.m.s.f.DefaultMavenResourcesFiltering - Copying 0 resource from src/main/resources to target/classes
2025-09-23 18:21:52,254 [Worker-68: Building] WARN  o.a.m.s.f.DefaultMavenResourcesFiltering - Using platform encoding (UTF-8 actually) to copy filtered resources, i.e. build is platform dependent!
2025-09-23 18:21:52,256 [Worker-68: Building] INFO  o.a.m.s.f.DefaultMavenResourcesFiltering - Copying 0 resource from src/test/resources to target/test-classes
2025-09-23 18:22:33,751 [Worker-68: Building] WARN  o.a.m.s.f.DefaultMavenResourcesFiltering - Using platform encoding (UTF-8 actually) to copy filtered resources, i.e. build is platform dependent!
2025-09-23 18:22:33,761 [Worker-68: Building] INFO  o.a.m.s.f.DefaultMavenResourcesFiltering - Copying 0 resource from src/main/resources to target/classes
2025-09-23 18:22:33,766 [Worker-68: Building] WARN  o.a.m.s.f.DefaultMavenResourcesFiltering - Using platform encoding (UTF-8 actually) to copy filtered resources, i.e. build is platform dependent!
2025-09-23 18:22:33,767 [Worker-68: Building] INFO  o.a.m.s.f.DefaultMavenResourcesFiltering - Copying 0 resource from src/test/resources to target/test-classes
2025-09-23 18:22:35,850 [main] INFO  o.e.m.jdt.internal.UnitTestSupport - Updating mvn01_launchBrowser.launchBrowser from maven configuration
2025-09-23 18:37:13,856 [Worker-75: Building] WARN  o.a.m.s.f.DefaultMavenResourcesFiltering - Using platform encoding (UTF-8 actually) to copy filtered resources, i.e. build is platform dependent!
2025-09-23 18:37:13,859 [Worker-75: Building] INFO  o.a.m.s.f.DefaultMavenResourcesFiltering - Copying 0 resource from src/main/resources to target/classes
2025-09-23 18:37:13,861 [Worker-75: Building] WARN  o.a.m.s.f.DefaultMavenResourcesFiltering - Using platform encoding (UTF-8 actually) to copy filtered resources, i.e. build is platform dependent!
2025-09-23 18:37:13,862 [Worker-75: Building] INFO  o.a.m.s.f.DefaultMavenResourcesFiltering - Copying 0 resource from src/test/resources to target/test-classes
2025-09-23 18:37:31,855 [Worker-78: Building] WARN  o.a.m.s.f.DefaultMavenResourcesFiltering - Using platform encoding (UTF-8 actually) to copy filtered resources, i.e. build is platform dependent!
2025-09-23 18:37:31,857 [Worker-78: Building] INFO  o.a.m.s.f.DefaultMavenResourcesFiltering - Copying 0 resource from src/main/resources to target/classes
2025-09-23 18:37:31,860 [Worker-78: Building] WARN  o.a.m.s.f.DefaultMavenResourcesFiltering - Using platform encoding (UTF-8 actually) to copy filtered resources, i.e. build is platform dependent!
2025-09-23 18:37:31,861 [Worker-78: Building] INFO  o.a.m.s.f.DefaultMavenResourcesFiltering - Copying 0 resource from src/test/resources to target/test-classes
2025-09-23 18:37:58,272 [Worker-80: Building] WARN  o.a.m.s.f.DefaultMavenResourcesFiltering - Using platform encoding (UTF-8 actually) to copy filtered resources, i.e. build is platform dependent!
2025-09-23 18:37:58,273 [Worker-80: Building] INFO  o.a.m.s.f.DefaultMavenResourcesFiltering - Copying 0 resource from src/main/resources to target/classes
2025-09-23 18:37:58,277 [Worker-80: Building] WARN  o.a.m.s.f.DefaultMavenResourcesFiltering - Using platform encoding (UTF-8 actually) to copy filtered resources, i.e. build is platform dependent!
2025-09-23 18:37:58,279 [Worker-80: Building] INFO  o.a.m.s.f.DefaultMavenResourcesFiltering - Copying 0 resource from src/test/resources to target/test-classes
2025-09-23 18:38:05,664 [Worker-77: Building] WARN  o.a.m.s.f.DefaultMavenResourcesFiltering - Using platform encoding (UTF-8 actually) to copy filtered resources, i.e. build is platform dependent!
2025-09-23 18:38:05,679 [Worker-77: Building] INFO  o.a.m.s.f.DefaultMavenResourcesFiltering - Copying 0 resource from src/main/resources to target/classes
2025-09-23 18:38:05,684 [Worker-77: Building] WARN  o.a.m.s.f.DefaultMavenResourcesFiltering - Using platform encoding (UTF-8 actually) to copy filtered resources, i.e. build is platform dependent!
2025-09-23 18:38:05,685 [Worker-77: Building] INFO  o.a.m.s.f.DefaultMavenResourcesFiltering - Copying 0 resource from src/test/resources to target/test-classes
2025-09-23 18:39:13,283 [Worker-78: Building] WARN  o.a.m.s.f.DefaultMavenResourcesFiltering - Using platform encoding (UTF-8 actually) to copy filtered resources, i.e. build is platform dependent!
2025-09-23 18:39:13,285 [Worker-78: Building] INFO  o.a.m.s.f.DefaultMavenResourcesFiltering - Copying 0 resource from src/main/resources to target/classes
2025-09-23 18:39:13,287 [Worker-78: Building] WARN  o.a.m.s.f.DefaultMavenResourcesFiltering - Using platform encoding (UTF-8 actually) to copy filtered resources, i.e. build is platform dependent!
2025-09-23 18:39:13,288 [Worker-78: Building] INFO  o.a.m.s.f.DefaultMavenResourcesFiltering - Copying 0 resource from src/test/resources to target/test-classes
2025-09-23 19:48:43,460 [Worker-94: Building] WARN  o.a.m.s.f.DefaultMavenResourcesFiltering - Using platform encoding (UTF-8 actually) to copy filtered resources, i.e. build is platform dependent!
2025-09-23 19:48:43,468 [Worker-94: Building] INFO  o.a.m.s.f.DefaultMavenResourcesFiltering - Copying 0 resource from src/main/resources to target/classes
2025-09-23 19:48:43,475 [Worker-94: Building] WARN  o.a.m.s.f.DefaultMavenResourcesFiltering - Using platform encoding (UTF-8 actually) to copy filtered resources, i.e. build is platform dependent!
2025-09-23 19:48:43,476 [Worker-94: Building] INFO  o.a.m.s.f.DefaultMavenResourcesFiltering - Copying 0 resource from src/test/resources to target/test-classes
2025-09-23 19:49:00,346 [Worker-90: Building] WARN  o.a.m.s.f.DefaultMavenResourcesFiltering - Using platform encoding (UTF-8 actually) to copy filtered resources, i.e. build is platform dependent!
2025-09-23 19:49:00,347 [Worker-90: Building] INFO  o.a.m.s.f.DefaultMavenResourcesFiltering - Copying 0 resource from src/main/resources to target/classes
2025-09-23 19:49:00,350 [Worker-90: Building] WARN  o.a.m.s.f.DefaultMavenResourcesFiltering - Using platform encoding (UTF-8 actually) to copy filtered resources, i.e. build is platform dependent!
2025-09-23 19:49:00,351 [Worker-90: Building] INFO  o.a.m.s.f.DefaultMavenResourcesFiltering - Copying 0 resource from src/test/resources to target/test-classes
2025-09-23 19:49:17,771 [Worker-90: Building] WARN  o.a.m.s.f.DefaultMavenResourcesFiltering - Using platform encoding (UTF-8 actually) to copy filtered resources, i.e. build is platform dependent!
2025-09-23 19:49:17,771 [Worker-90: Building] INFO  o.a.m.s.f.DefaultMavenResourcesFiltering - Copying 0 resource from src/main/resources to target/classes
2025-09-23 19:49:17,773 [Worker-90: Building] WARN  o.a.m.s.f.DefaultMavenResourcesFiltering - Using platform encoding (UTF-8 actually) to copy filtered resources, i.e. build is platform dependent!
2025-09-23 19:49:17,773 [Worker-90: Building] INFO  o.a.m.s.f.DefaultMavenResourcesFiltering - Copying 0 resource from src/test/resources to target/test-classes
2025-09-23 19:49:55,981 [Worker-97: Building] WARN  o.a.m.s.f.DefaultMavenResourcesFiltering - Using platform encoding (UTF-8 actually) to copy filtered resources, i.e. build is platform dependent!
2025-09-23 19:49:55,983 [Worker-97: Building] INFO  o.a.m.s.f.DefaultMavenResourcesFiltering - Copying 0 resource from src/main/resources to target/classes
2025-09-23 19:49:55,986 [Worker-97: Building] WARN  o.a.m.s.f.DefaultMavenResourcesFiltering - Using platform encoding (UTF-8 actually) to copy filtered resources, i.e. build is platform dependent!
2025-09-23 19:49:55,986 [Worker-97: Building] INFO  o.a.m.s.f.DefaultMavenResourcesFiltering - Copying 0 resource from src/test/resources to target/test-classes
2025-09-23 19:51:14,116 [Worker-89: Updating Maven Dependencies] ERROR o.e.m.j.i.l.MavenLaunchConfigurationListener - Launch configuration mvn01_launchBrowser.launchBrowser references non-existing project myMavenProjects.
org.eclipse.core.runtime.CoreException: Launch configuration mvn01_launchBrowser.launchBrowser references non-existing project myMavenProjects.
	at org.eclipse.jdt.launching.JavaRuntime.abort(JavaRuntime.java:1870)
	at org.eclipse.jdt.launching.JavaRuntime.getJavaProject(JavaRuntime.java:1747)
	at org.eclipse.m2e.jdt.internal.launch.MavenLaunchConfigurationListener.updateLaunchConfiguration(MavenLaunchConfigurationListener.java:66)
	at org.eclipse.m2e.jdt.internal.launch.MavenLaunchConfigurationListener.launchConfigurationChanged(MavenLaunchConfigurationListener.java:52)
	at org.eclipse.debug.internal.core.LaunchManager$ConfigurationNotifier.run(LaunchManager.java:219)
	at org.eclipse.core.runtime.SafeRunner.run(SafeRunner.java:47)
	at org.eclipse.debug.internal.core.LaunchManager$ConfigurationNotifier.notify(LaunchManager.java:203)
	at org.eclipse.debug.internal.core.LaunchConfigurationWorkingCopy.setDirty(LaunchConfigurationWorkingCopy.java:527)
	at org.eclipse.debug.internal.core.LaunchConfigurationWorkingCopy.setAttribute(LaunchConfigurationWorkingCopy.java:415)
	at org.eclipse.m2e.jdt.internal.launch.MavenRuntimeClasspathProvider.disable(MavenRuntimeClasspathProvider.java:409)
	at org.eclipse.m2e.jdt.internal.launch.MavenRuntimeClasspathProvider.disable(MavenRuntimeClasspathProvider.java:435)
	at org.eclipse.m2e.jdt.internal.launch.MavenLaunchConfigurationListener.mavenProjectChanged(MavenLaunchConfigurationListener.java:137)
	at org.eclipse.m2e.core.internal.project.registry.ProjectRegistryManager.notifyProjectChangeListeners(ProjectRegistryManager.java:892)
	at org.eclipse.m2e.core.internal.project.registry.ProjectRegistryManager.applyMutableProjectRegistry(ProjectRegistryManager.java:1042)
	at org.eclipse.m2e.core.internal.project.registry.ProjectRegistryRefreshJob.lambda$0(ProjectRegistryRefreshJob.java:162)
	at org.eclipse.m2e.core.internal.embedder.MavenExecutionContext.executeBare(MavenExecutionContext.java:458)
	at org.eclipse.m2e.core.internal.embedder.MavenExecutionContext.execute(MavenExecutionContext.java:339)
	at org.eclipse.m2e.core.internal.embedder.MavenExecutionContext.execute(MavenExecutionContext.java:278)
	at org.eclipse.m2e.core.internal.project.registry.ProjectRegistryRefreshJob.run(ProjectRegistryRefreshJob.java:106)
	at org.eclipse.core.internal.jobs.Worker.run(Worker.java:63)
2025-09-23 19:51:14,201 [Worker-89: Updating Maven Dependencies] ERROR o.e.m.j.i.l.MavenLaunchConfigurationListener - Launch configuration mvn01_launchBrowser.launchBrowser references non-existing project myMavenProjects.
org.eclipse.core.runtime.CoreException: Launch configuration mvn01_launchBrowser.launchBrowser references non-existing project myMavenProjects.
	at org.eclipse.jdt.launching.JavaRuntime.abort(JavaRuntime.java:1870)
	at org.eclipse.jdt.launching.JavaRuntime.getJavaProject(JavaRuntime.java:1747)
	at org.eclipse.m2e.jdt.internal.launch.MavenLaunchConfigurationListener.updateLaunchConfiguration(MavenLaunchConfigurationListener.java:66)
	at org.eclipse.m2e.jdt.internal.launch.MavenLaunchConfigurationListener.launchConfigurationChanged(MavenLaunchConfigurationListener.java:52)
	at org.eclipse.debug.internal.core.LaunchManager$ConfigurationNotifier.run(LaunchManager.java:219)
	at org.eclipse.core.runtime.SafeRunner.run(SafeRunner.java:47)
	at org.eclipse.debug.internal.core.LaunchManager$ConfigurationNotifier.notify(LaunchManager.java:203)
	at org.eclipse.debug.internal.core.LaunchConfigurationWorkingCopy.setDirty(LaunchConfigurationWorkingCopy.java:527)
	at org.eclipse.debug.internal.core.LaunchConfigurationWorkingCopy.setAttribute(LaunchConfigurationWorkingCopy.java:415)
	at org.eclipse.m2e.jdt.internal.launch.MavenRuntimeClasspathProvider.disable(MavenRuntimeClasspathProvider.java:410)
	at org.eclipse.m2e.jdt.internal.launch.MavenRuntimeClasspathProvider.disable(MavenRuntimeClasspathProvider.java:435)
	at org.eclipse.m2e.jdt.internal.launch.MavenLaunchConfigurationListener.mavenProjectChanged(MavenLaunchConfigurationListener.java:137)
	at org.eclipse.m2e.core.internal.project.registry.ProjectRegistryManager.notifyProjectChangeListeners(ProjectRegistryManager.java:892)
	at org.eclipse.m2e.core.internal.project.registry.ProjectRegistryManager.applyMutableProjectRegistry(ProjectRegistryManager.java:1042)
	at org.eclipse.m2e.core.internal.project.registry.ProjectRegistryRefreshJob.lambda$0(ProjectRegistryRefreshJob.java:162)
	at org.eclipse.m2e.core.internal.embedder.MavenExecutionContext.executeBare(MavenExecutionContext.java:458)
	at org.eclipse.m2e.core.internal.embedder.MavenExecutionContext.execute(MavenExecutionContext.java:339)
	at org.eclipse.m2e.core.internal.embedder.MavenExecutionContext.execute(MavenExecutionContext.java:278)
	at org.eclipse.m2e.core.internal.project.registry.ProjectRegistryRefreshJob.run(ProjectRegistryRefreshJob.java:106)
	at org.eclipse.core.internal.jobs.Worker.run(Worker.java:63)
2025-09-23 19:51:14,243 [Worker-89: Updating Maven Dependencies] ERROR o.e.m.j.i.l.MavenLaunchConfigurationListener - Launch configuration mvn01_launchBrowser.launchBrowser references non-existing project myMavenProjects.
org.eclipse.core.runtime.CoreException: Launch configuration mvn01_launchBrowser.launchBrowser references non-existing project myMavenProjects.
	at org.eclipse.jdt.launching.JavaRuntime.abort(JavaRuntime.java:1870)
	at org.eclipse.jdt.launching.JavaRuntime.getJavaProject(JavaRuntime.java:1747)
	at org.eclipse.m2e.jdt.internal.launch.MavenLaunchConfigurationListener.updateLaunchConfiguration(MavenLaunchConfigurationListener.java:66)
	at org.eclipse.m2e.jdt.internal.launch.MavenLaunchConfigurationListener.launchConfigurationChanged(MavenLaunchConfigurationListener.java:52)
	at org.eclipse.debug.internal.core.LaunchManager$ConfigurationNotifier.run(LaunchManager.java:219)
	at org.eclipse.core.runtime.SafeRunner.run(SafeRunner.java:47)
	at org.eclipse.debug.internal.core.LaunchManager$ConfigurationNotifier.notify(LaunchManager.java:203)
	at org.eclipse.debug.internal.core.LaunchManager.launchConfigurationChanged(LaunchManager.java:1960)
	at org.eclipse.debug.internal.core.LaunchConfigurationWorkingCopy.writeNewFile(LaunchConfigurationWorkingCopy.java:380)
	at org.eclipse.debug.internal.core.LaunchConfigurationWorkingCopy.doSave0(LaunchConfigurationWorkingCopy.java:259)
	at org.eclipse.debug.internal.core.LaunchConfigurationWorkingCopy.doSave(LaunchConfigurationWorkingCopy.java:229)
	at org.eclipse.debug.internal.core.LaunchConfigurationWorkingCopy.doSave(LaunchConfigurationWorkingCopy.java:187)
	at org.eclipse.m2e.jdt.internal.launch.MavenRuntimeClasspathProvider.disable(MavenRuntimeClasspathProvider.java:411)
	at org.eclipse.m2e.jdt.internal.launch.MavenRuntimeClasspathProvider.disable(MavenRuntimeClasspathProvider.java:435)
	at org.eclipse.m2e.jdt.internal.launch.MavenLaunchConfigurationListener.mavenProjectChanged(MavenLaunchConfigurationListener.java:137)
	at org.eclipse.m2e.core.internal.project.registry.ProjectRegistryManager.notifyProjectChangeListeners(ProjectRegistryManager.java:892)
	at org.eclipse.m2e.core.internal.project.registry.ProjectRegistryManager.applyMutableProjectRegistry(ProjectRegistryManager.java:1042)
	at org.eclipse.m2e.core.internal.project.registry.ProjectRegistryRefreshJob.lambda$0(ProjectRegistryRefreshJob.java:162)
	at org.eclipse.m2e.core.internal.embedder.MavenExecutionContext.executeBare(MavenExecutionContext.java:458)
	at org.eclipse.m2e.core.internal.embedder.MavenExecutionContext.execute(MavenExecutionContext.java:339)
	at org.eclipse.m2e.core.internal.embedder.MavenExecutionContext.execute(MavenExecutionContext.java:278)
	at org.eclipse.m2e.core.internal.project.registry.ProjectRegistryRefreshJob.run(ProjectRegistryRefreshJob.java:106)
	at org.eclipse.core.internal.jobs.Worker.run(Worker.java:63)
2025-09-23 19:51:14,244 [Worker-89: Updating Maven Dependencies] ERROR o.e.m.j.i.l.MavenLaunchConfigurationListener - Launch configuration simpleExtentReport references non-existing project myMavenProjects.
org.eclipse.core.runtime.CoreException: Launch configuration simpleExtentReport references non-existing project myMavenProjects.
	at org.eclipse.jdt.launching.JavaRuntime.abort(JavaRuntime.java:1870)
	at org.eclipse.jdt.launching.JavaRuntime.getJavaProject(JavaRuntime.java:1747)
	at org.eclipse.m2e.jdt.internal.launch.MavenLaunchConfigurationListener.updateLaunchConfiguration(MavenLaunchConfigurationListener.java:66)
	at org.eclipse.m2e.jdt.internal.launch.MavenLaunchConfigurationListener.launchConfigurationChanged(MavenLaunchConfigurationListener.java:52)
	at org.eclipse.debug.internal.core.LaunchManager$ConfigurationNotifier.run(LaunchManager.java:219)
	at org.eclipse.core.runtime.SafeRunner.run(SafeRunner.java:47)
	at org.eclipse.debug.internal.core.LaunchManager$ConfigurationNotifier.notify(LaunchManager.java:203)
	at org.eclipse.debug.internal.core.LaunchConfigurationWorkingCopy.setDirty(LaunchConfigurationWorkingCopy.java:527)
	at org.eclipse.debug.internal.core.LaunchConfigurationWorkingCopy.setAttribute(LaunchConfigurationWorkingCopy.java:415)
	at org.eclipse.m2e.jdt.internal.launch.MavenRuntimeClasspathProvider.disable(MavenRuntimeClasspathProvider.java:409)
	at org.eclipse.m2e.jdt.internal.launch.MavenRuntimeClasspathProvider.disable(MavenRuntimeClasspathProvider.java:435)
	at org.eclipse.m2e.jdt.internal.launch.MavenLaunchConfigurationListener.mavenProjectChanged(MavenLaunchConfigurationListener.java:137)
	at org.eclipse.m2e.core.internal.project.registry.ProjectRegistryManager.notifyProjectChangeListeners(ProjectRegistryManager.java:892)
	at org.eclipse.m2e.core.internal.project.registry.ProjectRegistryManager.applyMutableProjectRegistry(ProjectRegistryManager.java:1042)
	at org.eclipse.m2e.core.internal.project.registry.ProjectRegistryRefreshJob.lambda$0(ProjectRegistryRefreshJob.java:162)
	at org.eclipse.m2e.core.internal.embedder.MavenExecutionContext.executeBare(MavenExecutionContext.java:458)
	at org.eclipse.m2e.core.internal.embedder.MavenExecutionContext.execute(MavenExecutionContext.java:339)
	at org.eclipse.m2e.core.internal.embedder.MavenExecutionContext.execute(MavenExecutionContext.java:278)
	at org.eclipse.m2e.core.internal.project.registry.ProjectRegistryRefreshJob.run(ProjectRegistryRefreshJob.java:106)
	at org.eclipse.core.internal.jobs.Worker.run(Worker.java:63)
2025-09-23 19:51:14,244 [Worker-89: Updating Maven Dependencies] ERROR o.e.m.j.i.l.MavenLaunchConfigurationListener - Launch configuration simpleExtentReport references non-existing project myMavenProjects.
org.eclipse.core.runtime.CoreException: Launch configuration simpleExtentReport references non-existing project myMavenProjects.
	at org.eclipse.jdt.launching.JavaRuntime.abort(JavaRuntime.java:1870)
	at org.eclipse.jdt.launching.JavaRuntime.getJavaProject(JavaRuntime.java:1747)
	at org.eclipse.m2e.jdt.internal.launch.MavenLaunchConfigurationListener.updateLaunchConfiguration(MavenLaunchConfigurationListener.java:66)
	at org.eclipse.m2e.jdt.internal.launch.MavenLaunchConfigurationListener.launchConfigurationChanged(MavenLaunchConfigurationListener.java:52)
	at org.eclipse.debug.internal.core.LaunchManager$ConfigurationNotifier.run(LaunchManager.java:219)
	at org.eclipse.core.runtime.SafeRunner.run(SafeRunner.java:47)
	at org.eclipse.debug.internal.core.LaunchManager$ConfigurationNotifier.notify(LaunchManager.java:203)
	at org.eclipse.debug.internal.core.LaunchConfigurationWorkingCopy.setDirty(LaunchConfigurationWorkingCopy.java:527)
	at org.eclipse.debug.internal.core.LaunchConfigurationWorkingCopy.setAttribute(LaunchConfigurationWorkingCopy.java:415)
	at org.eclipse.m2e.jdt.internal.launch.MavenRuntimeClasspathProvider.disable(MavenRuntimeClasspathProvider.java:410)
	at org.eclipse.m2e.jdt.internal.launch.MavenRuntimeClasspathProvider.disable(MavenRuntimeClasspathProvider.java:435)
	at org.eclipse.m2e.jdt.internal.launch.MavenLaunchConfigurationListener.mavenProjectChanged(MavenLaunchConfigurationListener.java:137)
	at org.eclipse.m2e.core.internal.project.registry.ProjectRegistryManager.notifyProjectChangeListeners(ProjectRegistryManager.java:892)
	at org.eclipse.m2e.core.internal.project.registry.ProjectRegistryManager.applyMutableProjectRegistry(ProjectRegistryManager.java:1042)
	at org.eclipse.m2e.core.internal.project.registry.ProjectRegistryRefreshJob.lambda$0(ProjectRegistryRefreshJob.java:162)
	at org.eclipse.m2e.core.internal.embedder.MavenExecutionContext.executeBare(MavenExecutionContext.java:458)
	at org.eclipse.m2e.core.internal.embedder.MavenExecutionContext.execute(MavenExecutionContext.java:339)
	at org.eclipse.m2e.core.internal.embedder.MavenExecutionContext.execute(MavenExecutionContext.java:278)
	at org.eclipse.m2e.core.internal.project.registry.ProjectRegistryRefreshJob.run(ProjectRegistryRefreshJob.java:106)
	at org.eclipse.core.internal.jobs.Worker.run(Worker.java:63)
2025-09-23 19:51:14,252 [Worker-89: Updating Maven Dependencies] ERROR o.e.m.j.i.l.MavenLaunchConfigurationListener - Launch configuration simpleExtentReport references non-existing project myMavenProjects.
org.eclipse.core.runtime.CoreException: Launch configuration simpleExtentReport references non-existing project myMavenProjects.
	at org.eclipse.jdt.launching.JavaRuntime.abort(JavaRuntime.java:1870)
	at org.eclipse.jdt.launching.JavaRuntime.getJavaProject(JavaRuntime.java:1747)
	at org.eclipse.m2e.jdt.internal.launch.MavenLaunchConfigurationListener.updateLaunchConfiguration(MavenLaunchConfigurationListener.java:66)
	at org.eclipse.m2e.jdt.internal.launch.MavenLaunchConfigurationListener.launchConfigurationChanged(MavenLaunchConfigurationListener.java:52)
	at org.eclipse.debug.internal.core.LaunchManager$ConfigurationNotifier.run(LaunchManager.java:219)
	at org.eclipse.core.runtime.SafeRunner.run(SafeRunner.java:47)
	at org.eclipse.debug.internal.core.LaunchManager$ConfigurationNotifier.notify(LaunchManager.java:203)
	at org.eclipse.debug.internal.core.LaunchManager.launchConfigurationChanged(LaunchManager.java:1960)
	at org.eclipse.debug.internal.core.LaunchConfigurationWorkingCopy.writeNewFile(LaunchConfigurationWorkingCopy.java:380)
	at org.eclipse.debug.internal.core.LaunchConfigurationWorkingCopy.doSave0(LaunchConfigurationWorkingCopy.java:259)
	at org.eclipse.debug.internal.core.LaunchConfigurationWorkingCopy.doSave(LaunchConfigurationWorkingCopy.java:229)
	at org.eclipse.debug.internal.core.LaunchConfigurationWorkingCopy.doSave(LaunchConfigurationWorkingCopy.java:187)
	at org.eclipse.m2e.jdt.internal.launch.MavenRuntimeClasspathProvider.disable(MavenRuntimeClasspathProvider.java:411)
	at org.eclipse.m2e.jdt.internal.launch.MavenRuntimeClasspathProvider.disable(MavenRuntimeClasspathProvider.java:435)
	at org.eclipse.m2e.jdt.internal.launch.MavenLaunchConfigurationListener.mavenProjectChanged(MavenLaunchConfigurationListener.java:137)
	at org.eclipse.m2e.core.internal.project.registry.ProjectRegistryManager.notifyProjectChangeListeners(ProjectRegistryManager.java:892)
	at org.eclipse.m2e.core.internal.project.registry.ProjectRegistryManager.applyMutableProjectRegistry(ProjectRegistryManager.java:1042)
	at org.eclipse.m2e.core.internal.project.registry.ProjectRegistryRefreshJob.lambda$0(ProjectRegistryRefreshJob.java:162)
	at org.eclipse.m2e.core.internal.embedder.MavenExecutionContext.executeBare(MavenExecutionContext.java:458)
	at org.eclipse.m2e.core.internal.embedder.MavenExecutionContext.execute(MavenExecutionContext.java:339)
	at org.eclipse.m2e.core.internal.embedder.MavenExecutionContext.execute(MavenExecutionContext.java:278)
	at org.eclipse.m2e.core.internal.project.registry.ProjectRegistryRefreshJob.run(ProjectRegistryRefreshJob.java:106)
	at org.eclipse.core.internal.jobs.Worker.run(Worker.java:63)
2025-09-23 19:51:14,254 [Worker-89: Updating Maven Dependencies] ERROR o.e.m.j.i.l.MavenLaunchConfigurationListener - Launch configuration ExtentReportWithScreenshots references non-existing project myMavenProjects.
org.eclipse.core.runtime.CoreException: Launch configuration ExtentReportWithScreenshots references non-existing project myMavenProjects.
	at org.eclipse.jdt.launching.JavaRuntime.abort(JavaRuntime.java:1870)
	at org.eclipse.jdt.launching.JavaRuntime.getJavaProject(JavaRuntime.java:1747)
	at org.eclipse.m2e.jdt.internal.launch.MavenLaunchConfigurationListener.updateLaunchConfiguration(MavenLaunchConfigurationListener.java:66)
	at org.eclipse.m2e.jdt.internal.launch.MavenLaunchConfigurationListener.launchConfigurationChanged(MavenLaunchConfigurationListener.java:52)
	at org.eclipse.debug.internal.core.LaunchManager$ConfigurationNotifier.run(LaunchManager.java:219)
	at org.eclipse.core.runtime.SafeRunner.run(SafeRunner.java:47)
	at org.eclipse.debug.internal.core.LaunchManager$ConfigurationNotifier.notify(LaunchManager.java:203)
	at org.eclipse.debug.internal.core.LaunchConfigurationWorkingCopy.setDirty(LaunchConfigurationWorkingCopy.java:527)
	at org.eclipse.debug.internal.core.LaunchConfigurationWorkingCopy.setAttribute(LaunchConfigurationWorkingCopy.java:415)
	at org.eclipse.m2e.jdt.internal.launch.MavenRuntimeClasspathProvider.disable(MavenRuntimeClasspathProvider.java:409)
	at org.eclipse.m2e.jdt.internal.launch.MavenRuntimeClasspathProvider.disable(MavenRuntimeClasspathProvider.java:435)
	at org.eclipse.m2e.jdt.internal.launch.MavenLaunchConfigurationListener.mavenProjectChanged(MavenLaunchConfigurationListener.java:137)
	at org.eclipse.m2e.core.internal.project.registry.ProjectRegistryManager.notifyProjectChangeListeners(ProjectRegistryManager.java:892)
	at org.eclipse.m2e.core.internal.project.registry.ProjectRegistryManager.applyMutableProjectRegistry(ProjectRegistryManager.java:1042)
	at org.eclipse.m2e.core.internal.project.registry.ProjectRegistryRefreshJob.lambda$0(ProjectRegistryRefreshJob.java:162)
	at org.eclipse.m2e.core.internal.embedder.MavenExecutionContext.executeBare(MavenExecutionContext.java:458)
	at org.eclipse.m2e.core.internal.embedder.MavenExecutionContext.execute(MavenExecutionContext.java:339)
	at org.eclipse.m2e.core.internal.embedder.MavenExecutionContext.execute(MavenExecutionContext.java:278)
	at org.eclipse.m2e.core.internal.project.registry.ProjectRegistryRefreshJob.run(ProjectRegistryRefreshJob.java:106)
	at org.eclipse.core.internal.jobs.Worker.run(Worker.java:63)
2025-09-23 19:51:14,259 [Worker-89: Updating Maven Dependencies] ERROR o.e.m.j.i.l.MavenLaunchConfigurationListener - Launch configuration ExtentReportWithScreenshots references non-existing project myMavenProjects.
org.eclipse.core.runtime.CoreException: Launch configuration ExtentReportWithScreenshots references non-existing project myMavenProjects.
	at org.eclipse.jdt.launching.JavaRuntime.abort(JavaRuntime.java:1870)
	at org.eclipse.jdt.launching.JavaRuntime.getJavaProject(JavaRuntime.java:1747)
	at org.eclipse.m2e.jdt.internal.launch.MavenLaunchConfigurationListener.updateLaunchConfiguration(MavenLaunchConfigurationListener.java:66)
	at org.eclipse.m2e.jdt.internal.launch.MavenLaunchConfigurationListener.launchConfigurationChanged(MavenLaunchConfigurationListener.java:52)
	at org.eclipse.debug.internal.core.LaunchManager$ConfigurationNotifier.run(LaunchManager.java:219)
	at org.eclipse.core.runtime.SafeRunner.run(SafeRunner.java:47)
	at org.eclipse.debug.internal.core.LaunchManager$ConfigurationNotifier.notify(LaunchManager.java:203)
	at org.eclipse.debug.internal.core.LaunchConfigurationWorkingCopy.setDirty(LaunchConfigurationWorkingCopy.java:527)
	at org.eclipse.debug.internal.core.LaunchConfigurationWorkingCopy.setAttribute(LaunchConfigurationWorkingCopy.java:415)
	at org.eclipse.m2e.jdt.internal.launch.MavenRuntimeClasspathProvider.disable(MavenRuntimeClasspathProvider.java:410)
	at org.eclipse.m2e.jdt.internal.launch.MavenRuntimeClasspathProvider.disable(MavenRuntimeClasspathProvider.java:435)
	at org.eclipse.m2e.jdt.internal.launch.MavenLaunchConfigurationListener.mavenProjectChanged(MavenLaunchConfigurationListener.java:137)
	at org.eclipse.m2e.core.internal.project.registry.ProjectRegistryManager.notifyProjectChangeListeners(ProjectRegistryManager.java:892)
	at org.eclipse.m2e.core.internal.project.registry.ProjectRegistryManager.applyMutableProjectRegistry(ProjectRegistryManager.java:1042)
	at org.eclipse.m2e.core.internal.project.registry.ProjectRegistryRefreshJob.lambda$0(ProjectRegistryRefreshJob.java:162)
	at org.eclipse.m2e.core.internal.embedder.MavenExecutionContext.executeBare(MavenExecutionContext.java:458)
	at org.eclipse.m2e.core.internal.embedder.MavenExecutionContext.execute(MavenExecutionContext.java:339)
	at org.eclipse.m2e.core.internal.embedder.MavenExecutionContext.execute(MavenExecutionContext.java:278)
	at org.eclipse.m2e.core.internal.project.registry.ProjectRegistryRefreshJob.run(ProjectRegistryRefreshJob.java:106)
	at org.eclipse.core.internal.jobs.Worker.run(Worker.java:63)
2025-09-23 19:51:14,260 [Worker-89: Updating Maven Dependencies] ERROR o.e.m.j.i.l.MavenLaunchConfigurationListener - Launch configuration ExtentReportWithScreenshots references non-existing project myMavenProjects.
org.eclipse.core.runtime.CoreException: Launch configuration ExtentReportWithScreenshots references non-existing project myMavenProjects.
	at org.eclipse.jdt.launching.JavaRuntime.abort(JavaRuntime.java:1870)
	at org.eclipse.jdt.launching.JavaRuntime.getJavaProject(JavaRuntime.java:1747)
	at org.eclipse.m2e.jdt.internal.launch.MavenLaunchConfigurationListener.updateLaunchConfiguration(MavenLaunchConfigurationListener.java:66)
	at org.eclipse.m2e.jdt.internal.launch.MavenLaunchConfigurationListener.launchConfigurationChanged(MavenLaunchConfigurationListener.java:52)
	at org.eclipse.debug.internal.core.LaunchManager$ConfigurationNotifier.run(LaunchManager.java:219)
	at org.eclipse.core.runtime.SafeRunner.run(SafeRunner.java:47)
	at org.eclipse.debug.internal.core.LaunchManager$ConfigurationNotifier.notify(LaunchManager.java:203)
	at org.eclipse.debug.internal.core.LaunchManager.launchConfigurationChanged(LaunchManager.java:1960)
	at org.eclipse.debug.internal.core.LaunchConfigurationWorkingCopy.writeNewFile(LaunchConfigurationWorkingCopy.java:380)
	at org.eclipse.debug.internal.core.LaunchConfigurationWorkingCopy.doSave0(LaunchConfigurationWorkingCopy.java:259)
	at org.eclipse.debug.internal.core.LaunchConfigurationWorkingCopy.doSave(LaunchConfigurationWorkingCopy.java:229)
	at org.eclipse.debug.internal.core.LaunchConfigurationWorkingCopy.doSave(LaunchConfigurationWorkingCopy.java:187)
	at org.eclipse.m2e.jdt.internal.launch.MavenRuntimeClasspathProvider.disable(MavenRuntimeClasspathProvider.java:411)
	at org.eclipse.m2e.jdt.internal.launch.MavenRuntimeClasspathProvider.disable(MavenRuntimeClasspathProvider.java:435)
	at org.eclipse.m2e.jdt.internal.launch.MavenLaunchConfigurationListener.mavenProjectChanged(MavenLaunchConfigurationListener.java:137)
	at org.eclipse.m2e.core.internal.project.registry.ProjectRegistryManager.notifyProjectChangeListeners(ProjectRegistryManager.java:892)
	at org.eclipse.m2e.core.internal.project.registry.ProjectRegistryManager.applyMutableProjectRegistry(ProjectRegistryManager.java:1042)
	at org.eclipse.m2e.core.internal.project.registry.ProjectRegistryRefreshJob.lambda$0(ProjectRegistryRefreshJob.java:162)
	at org.eclipse.m2e.core.internal.embedder.MavenExecutionContext.executeBare(MavenExecutionContext.java:458)
	at org.eclipse.m2e.core.internal.embedder.MavenExecutionContext.execute(MavenExecutionContext.java:339)
	at org.eclipse.m2e.core.internal.embedder.MavenExecutionContext.execute(MavenExecutionContext.java:278)
	at org.eclipse.m2e.core.internal.project.registry.ProjectRegistryRefreshJob.run(ProjectRegistryRefreshJob.java:106)
	at org.eclipse.core.internal.jobs.Worker.run(Worker.java:63)
2025-09-23 20:07:30,809 [Worker-7: Loading available Gradle versions] INFO  o.e.b.c.i.u.g.PublishedGradleVersions - Gradle version information cache is out-of-date. Trying to update.
2025-09-23 20:55:04,440 [Worker-44: Creating project "mymavenproject"] INFO  o.e.m.c.i.l.LifecycleMappingFactory - Using org.eclipse.m2e.jdt.JarLifecycleMapping lifecycle mapping for MavenProject: mymavenproject:mymavenproject:0.0.1-SNAPSHOT @ /Volumes/Renuka/Professional Stuff (Restricted)/Session_material/Session_WorkSpaces/Automation_SA2506029/SA250629_WebDriver/mymavenproject/pom.xml.
2025-09-23 20:55:05,024 [Worker-44: Creating project "mymavenproject"] INFO  o.e.m.j.i.AbstractJavaProjectConfigurator - Adding source folder /mymavenproject/src/main/java
2025-09-23 20:55:05,026 [Worker-44: Creating project "mymavenproject"] INFO  o.e.m.j.i.AbstractJavaProjectConfigurator - Adding resource folder /mymavenproject/src/main/resources
2025-09-23 20:55:05,026 [Worker-44: Creating project "mymavenproject"] INFO  o.e.m.j.i.AbstractJavaProjectConfigurator - Adding source folder /mymavenproject/src/test/java
2025-09-23 20:55:05,026 [Worker-44: Creating project "mymavenproject"] INFO  o.e.m.j.i.AbstractJavaProjectConfigurator - Adding resource folder /mymavenproject/src/test/resources
2025-09-23 20:55:06,639 [Worker-48: Building] WARN  o.a.m.s.f.DefaultMavenResourcesFiltering - Using platform encoding (UTF-8 actually) to copy filtered resources, i.e. build is platform dependent!
2025-09-23 20:55:06,645 [Worker-48: Building] INFO  o.a.m.s.f.DefaultMavenResourcesFiltering - Copying 0 resource from src/main/resources to target/classes
2025-09-23 20:55:06,655 [Worker-48: Building] WARN  o.a.m.s.f.DefaultMavenResourcesFiltering - Using platform encoding (UTF-8 actually) to copy filtered resources, i.e. build is platform dependent!
2025-09-23 20:55:06,656 [Worker-48: Building] INFO  o.a.m.s.f.DefaultMavenResourcesFiltering - Copying 0 resource from src/test/resources to target/test-classes
2025-09-23 21:03:31,768 [Worker-50: Building] INFO  o.e.m.c.i.l.LifecycleMappingFactory - Using org.eclipse.m2e.jdt.JarLifecycleMapping lifecycle mapping for MavenProject: mymavenproject:mymavenproject:0.0.1-SNAPSHOT @ /Volumes/Renuka/Professional Stuff (Restricted)/Session_material/Session_WorkSpaces/Automation_SA2506029/SA250629_WebDriver/mymavenproject/pom.xml.
2025-09-23 21:03:32,108 [Worker-50: Building] INFO  o.e.m.c.i.e.AbstractTransferListenerAdapter - Downloading https://repo.maven.apache.org/maven2/org/seleniumhq/selenium/selenium-java/4.34.0/selenium-java-4.34.0.pom
2025-09-23 21:03:32,118 [Worker-50: Building] INFO  o.e.m.c.i.e.AbstractTransferListenerAdapter - Downloaded https://repo.maven.apache.org/maven2/org/seleniumhq/selenium/selenium-java/4.34.0/selenium-java-4.34.0.pom
2025-09-23 21:03:32,182 [Worker-50: Building] INFO  o.e.m.c.i.e.AbstractTransferListenerAdapter - Downloading https://repo.maven.apache.org/maven2/org/seleniumhq/selenium/selenium-chrome-driver/4.34.0/selenium-chrome-driver-4.34.0.pom
2025-09-23 21:03:32,186 [Worker-50: Building] INFO  o.e.m.c.i.e.AbstractTransferListenerAdapter - Downloaded https://repo.maven.apache.org/maven2/org/seleniumhq/selenium/selenium-chrome-driver/4.34.0/selenium-chrome-driver-4.34.0.pom
2025-09-23 21:03:32,240 [Worker-50: Building] INFO  o.e.m.c.i.e.AbstractTransferListenerAdapter - Downloading https://repo.maven.apache.org/maven2/org/seleniumhq/selenium/selenium-chromium-driver/4.34.0/selenium-chromium-driver-4.34.0.pom
2025-09-23 21:03:32,244 [Worker-50: Building] INFO  o.e.m.c.i.e.AbstractTransferListenerAdapter - Downloaded https://repo.maven.apache.org/maven2/org/seleniumhq/selenium/selenium-chromium-driver/4.34.0/selenium-chromium-driver-4.34.0.pom
2025-09-23 21:03:32,438 [Worker-50: Building] INFO  o.e.m.c.i.e.AbstractTransferListenerAdapter - Downloading https://repo.maven.apache.org/maven2/org/seleniumhq/selenium/selenium-devtools-v136/4.34.0/selenium-devtools-v136-4.34.0.pom
2025-09-23 21:03:32,442 [Worker-50: Building] INFO  o.e.m.c.i.e.AbstractTransferListenerAdapter - Downloaded https://repo.maven.apache.org/maven2/org/seleniumhq/selenium/selenium-devtools-v136/4.34.0/selenium-devtools-v136-4.34.0.pom
2025-09-23 21:03:32,493 [Worker-50: Building] INFO  o.e.m.c.i.e.AbstractTransferListenerAdapter - Downloading https://repo.maven.apache.org/maven2/org/seleniumhq/selenium/selenium-devtools-v137/4.34.0/selenium-devtools-v137-4.34.0.pom
2025-09-23 21:03:32,496 [Worker-50: Building] INFO  o.e.m.c.i.e.AbstractTransferListenerAdapter - Downloaded https://repo.maven.apache.org/maven2/org/seleniumhq/selenium/selenium-devtools-v137/4.34.0/selenium-devtools-v137-4.34.0.pom
2025-09-23 21:03:32,550 [Worker-50: Building] INFO  o.e.m.c.i.e.AbstractTransferListenerAdapter - Downloading https://repo.maven.apache.org/maven2/org/seleniumhq/selenium/selenium-devtools-v138/4.34.0/selenium-devtools-v138-4.34.0.pom
2025-09-23 21:03:32,605 [Worker-50: Building] INFO  o.e.m.c.i.e.AbstractTransferListenerAdapter - Downloaded https://repo.maven.apache.org/maven2/org/seleniumhq/selenium/selenium-devtools-v138/4.34.0/selenium-devtools-v138-4.34.0.pom
2025-09-23 21:03:32,662 [Worker-50: Building] INFO  o.e.m.c.i.e.AbstractTransferListenerAdapter - Downloading https://repo.maven.apache.org/maven2/org/seleniumhq/selenium/selenium-edge-driver/4.34.0/selenium-edge-driver-4.34.0.pom
2025-09-23 21:03:32,668 [Worker-50: Building] INFO  o.e.m.c.i.e.AbstractTransferListenerAdapter - Downloaded https://repo.maven.apache.org/maven2/org/seleniumhq/selenium/selenium-edge-driver/4.34.0/selenium-edge-driver-4.34.0.pom
2025-09-23 21:03:32,722 [Worker-50: Building] INFO  o.e.m.c.i.e.AbstractTransferListenerAdapter - Downloading https://repo.maven.apache.org/maven2/org/seleniumhq/selenium/selenium-firefox-driver/4.34.0/selenium-firefox-driver-4.34.0.pom
2025-09-23 21:03:32,726 [Worker-50: Building] INFO  o.e.m.c.i.e.AbstractTransferListenerAdapter - Downloaded https://repo.maven.apache.org/maven2/org/seleniumhq/selenium/selenium-firefox-driver/4.34.0/selenium-firefox-driver-4.34.0.pom
2025-09-23 21:03:32,783 [Worker-50: Building] INFO  o.e.m.c.i.e.AbstractTransferListenerAdapter - Downloading https://repo.maven.apache.org/maven2/org/seleniumhq/selenium/selenium-ie-driver/4.34.0/selenium-ie-driver-4.34.0.pom
2025-09-23 21:03:32,786 [Worker-50: Building] INFO  o.e.m.c.i.e.AbstractTransferListenerAdapter - Downloaded https://repo.maven.apache.org/maven2/org/seleniumhq/selenium/selenium-ie-driver/4.34.0/selenium-ie-driver-4.34.0.pom
2025-09-23 21:03:32,848 [Worker-50: Building] INFO  o.e.m.c.i.e.AbstractTransferListenerAdapter - Downloading https://repo.maven.apache.org/maven2/org/seleniumhq/selenium/selenium-safari-driver/4.34.0/selenium-safari-driver-4.34.0.pom
2025-09-23 21:03:32,903 [Worker-50: Building] INFO  o.e.m.c.i.e.AbstractTransferListenerAdapter - Downloaded https://repo.maven.apache.org/maven2/org/seleniumhq/selenium/selenium-safari-driver/4.34.0/selenium-safari-driver-4.34.0.pom
2025-09-23 21:03:33,008 [Worker-50: Building] INFO  o.e.m.c.i.e.AbstractTransferListenerAdapter - Downloading https://repo.maven.apache.org/maven2/org/seleniumhq/selenium/selenium-java/4.34.0/selenium-java-4.34.0.jar
2025-09-23 21:03:33,011 [Worker-50: Building] INFO  o.e.m.c.i.e.AbstractTransferListenerAdapter - Downloaded https://repo.maven.apache.org/maven2/org/seleniumhq/selenium/selenium-java/4.34.0/selenium-java-4.34.0.jar
2025-09-23 21:03:33,065 [BasicRepositoryConnector-repo.maven.apache.org-0-2] INFO  o.e.m.c.i.e.AbstractTransferListenerAdapter - Downloading https://repo.maven.apache.org/maven2/org/seleniumhq/selenium/selenium-devtools-v136/4.34.0/selenium-devtools-v136-4.34.0.jar
2025-09-23 21:03:33,181 [BasicRepositoryConnector-repo.maven.apache.org-0-0] INFO  o.e.m.c.i.e.AbstractTransferListenerAdapter - Downloading https://repo.maven.apache.org/maven2/org/seleniumhq/selenium/selenium-chrome-driver/4.34.0/selenium-chrome-driver-4.34.0.jar
2025-09-23 21:03:33,185 [BasicRepositoryConnector-repo.maven.apache.org-0-0] INFO  o.e.m.c.i.e.AbstractTransferListenerAdapter - Downloaded https://repo.maven.apache.org/maven2/org/seleniumhq/selenium/selenium-chrome-driver/4.34.0/selenium-chrome-driver-4.34.0.jar
2025-09-23 21:03:33,189 [BasicRepositoryConnector-repo.maven.apache.org-0-4] INFO  o.e.m.c.i.e.AbstractTransferListenerAdapter - Downloading https://repo.maven.apache.org/maven2/org/seleniumhq/selenium/selenium-devtools-v138/4.34.0/selenium-devtools-v138-4.34.0.jar
2025-09-23 21:03:33,190 [BasicRepositoryConnector-repo.maven.apache.org-0-1] INFO  o.e.m.c.i.e.AbstractTransferListenerAdapter - Downloading https://repo.maven.apache.org/maven2/org/seleniumhq/selenium/selenium-chromium-driver/4.34.0/selenium-chromium-driver-4.34.0.jar
2025-09-23 21:03:33,203 [BasicRepositoryConnector-repo.maven.apache.org-0-1] INFO  o.e.m.c.i.e.AbstractTransferListenerAdapter - Downloaded https://repo.maven.apache.org/maven2/org/seleniumhq/selenium/selenium-chromium-driver/4.34.0/selenium-chromium-driver-4.34.0.jar
2025-09-23 21:03:33,233 [BasicRepositoryConnector-repo.maven.apache.org-0-0] INFO  o.e.m.c.i.e.AbstractTransferListenerAdapter - Downloading https://repo.maven.apache.org/maven2/org/seleniumhq/selenium/selenium-edge-driver/4.34.0/selenium-edge-driver-4.34.0.jar
2025-09-23 21:03:33,247 [BasicRepositoryConnector-repo.maven.apache.org-0-0] INFO  o.e.m.c.i.e.AbstractTransferListenerAdapter - Downloaded https://repo.maven.apache.org/maven2/org/seleniumhq/selenium/selenium-edge-driver/4.34.0/selenium-edge-driver-4.34.0.jar
2025-09-23 21:03:33,254 [BasicRepositoryConnector-repo.maven.apache.org-0-1] INFO  o.e.m.c.i.e.AbstractTransferListenerAdapter - Downloading https://repo.maven.apache.org/maven2/org/seleniumhq/selenium/selenium-firefox-driver/4.34.0/selenium-firefox-driver-4.34.0.jar
2025-09-23 21:03:33,291 [BasicRepositoryConnector-repo.maven.apache.org-0-0] INFO  o.e.m.c.i.e.AbstractTransferListenerAdapter - Downloading https://repo.maven.apache.org/maven2/org/seleniumhq/selenium/selenium-ie-driver/4.34.0/selenium-ie-driver-4.34.0.jar
2025-09-23 21:03:33,301 [BasicRepositoryConnector-repo.maven.apache.org-0-0] INFO  o.e.m.c.i.e.AbstractTransferListenerAdapter - Downloaded https://repo.maven.apache.org/maven2/org/seleniumhq/selenium/selenium-ie-driver/4.34.0/selenium-ie-driver-4.34.0.jar
2025-09-23 21:03:33,324 [BasicRepositoryConnector-repo.maven.apache.org-0-1] INFO  o.e.m.c.i.e.AbstractTransferListenerAdapter - Downloaded https://repo.maven.apache.org/maven2/org/seleniumhq/selenium/selenium-firefox-driver/4.34.0/selenium-firefox-driver-4.34.0.jar
2025-09-23 21:03:33,350 [BasicRepositoryConnector-repo.maven.apache.org-0-0] INFO  o.e.m.c.i.e.AbstractTransferListenerAdapter - Downloading https://repo.maven.apache.org/maven2/org/seleniumhq/selenium/selenium-safari-driver/4.34.0/selenium-safari-driver-4.34.0.jar
2025-09-23 21:03:33,364 [BasicRepositoryConnector-repo.maven.apache.org-0-0] INFO  o.e.m.c.i.e.AbstractTransferListenerAdapter - Downloaded https://repo.maven.apache.org/maven2/org/seleniumhq/selenium/selenium-safari-driver/4.34.0/selenium-safari-driver-4.34.0.jar
2025-09-23 21:03:34,174 [BasicRepositoryConnector-repo.maven.apache.org-0-3] INFO  o.e.m.c.i.e.AbstractTransferListenerAdapter - Downloading https://repo.maven.apache.org/maven2/org/seleniumhq/selenium/selenium-devtools-v137/4.34.0/selenium-devtools-v137-4.34.0.jar
2025-09-23 21:03:36,592 [BasicRepositoryConnector-repo.maven.apache.org-0-3] INFO  o.e.m.c.i.e.AbstractTransferListenerAdapter - Downloaded https://repo.maven.apache.org/maven2/org/seleniumhq/selenium/selenium-devtools-v137/4.34.0/selenium-devtools-v137-4.34.0.jar
2025-09-23 21:03:41,412 [BasicRepositoryConnector-repo.maven.apache.org-0-4] INFO  o.e.m.c.i.e.AbstractTransferListenerAdapter - Downloaded https://repo.maven.apache.org/maven2/org/seleniumhq/selenium/selenium-devtools-v138/4.34.0/selenium-devtools-v138-4.34.0.jar
2025-09-23 21:03:42,536 [BasicRepositoryConnector-repo.maven.apache.org-0-2] INFO  o.e.m.c.i.e.AbstractTransferListenerAdapter - Downloaded https://repo.maven.apache.org/maven2/org/seleniumhq/selenium/selenium-devtools-v136/4.34.0/selenium-devtools-v136-4.34.0.jar
2025-09-23 21:03:42,920 [Worker-50: Building] WARN  o.a.m.s.f.DefaultMavenResourcesFiltering - Using platform encoding (UTF-8 actually) to copy filtered resources, i.e. build is platform dependent!
2025-09-23 21:03:42,924 [Worker-50: Building] INFO  o.a.m.s.f.DefaultMavenResourcesFiltering - Copying 0 resource from src/main/resources to target/classes
2025-09-23 21:03:42,934 [Worker-50: Building] WARN  o.a.m.s.f.DefaultMavenResourcesFiltering - Using platform encoding (UTF-8 actually) to copy filtered resources, i.e. build is platform dependent!
2025-09-23 21:03:42,935 [Worker-50: Building] INFO  o.a.m.s.f.DefaultMavenResourcesFiltering - Copying 0 resource from src/test/resources to target/test-classes
2025-09-23 21:03:45,233 [Worker-54: Download sources and javadoc] INFO  o.e.m.c.i.e.AbstractTransferListenerAdapter - Downloading https://repo.maven.apache.org/maven2/org/seleniumhq/selenium/selenium-java/4.34.0/selenium-java-4.34.0-sources.jar
2025-09-23 21:03:45,246 [Worker-54: Download sources and javadoc] INFO  o.e.m.c.i.e.AbstractTransferListenerAdapter - Downloaded https://repo.maven.apache.org/maven2/org/seleniumhq/selenium/selenium-java/4.34.0/selenium-java-4.34.0-sources.jar
2025-09-23 21:03:45,274 [Worker-54: Download sources and javadoc] INFO  o.e.m.j.internal.DownloadSourcesJob - Downloaded sources for org.seleniumhq.selenium:selenium-java:4.34.0
2025-09-23 21:03:45,430 [Worker-54: Download sources and javadoc] INFO  o.e.m.c.i.e.AbstractTransferListenerAdapter - Downloading https://repo.maven.apache.org/maven2/org/seleniumhq/selenium/selenium-api/4.34.0/selenium-api-4.34.0-sources.jar
2025-09-23 21:03:45,638 [Worker-55: Building] WARN  o.a.m.s.f.DefaultMavenResourcesFiltering - Using platform encoding (UTF-8 actually) to copy filtered resources, i.e. build is platform dependent!
2025-09-23 21:03:45,647 [Worker-55: Building] INFO  o.a.m.s.f.DefaultMavenResourcesFiltering - Copying 0 resource from src/main/resources to target/classes
2025-09-23 21:03:45,653 [Worker-55: Building] WARN  o.a.m.s.f.DefaultMavenResourcesFiltering - Using platform encoding (UTF-8 actually) to copy filtered resources, i.e. build is platform dependent!
2025-09-23 21:03:45,656 [Worker-55: Building] INFO  o.a.m.s.f.DefaultMavenResourcesFiltering - Copying 0 resource from src/test/resources to target/test-classes
2025-09-23 21:03:45,962 [Worker-54: Download sources and javadoc] INFO  o.e.m.c.i.e.AbstractTransferListenerAdapter - Downloaded https://repo.maven.apache.org/maven2/org/seleniumhq/selenium/selenium-api/4.34.0/selenium-api-4.34.0-sources.jar
2025-09-23 21:03:45,966 [Worker-54: Download sources and javadoc] INFO  o.e.m.j.internal.DownloadSourcesJob - Downloaded sources for org.seleniumhq.selenium:selenium-api:4.34.0
2025-09-23 21:03:46,366 [Worker-54: Download sources and javadoc] INFO  o.e.m.c.i.e.AbstractTransferListenerAdapter - Downloading https://repo.maven.apache.org/maven2/org/seleniumhq/selenium/selenium-chrome-driver/4.34.0/selenium-chrome-driver-4.34.0-sources.jar
2025-09-23 21:03:46,369 [Worker-54: Download sources and javadoc] INFO  o.e.m.c.i.e.AbstractTransferListenerAdapter - Downloaded https://repo.maven.apache.org/maven2/org/seleniumhq/selenium/selenium-chrome-driver/4.34.0/selenium-chrome-driver-4.34.0-sources.jar
2025-09-23 21:03:46,372 [Worker-54: Download sources and javadoc] INFO  o.e.m.j.internal.DownloadSourcesJob - Downloaded sources for org.seleniumhq.selenium:selenium-chrome-driver:4.34.0
2025-09-23 21:03:47,575 [Worker-54: Download sources and javadoc] INFO  o.e.m.c.i.e.AbstractTransferListenerAdapter - Downloading https://repo.maven.apache.org/maven2/org/seleniumhq/selenium/selenium-chromium-driver/4.34.0/selenium-chromium-driver-4.34.0-sources.jar
2025-09-23 21:03:47,585 [Worker-54: Download sources and javadoc] INFO  o.e.m.c.i.e.AbstractTransferListenerAdapter - Downloaded https://repo.maven.apache.org/maven2/org/seleniumhq/selenium/selenium-chromium-driver/4.34.0/selenium-chromium-driver-4.34.0-sources.jar
2025-09-23 21:03:47,594 [Worker-54: Download sources and javadoc] INFO  o.e.m.j.internal.DownloadSourcesJob - Downloaded sources for org.seleniumhq.selenium:selenium-chromium-driver:4.34.0
2025-09-23 21:03:48,028 [Worker-54: Download sources and javadoc] INFO  o.e.m.c.i.e.AbstractTransferListenerAdapter - Downloading https://repo.maven.apache.org/maven2/org/seleniumhq/selenium/selenium-json/4.34.0/selenium-json-4.34.0-sources.jar
2025-09-23 21:03:48,090 [Worker-54: Download sources and javadoc] INFO  o.e.m.c.i.e.AbstractTransferListenerAdapter - Downloaded https://repo.maven.apache.org/maven2/org/seleniumhq/selenium/selenium-json/4.34.0/selenium-json-4.34.0-sources.jar
2025-09-23 21:03:48,096 [Worker-54: Download sources and javadoc] INFO  o.e.m.j.internal.DownloadSourcesJob - Downloaded sources for org.seleniumhq.selenium:selenium-json:4.34.0
2025-09-23 21:03:48,256 [Worker-54: Download sources and javadoc] INFO  o.e.m.c.i.e.AbstractTransferListenerAdapter - Downloading https://repo.maven.apache.org/maven2/org/seleniumhq/selenium/selenium-manager/4.34.0/selenium-manager-4.34.0-sources.jar
2025-09-23 21:03:48,266 [Worker-54: Download sources and javadoc] INFO  o.e.m.c.i.e.AbstractTransferListenerAdapter - Downloaded https://repo.maven.apache.org/maven2/org/seleniumhq/selenium/selenium-manager/4.34.0/selenium-manager-4.34.0-sources.jar
2025-09-23 21:03:48,272 [Worker-54: Download sources and javadoc] INFO  o.e.m.j.internal.DownloadSourcesJob - Downloaded sources for org.seleniumhq.selenium:selenium-manager:4.34.0
2025-09-23 21:03:48,428 [Worker-54: Download sources and javadoc] INFO  o.e.m.c.i.e.AbstractTransferListenerAdapter - Downloading https://repo.maven.apache.org/maven2/org/seleniumhq/selenium/selenium-devtools-v136/4.34.0/selenium-devtools-v136-4.34.0-sources.jar
2025-09-23 21:03:51,658 [Worker-54: Download sources and javadoc] INFO  o.e.m.c.i.e.AbstractTransferListenerAdapter - Downloaded https://repo.maven.apache.org/maven2/org/seleniumhq/selenium/selenium-devtools-v136/4.34.0/selenium-devtools-v136-4.34.0-sources.jar
2025-09-23 21:03:51,664 [Worker-54: Download sources and javadoc] INFO  o.e.m.j.internal.DownloadSourcesJob - Downloaded sources for org.seleniumhq.selenium:selenium-devtools-v136:4.34.0
2025-09-23 21:03:51,855 [Worker-54: Download sources and javadoc] INFO  o.e.m.c.i.e.AbstractTransferListenerAdapter - Downloading https://repo.maven.apache.org/maven2/org/seleniumhq/selenium/selenium-devtools-v137/4.34.0/selenium-devtools-v137-4.34.0-sources.jar
2025-09-23 21:03:57,269 [Worker-54: Download sources and javadoc] INFO  o.e.m.c.i.e.AbstractTransferListenerAdapter - Downloaded https://repo.maven.apache.org/maven2/org/seleniumhq/selenium/selenium-devtools-v137/4.34.0/selenium-devtools-v137-4.34.0-sources.jar
2025-09-23 21:03:57,284 [Worker-54: Download sources and javadoc] INFO  o.e.m.j.internal.DownloadSourcesJob - Downloaded sources for org.seleniumhq.selenium:selenium-devtools-v137:4.34.0
2025-09-23 21:03:57,495 [Worker-54: Download sources and javadoc] INFO  o.e.m.c.i.e.AbstractTransferListenerAdapter - Downloading https://repo.maven.apache.org/maven2/org/seleniumhq/selenium/selenium-devtools-v138/4.34.0/selenium-devtools-v138-4.34.0-sources.jar
2025-09-23 21:04:02,976 [Worker-54: Download sources and javadoc] INFO  o.e.m.c.i.e.AbstractTransferListenerAdapter - Downloaded https://repo.maven.apache.org/maven2/org/seleniumhq/selenium/selenium-devtools-v138/4.34.0/selenium-devtools-v138-4.34.0-sources.jar
2025-09-23 21:04:03,267 [Worker-54: Download sources and javadoc] INFO  o.e.m.j.internal.DownloadSourcesJob - Downloaded sources for org.seleniumhq.selenium:selenium-devtools-v138:4.34.0
2025-09-23 21:04:03,859 [Worker-54: Download sources and javadoc] INFO  o.e.m.c.i.e.AbstractTransferListenerAdapter - Downloading https://repo.maven.apache.org/maven2/org/seleniumhq/selenium/selenium-edge-driver/4.34.0/selenium-edge-driver-4.34.0-sources.jar
2025-09-23 21:04:03,951 [Worker-54: Download sources and javadoc] INFO  o.e.m.c.i.e.AbstractTransferListenerAdapter - Downloaded https://repo.maven.apache.org/maven2/org/seleniumhq/selenium/selenium-edge-driver/4.34.0/selenium-edge-driver-4.34.0-sources.jar
2025-09-23 21:04:04,132 [Worker-54: Download sources and javadoc] INFO  o.e.m.j.internal.DownloadSourcesJob - Downloaded sources for org.seleniumhq.selenium:selenium-edge-driver:4.34.0
2025-09-23 21:04:04,564 [Worker-54: Download sources and javadoc] INFO  o.e.m.c.i.e.AbstractTransferListenerAdapter - Downloading https://repo.maven.apache.org/maven2/org/seleniumhq/selenium/selenium-firefox-driver/4.34.0/selenium-firefox-driver-4.34.0-sources.jar
2025-09-23 21:04:04,588 [Worker-54: Download sources and javadoc] INFO  o.e.m.c.i.e.AbstractTransferListenerAdapter - Downloaded https://repo.maven.apache.org/maven2/org/seleniumhq/selenium/selenium-firefox-driver/4.34.0/selenium-firefox-driver-4.34.0-sources.jar
2025-09-23 21:04:04,594 [Worker-54: Download sources and javadoc] INFO  o.e.m.j.internal.DownloadSourcesJob - Downloaded sources for org.seleniumhq.selenium:selenium-firefox-driver:4.34.0
2025-09-23 21:04:04,758 [Worker-54: Download sources and javadoc] INFO  o.e.m.c.i.e.AbstractTransferListenerAdapter - Downloading https://repo.maven.apache.org/maven2/org/seleniumhq/selenium/selenium-http/4.34.0/selenium-http-4.34.0-sources.jar
2025-09-23 21:04:04,801 [Worker-54: Download sources and javadoc] INFO  o.e.m.c.i.e.AbstractTransferListenerAdapter - Downloaded https://repo.maven.apache.org/maven2/org/seleniumhq/selenium/selenium-http/4.34.0/selenium-http-4.34.0-sources.jar
2025-09-23 21:04:04,805 [Worker-54: Download sources and javadoc] INFO  o.e.m.j.internal.DownloadSourcesJob - Downloaded sources for org.seleniumhq.selenium:selenium-http:4.34.0
2025-09-23 21:04:04,951 [Worker-54: Download sources and javadoc] INFO  o.e.m.c.i.e.AbstractTransferListenerAdapter - Downloading https://repo.maven.apache.org/maven2/org/seleniumhq/selenium/selenium-ie-driver/4.34.0/selenium-ie-driver-4.34.0-sources.jar
2025-09-23 21:04:04,953 [Worker-54: Download sources and javadoc] INFO  o.e.m.c.i.e.AbstractTransferListenerAdapter - Downloaded https://repo.maven.apache.org/maven2/org/seleniumhq/selenium/selenium-ie-driver/4.34.0/selenium-ie-driver-4.34.0-sources.jar
2025-09-23 21:04:04,955 [Worker-54: Download sources and javadoc] INFO  o.e.m.j.internal.DownloadSourcesJob - Downloaded sources for org.seleniumhq.selenium:selenium-ie-driver:4.34.0
2025-09-23 21:04:05,094 [Worker-54: Download sources and javadoc] INFO  o.e.m.c.i.e.AbstractTransferListenerAdapter - Downloading https://repo.maven.apache.org/maven2/org/seleniumhq/selenium/selenium-remote-driver/4.34.0/selenium-remote-driver-4.34.0-sources.jar
2025-09-23 21:04:05,272 [Worker-54: Download sources and javadoc] INFO  o.e.m.c.i.e.AbstractTransferListenerAdapter - Downloaded https://repo.maven.apache.org/maven2/org/seleniumhq/selenium/selenium-remote-driver/4.34.0/selenium-remote-driver-4.34.0-sources.jar
2025-09-23 21:04:05,273 [Worker-54: Download sources and javadoc] INFO  o.e.m.j.internal.DownloadSourcesJob - Downloaded sources for org.seleniumhq.selenium:selenium-remote-driver:4.34.0
2025-09-23 21:04:05,420 [Worker-54: Download sources and javadoc] INFO  o.e.m.c.i.e.AbstractTransferListenerAdapter - Downloading https://repo.maven.apache.org/maven2/io/opentelemetry/opentelemetry-api/1.51.0/opentelemetry-api-1.51.0-sources.jar
2025-09-23 21:04:05,515 [Worker-54: Download sources and javadoc] INFO  o.e.m.c.i.e.AbstractTransferListenerAdapter - Downloaded https://repo.maven.apache.org/maven2/io/opentelemetry/opentelemetry-api/1.51.0/opentelemetry-api-1.51.0-sources.jar
2025-09-23 21:04:05,523 [Worker-54: Download sources and javadoc] INFO  o.e.m.j.internal.DownloadSourcesJob - Downloaded sources for io.opentelemetry:opentelemetry-api:1.51.0
2025-09-23 21:04:05,669 [Worker-54: Download sources and javadoc] INFO  o.e.m.c.i.e.AbstractTransferListenerAdapter - Downloading https://repo.maven.apache.org/maven2/io/opentelemetry/opentelemetry-context/1.51.0/opentelemetry-context-1.51.0-sources.jar
2025-09-23 21:04:05,712 [Worker-54: Download sources and javadoc] INFO  o.e.m.c.i.e.AbstractTransferListenerAdapter - Downloaded https://repo.maven.apache.org/maven2/io/opentelemetry/opentelemetry-context/1.51.0/opentelemetry-context-1.51.0-sources.jar
2025-09-23 21:04:05,715 [Worker-54: Download sources and javadoc] INFO  o.e.m.j.internal.DownloadSourcesJob - Downloaded sources for io.opentelemetry:opentelemetry-context:1.51.0
2025-09-23 21:04:05,855 [Worker-54: Download sources and javadoc] INFO  o.e.m.c.i.e.AbstractTransferListenerAdapter - Downloading https://repo.maven.apache.org/maven2/io/opentelemetry/opentelemetry-exporter-logging/1.51.0/opentelemetry-exporter-logging-1.51.0-sources.jar
2025-09-23 21:04:05,857 [Worker-54: Download sources and javadoc] INFO  o.e.m.c.i.e.AbstractTransferListenerAdapter - Downloaded https://repo.maven.apache.org/maven2/io/opentelemetry/opentelemetry-exporter-logging/1.51.0/opentelemetry-exporter-logging-1.51.0-sources.jar
2025-09-23 21:04:05,861 [Worker-54: Download sources and javadoc] INFO  o.e.m.j.internal.DownloadSourcesJob - Downloaded sources for io.opentelemetry:opentelemetry-exporter-logging:1.51.0
2025-09-23 21:04:06,046 [Worker-54: Download sources and javadoc] INFO  o.e.m.c.i.e.AbstractTransferListenerAdapter - Downloading https://repo.maven.apache.org/maven2/io/opentelemetry/opentelemetry-sdk-common/1.51.0/opentelemetry-sdk-common-1.51.0-sources.jar
2025-09-23 21:04:06,050 [Worker-54: Download sources and javadoc] INFO  o.e.m.c.i.e.AbstractTransferListenerAdapter - Downloaded https://repo.maven.apache.org/maven2/io/opentelemetry/opentelemetry-sdk-common/1.51.0/opentelemetry-sdk-common-1.51.0-sources.jar
2025-09-23 21:04:06,053 [Worker-54: Download sources and javadoc] INFO  o.e.m.j.internal.DownloadSourcesJob - Downloaded sources for io.opentelemetry:opentelemetry-sdk-common:1.51.0
2025-09-23 21:04:06,199 [Worker-54: Download sources and javadoc] INFO  o.e.m.c.i.e.AbstractTransferListenerAdapter - Downloading https://repo.maven.apache.org/maven2/io/opentelemetry/opentelemetry-sdk-extension-autoconfigure-spi/1.51.0/opentelemetry-sdk-extension-autoconfigure-spi-1.51.0-sources.jar
2025-09-23 21:04:06,206 [Worker-54: Download sources and javadoc] INFO  o.e.m.c.i.e.AbstractTransferListenerAdapter - Downloaded https://repo.maven.apache.org/maven2/io/opentelemetry/opentelemetry-sdk-extension-autoconfigure-spi/1.51.0/opentelemetry-sdk-extension-autoconfigure-spi-1.51.0-sources.jar
2025-09-23 21:04:06,209 [Worker-54: Download sources and javadoc] INFO  o.e.m.j.internal.DownloadSourcesJob - Downloaded sources for io.opentelemetry:opentelemetry-sdk-extension-autoconfigure-spi:1.51.0
2025-09-23 21:04:06,393 [Worker-54: Download sources and javadoc] INFO  o.e.m.c.i.e.AbstractTransferListenerAdapter - Downloading https://repo.maven.apache.org/maven2/io/opentelemetry/opentelemetry-sdk-extension-autoconfigure/1.51.0/opentelemetry-sdk-extension-autoconfigure-1.51.0-sources.jar
2025-09-23 21:04:06,402 [Worker-54: Download sources and javadoc] INFO  o.e.m.c.i.e.AbstractTransferListenerAdapter - Downloaded https://repo.maven.apache.org/maven2/io/opentelemetry/opentelemetry-sdk-extension-autoconfigure/1.51.0/opentelemetry-sdk-extension-autoconfigure-1.51.0-sources.jar
2025-09-23 21:04:06,405 [Worker-54: Download sources and javadoc] INFO  o.e.m.j.internal.DownloadSourcesJob - Downloaded sources for io.opentelemetry:opentelemetry-sdk-extension-autoconfigure:1.51.0
2025-09-23 21:04:06,551 [Worker-54: Download sources and javadoc] INFO  o.e.m.c.i.e.AbstractTransferListenerAdapter - Downloading https://repo.maven.apache.org/maven2/io/opentelemetry/opentelemetry-sdk-trace/1.51.0/opentelemetry-sdk-trace-1.51.0-sources.jar
2025-09-23 21:04:06,616 [Worker-54: Download sources and javadoc] INFO  o.e.m.c.i.e.AbstractTransferListenerAdapter - Downloaded https://repo.maven.apache.org/maven2/io/opentelemetry/opentelemetry-sdk-trace/1.51.0/opentelemetry-sdk-trace-1.51.0-sources.jar
2025-09-23 21:04:06,619 [Worker-54: Download sources and javadoc] INFO  o.e.m.j.internal.DownloadSourcesJob - Downloaded sources for io.opentelemetry:opentelemetry-sdk-trace:1.51.0
2025-09-23 21:04:06,765 [Worker-54: Download sources and javadoc] INFO  o.e.m.c.i.e.AbstractTransferListenerAdapter - Downloading https://repo.maven.apache.org/maven2/io/opentelemetry/opentelemetry-sdk/1.51.0/opentelemetry-sdk-1.51.0-sources.jar
2025-09-23 21:04:06,768 [Worker-54: Download sources and javadoc] INFO  o.e.m.c.i.e.AbstractTransferListenerAdapter - Downloaded https://repo.maven.apache.org/maven2/io/opentelemetry/opentelemetry-sdk/1.51.0/opentelemetry-sdk-1.51.0-sources.jar
2025-09-23 21:04:06,771 [Worker-54: Download sources and javadoc] INFO  o.e.m.j.internal.DownloadSourcesJob - Downloaded sources for io.opentelemetry:opentelemetry-sdk:1.51.0
2025-09-23 21:04:07,928 [Worker-54: Download sources and javadoc] INFO  o.e.m.c.i.e.AbstractTransferListenerAdapter - Downloading https://repo.maven.apache.org/maven2/io/opentelemetry/opentelemetry-sdk-metrics/1.51.0/opentelemetry-sdk-metrics-1.51.0-sources.jar
2025-09-23 21:04:08,170 [Worker-54: Download sources and javadoc] INFO  o.e.m.c.i.e.AbstractTransferListenerAdapter - Downloaded https://repo.maven.apache.org/maven2/io/opentelemetry/opentelemetry-sdk-metrics/1.51.0/opentelemetry-sdk-metrics-1.51.0-sources.jar
2025-09-23 21:04:08,178 [Worker-54: Download sources and javadoc] INFO  o.e.m.j.internal.DownloadSourcesJob - Downloaded sources for io.opentelemetry:opentelemetry-sdk-metrics:1.51.0
2025-09-23 21:04:08,333 [Worker-54: Download sources and javadoc] INFO  o.e.m.c.i.e.AbstractTransferListenerAdapter - Downloading https://repo.maven.apache.org/maven2/io/opentelemetry/opentelemetry-sdk-logs/1.51.0/opentelemetry-sdk-logs-1.51.0-sources.jar
2025-09-23 21:04:08,343 [Worker-54: Download sources and javadoc] INFO  o.e.m.c.i.e.AbstractTransferListenerAdapter - Downloaded https://repo.maven.apache.org/maven2/io/opentelemetry/opentelemetry-sdk-logs/1.51.0/opentelemetry-sdk-logs-1.51.0-sources.jar
2025-09-23 21:04:08,349 [Worker-54: Download sources and javadoc] INFO  o.e.m.j.internal.DownloadSourcesJob - Downloaded sources for io.opentelemetry:opentelemetry-sdk-logs:1.51.0
2025-09-23 21:04:08,508 [Worker-54: Download sources and javadoc] INFO  o.e.m.c.i.e.AbstractTransferListenerAdapter - Downloading https://repo.maven.apache.org/maven2/net/bytebuddy/byte-buddy/1.17.6/byte-buddy-1.17.6-sources.jar
2025-09-23 21:04:34,829 [Worker-54: Download sources and javadoc] INFO  o.e.m.c.i.e.AbstractTransferListenerAdapter - Downloaded https://repo.maven.apache.org/maven2/net/bytebuddy/byte-buddy/1.17.6/byte-buddy-1.17.6-sources.jar
2025-09-23 21:04:34,837 [Worker-54: Download sources and javadoc] INFO  o.e.m.j.internal.DownloadSourcesJob - Downloaded sources for net.bytebuddy:byte-buddy:1.17.6
2025-09-23 21:04:34,934 [Worker-54: Download sources and javadoc] INFO  o.e.m.c.i.e.AbstractTransferListenerAdapter - Downloading https://repo.maven.apache.org/maven2/org/seleniumhq/selenium/selenium-os/4.34.0/selenium-os-4.34.0-sources.jar
2025-09-23 21:04:34,938 [Worker-54: Download sources and javadoc] INFO  o.e.m.c.i.e.AbstractTransferListenerAdapter - Downloaded https://repo.maven.apache.org/maven2/org/seleniumhq/selenium/selenium-os/4.34.0/selenium-os-4.34.0-sources.jar
2025-09-23 21:04:34,942 [Worker-54: Download sources and javadoc] INFO  o.e.m.j.internal.DownloadSourcesJob - Downloaded sources for org.seleniumhq.selenium:selenium-os:4.34.0
2025-09-23 21:04:35,023 [Worker-54: Download sources and javadoc] INFO  o.e.m.c.i.e.AbstractTransferListenerAdapter - Downloading https://repo.maven.apache.org/maven2/org/apache/commons/commons-exec/1.5.0/commons-exec-1.5.0-sources.jar
2025-09-23 21:04:35,052 [Worker-54: Download sources and javadoc] INFO  o.e.m.c.i.e.AbstractTransferListenerAdapter - Downloaded https://repo.maven.apache.org/maven2/org/apache/commons/commons-exec/1.5.0/commons-exec-1.5.0-sources.jar
2025-09-23 21:04:35,054 [Worker-54: Download sources and javadoc] INFO  o.e.m.j.internal.DownloadSourcesJob - Downloaded sources for org.apache.commons:commons-exec:1.5.0
2025-09-23 21:04:35,125 [Worker-54: Download sources and javadoc] INFO  o.e.m.c.i.e.AbstractTransferListenerAdapter - Downloading https://repo.maven.apache.org/maven2/org/seleniumhq/selenium/selenium-safari-driver/4.34.0/selenium-safari-driver-4.34.0-sources.jar
2025-09-23 21:04:35,129 [Worker-54: Download sources and javadoc] INFO  o.e.m.c.i.e.AbstractTransferListenerAdapter - Downloaded https://repo.maven.apache.org/maven2/org/seleniumhq/selenium/selenium-safari-driver/4.34.0/selenium-safari-driver-4.34.0-sources.jar
2025-09-23 21:04:35,132 [Worker-54: Download sources and javadoc] INFO  o.e.m.j.internal.DownloadSourcesJob - Downloaded sources for org.seleniumhq.selenium:selenium-safari-driver:4.34.0
2025-09-23 21:04:35,214 [Worker-54: Download sources and javadoc] INFO  o.e.m.c.i.e.AbstractTransferListenerAdapter - Downloading https://repo.maven.apache.org/maven2/org/seleniumhq/selenium/selenium-support/4.34.0/selenium-support-4.34.0-sources.jar
2025-09-23 21:04:35,251 [Worker-54: Download sources and javadoc] INFO  o.e.m.c.i.e.AbstractTransferListenerAdapter - Downloaded https://repo.maven.apache.org/maven2/org/seleniumhq/selenium/selenium-support/4.34.0/selenium-support-4.34.0-sources.jar
2025-09-23 21:04:35,254 [Worker-54: Download sources and javadoc] INFO  o.e.m.j.internal.DownloadSourcesJob - Downloaded sources for org.seleniumhq.selenium:selenium-support:4.34.0
2025-09-23 21:05:12,050 [Worker-51: Building] INFO  o.e.m.c.i.l.LifecycleMappingFactory - Using org.eclipse.m2e.jdt.JarLifecycleMapping lifecycle mapping for MavenProject: mymavenproject:mymavenproject:0.0.1-SNAPSHOT @ /Volumes/Renuka/Professional Stuff (Restricted)/Session_material/Session_WorkSpaces/Automation_SA2506029/SA250629_WebDriver/mymavenproject/pom.xml.
2025-09-23 21:05:12,278 [Worker-51: Building] INFO  o.e.m.c.i.e.AbstractTransferListenerAdapter - Downloading https://repo.maven.apache.org/maven2/org/testng/testng/7.7.0/testng-7.7.0.pom
2025-09-23 21:05:12,281 [Worker-51: Building] INFO  o.e.m.c.i.e.AbstractTransferListenerAdapter - Downloaded https://repo.maven.apache.org/maven2/org/testng/testng/7.7.0/testng-7.7.0.pom
2025-09-23 21:05:12,330 [Worker-51: Building] INFO  o.e.m.c.i.e.AbstractTransferListenerAdapter - Downloading https://repo.maven.apache.org/maven2/org/testng/testng/7.7.0/testng-7.7.0.jar
2025-09-23 21:05:12,528 [Worker-51: Building] INFO  o.e.m.c.i.e.AbstractTransferListenerAdapter - Downloaded https://repo.maven.apache.org/maven2/org/testng/testng/7.7.0/testng-7.7.0.jar
2025-09-23 21:05:12,700 [Worker-51: Building] WARN  o.a.m.s.f.DefaultMavenResourcesFiltering - Using platform encoding (UTF-8 actually) to copy filtered resources, i.e. build is platform dependent!
2025-09-23 21:05:12,703 [Worker-51: Building] INFO  o.a.m.s.f.DefaultMavenResourcesFiltering - Copying 0 resource from src/main/resources to target/classes
2025-09-23 21:05:12,709 [Worker-51: Building] WARN  o.a.m.s.f.DefaultMavenResourcesFiltering - Using platform encoding (UTF-8 actually) to copy filtered resources, i.e. build is platform dependent!
2025-09-23 21:05:12,712 [Worker-51: Building] INFO  o.a.m.s.f.DefaultMavenResourcesFiltering - Copying 0 resource from src/test/resources to target/test-classes
2025-09-23 21:05:13,998 [Worker-55: Download sources and javadoc] INFO  o.e.m.c.i.e.AbstractTransferListenerAdapter - Downloading https://repo.maven.apache.org/maven2/org/testng/testng/7.7.0/testng-7.7.0-sources.jar
2025-09-23 21:05:14,233 [Worker-55: Download sources and javadoc] INFO  o.e.m.c.i.e.AbstractTransferListenerAdapter - Downloaded https://repo.maven.apache.org/maven2/org/testng/testng/7.7.0/testng-7.7.0-sources.jar
2025-09-23 21:05:14,250 [Worker-55: Download sources and javadoc] INFO  o.e.m.j.internal.DownloadSourcesJob - Downloaded sources for org.testng:testng:7.7.0
2025-09-23 21:05:14,743 [Worker-57: Building] WARN  o.a.m.s.f.DefaultMavenResourcesFiltering - Using platform encoding (UTF-8 actually) to copy filtered resources, i.e. build is platform dependent!
2025-09-23 21:05:14,748 [Worker-57: Building] INFO  o.a.m.s.f.DefaultMavenResourcesFiltering - Copying 0 resource from src/main/resources to target/classes
2025-09-23 21:05:14,756 [Worker-57: Building] WARN  o.a.m.s.f.DefaultMavenResourcesFiltering - Using platform encoding (UTF-8 actually) to copy filtered resources, i.e. build is platform dependent!
2025-09-23 21:05:14,757 [Worker-57: Building] INFO  o.a.m.s.f.DefaultMavenResourcesFiltering - Copying 0 resource from src/test/resources to target/test-classes
2025-09-23 21:05:25,288 [Worker-54: Building] INFO  o.e.m.c.i.l.LifecycleMappingFactory - Using org.eclipse.m2e.jdt.JarLifecycleMapping lifecycle mapping for MavenProject: mymavenproject:mymavenproject:0.0.1-SNAPSHOT @ /Volumes/Renuka/Professional Stuff (Restricted)/Session_material/Session_WorkSpaces/Automation_SA2506029/SA250629_WebDriver/mymavenproject/pom.xml.
2025-09-23 21:05:25,504 [Worker-54: Building] WARN  o.a.m.s.f.DefaultMavenResourcesFiltering - Using platform encoding (UTF-8 actually) to copy filtered resources, i.e. build is platform dependent!
2025-09-23 21:05:25,507 [Worker-54: Building] INFO  o.a.m.s.f.DefaultMavenResourcesFiltering - Copying 0 resource from src/main/resources to target/classes
2025-09-23 21:05:25,513 [Worker-54: Building] WARN  o.a.m.s.f.DefaultMavenResourcesFiltering - Using platform encoding (UTF-8 actually) to copy filtered resources, i.e. build is platform dependent!
2025-09-23 21:05:25,514 [Worker-54: Building] INFO  o.a.m.s.f.DefaultMavenResourcesFiltering - Copying 0 resource from src/test/resources to target/test-classes
2025-09-23 21:06:31,259 [Worker-55: Building] INFO  o.e.m.c.i.l.LifecycleMappingFactory - Using org.eclipse.m2e.jdt.JarLifecycleMapping lifecycle mapping for MavenProject: mymavenproject:mymavenproject:0.0.1-SNAPSHOT @ /Volumes/Renuka/Professional Stuff (Restricted)/Session_material/Session_WorkSpaces/Automation_SA2506029/SA250629_WebDriver/mymavenproject/pom.xml.
2025-09-23 21:06:32,601 [Worker-55: Building] INFO  o.e.m.c.i.e.AbstractTransferListenerAdapter - Downloading https://repo.maven.apache.org/maven2/org/apache/poi/poi/5.4.1/poi-5.4.1.pom
2025-09-23 21:06:32,608 [Worker-55: Building] INFO  o.e.m.c.i.e.AbstractTransferListenerAdapter - Downloaded https://repo.maven.apache.org/maven2/org/apache/poi/poi/5.4.1/poi-5.4.1.pom
2025-09-23 21:06:32,781 [Worker-55: Building] INFO  o.e.m.c.i.e.AbstractTransferListenerAdapter - Downloading https://repo.maven.apache.org/maven2/commons-codec/commons-codec/1.18.0/commons-codec-1.18.0.pom
2025-09-23 21:06:32,785 [Worker-55: Building] INFO  o.e.m.c.i.e.AbstractTransferListenerAdapter - Downloaded https://repo.maven.apache.org/maven2/commons-codec/commons-codec/1.18.0/commons-codec-1.18.0.pom
2025-09-23 21:06:32,845 [Worker-55: Building] INFO  o.e.m.c.i.e.AbstractTransferListenerAdapter - Downloading https://repo.maven.apache.org/maven2/org/apache/commons/commons-parent/79/commons-parent-79.pom
2025-09-23 21:06:32,977 [Worker-55: Building] INFO  o.e.m.c.i.e.AbstractTransferListenerAdapter - Downloaded https://repo.maven.apache.org/maven2/org/apache/commons/commons-parent/79/commons-parent-79.pom
2025-09-23 21:06:33,120 [Worker-55: Building] INFO  o.e.m.c.i.e.AbstractTransferListenerAdapter - Downloading https://repo.maven.apache.org/maven2/org/apache/poi/poi/5.4.1/poi-5.4.1.jar
2025-09-23 21:06:57,361 [Worker-55: Building] INFO  o.e.m.c.i.e.AbstractTransferListenerAdapter - Downloaded https://repo.maven.apache.org/maven2/org/apache/poi/poi/5.4.1/poi-5.4.1.jar
2025-09-23 21:06:57,417 [BasicRepositoryConnector-repo.maven.apache.org-1-0] INFO  o.e.m.c.i.e.AbstractTransferListenerAdapter - Downloading https://repo.maven.apache.org/maven2/commons-codec/commons-codec/1.18.0/commons-codec-1.18.0.jar
2025-09-23 21:07:00,933 [BasicRepositoryConnector-repo.maven.apache.org-1-0] INFO  o.e.m.c.i.e.AbstractTransferListenerAdapter - Downloaded https://repo.maven.apache.org/maven2/commons-codec/commons-codec/1.18.0/commons-codec-1.18.0.jar
2025-09-23 21:07:01,127 [Worker-55: Building] WARN  o.a.m.s.f.DefaultMavenResourcesFiltering - Using platform encoding (UTF-8 actually) to copy filtered resources, i.e. build is platform dependent!
2025-09-23 21:07:01,129 [Worker-55: Building] INFO  o.a.m.s.f.DefaultMavenResourcesFiltering - Copying 0 resource from src/main/resources to target/classes
2025-09-23 21:07:01,139 [Worker-55: Building] WARN  o.a.m.s.f.DefaultMavenResourcesFiltering - Using platform encoding (UTF-8 actually) to copy filtered resources, i.e. build is platform dependent!
2025-09-23 21:07:01,140 [Worker-55: Building] INFO  o.a.m.s.f.DefaultMavenResourcesFiltering - Copying 0 resource from src/test/resources to target/test-classes
2025-09-23 21:07:02,140 [Worker-55: Download sources and javadoc] INFO  o.e.m.c.i.e.AbstractTransferListenerAdapter - Downloading https://repo.maven.apache.org/maven2/org/apache/poi/poi/5.4.1/poi-5.4.1-sources.jar
2025-09-23 21:07:02,492 [Worker-58: Building] WARN  o.a.m.s.f.DefaultMavenResourcesFiltering - Using platform encoding (UTF-8 actually) to copy filtered resources, i.e. build is platform dependent!
2025-09-23 21:07:02,494 [Worker-58: Building] INFO  o.a.m.s.f.DefaultMavenResourcesFiltering - Copying 0 resource from src/main/resources to target/classes
2025-09-23 21:07:02,498 [Worker-58: Building] WARN  o.a.m.s.f.DefaultMavenResourcesFiltering - Using platform encoding (UTF-8 actually) to copy filtered resources, i.e. build is platform dependent!
2025-09-23 21:07:02,499 [Worker-58: Building] INFO  o.a.m.s.f.DefaultMavenResourcesFiltering - Copying 0 resource from src/test/resources to target/test-classes
2025-09-23 21:07:20,072 [Worker-55: Download sources and javadoc] INFO  o.e.m.c.i.e.AbstractTransferListenerAdapter - Downloaded https://repo.maven.apache.org/maven2/org/apache/poi/poi/5.4.1/poi-5.4.1-sources.jar
2025-09-23 21:07:20,079 [Worker-55: Download sources and javadoc] INFO  o.e.m.j.internal.DownloadSourcesJob - Downloaded sources for org.apache.poi:poi:5.4.1
2025-09-23 21:07:20,231 [Worker-55: Download sources and javadoc] INFO  o.e.m.c.i.e.AbstractTransferListenerAdapter - Downloading https://repo.maven.apache.org/maven2/commons-codec/commons-codec/1.18.0/commons-codec-1.18.0-sources.jar
2025-09-23 21:07:20,748 [Worker-55: Download sources and javadoc] INFO  o.e.m.c.i.e.AbstractTransferListenerAdapter - Downloaded https://repo.maven.apache.org/maven2/commons-codec/commons-codec/1.18.0/commons-codec-1.18.0-sources.jar
2025-09-23 21:07:20,755 [Worker-55: Download sources and javadoc] INFO  o.e.m.j.internal.DownloadSourcesJob - Downloaded sources for commons-codec:commons-codec:1.18.0
2025-09-23 21:10:11,412 [Worker-57: Building] WARN  o.a.m.s.f.DefaultMavenResourcesFiltering - Using platform encoding (UTF-8 actually) to copy filtered resources, i.e. build is platform dependent!
2025-09-23 21:10:11,426 [Worker-57: Building] INFO  o.a.m.s.f.DefaultMavenResourcesFiltering - Copying 0 resource from src/main/resources to target/classes
2025-09-23 21:10:11,437 [Worker-57: Building] WARN  o.a.m.s.f.DefaultMavenResourcesFiltering - Using platform encoding (UTF-8 actually) to copy filtered resources, i.e. build is platform dependent!
2025-09-23 21:10:11,438 [Worker-57: Building] INFO  o.a.m.s.f.DefaultMavenResourcesFiltering - Copying 0 resource from src/test/resources to target/test-classes
2025-09-23 21:11:08,028 [Worker-55: Building] WARN  o.a.m.s.f.DefaultMavenResourcesFiltering - Using platform encoding (UTF-8 actually) to copy filtered resources, i.e. build is platform dependent!
2025-09-23 21:11:08,049 [Worker-55: Building] INFO  o.a.m.s.f.DefaultMavenResourcesFiltering - Copying 0 resource from src/main/resources to target/classes
2025-09-23 21:11:08,062 [Worker-55: Building] WARN  o.a.m.s.f.DefaultMavenResourcesFiltering - Using platform encoding (UTF-8 actually) to copy filtered resources, i.e. build is platform dependent!
2025-09-23 21:11:08,064 [Worker-55: Building] INFO  o.a.m.s.f.DefaultMavenResourcesFiltering - Copying 0 resource from src/test/resources to target/test-classes
2025-09-23 21:12:19,882 [Worker-55: Building] WARN  o.a.m.s.f.DefaultMavenResourcesFiltering - Using platform encoding (UTF-8 actually) to copy filtered resources, i.e. build is platform dependent!
2025-09-23 21:12:19,884 [Worker-55: Building] INFO  o.a.m.s.f.DefaultMavenResourcesFiltering - Copying 0 resource from src/main/resources to target/classes
2025-09-23 21:12:19,887 [Worker-55: Building] WARN  o.a.m.s.f.DefaultMavenResourcesFiltering - Using platform encoding (UTF-8 actually) to copy filtered resources, i.e. build is platform dependent!
2025-09-23 21:12:19,887 [Worker-55: Building] INFO  o.a.m.s.f.DefaultMavenResourcesFiltering - Copying 0 resource from src/test/resources to target/test-classes
2025-09-23 21:12:27,719 [Worker-60: Building] WARN  o.a.m.s.f.DefaultMavenResourcesFiltering - Using platform encoding (UTF-8 actually) to copy filtered resources, i.e. build is platform dependent!
2025-09-23 21:12:27,720 [Worker-60: Building] INFO  o.a.m.s.f.DefaultMavenResourcesFiltering - Copying 0 resource from src/main/resources to target/classes
2025-09-23 21:12:27,721 [Worker-60: Building] WARN  o.a.m.s.f.DefaultMavenResourcesFiltering - Using platform encoding (UTF-8 actually) to copy filtered resources, i.e. build is platform dependent!
2025-09-23 21:12:27,721 [Worker-60: Building] INFO  o.a.m.s.f.DefaultMavenResourcesFiltering - Copying 0 resource from src/test/resources to target/test-classes
2025-09-23 21:12:34,935 [Worker-61: Building] WARN  o.a.m.s.f.DefaultMavenResourcesFiltering - Using platform encoding (UTF-8 actually) to copy filtered resources, i.e. build is platform dependent!
2025-09-23 21:12:34,937 [Worker-61: Building] INFO  o.a.m.s.f.DefaultMavenResourcesFiltering - Copying 0 resource from src/main/resources to target/classes
2025-09-23 21:12:34,944 [Worker-61: Building] WARN  o.a.m.s.f.DefaultMavenResourcesFiltering - Using platform encoding (UTF-8 actually) to copy filtered resources, i.e. build is platform dependent!
2025-09-23 21:12:34,946 [Worker-61: Building] INFO  o.a.m.s.f.DefaultMavenResourcesFiltering - Copying 0 resource from src/test/resources to target/test-classes
2025-09-23 21:12:43,694 [Worker-59: Building] WARN  o.a.m.s.f.DefaultMavenResourcesFiltering - Using platform encoding (UTF-8 actually) to copy filtered resources, i.e. build is platform dependent!
2025-09-23 21:12:43,695 [Worker-59: Building] INFO  o.a.m.s.f.DefaultMavenResourcesFiltering - Copying 0 resource from src/main/resources to target/classes
2025-09-23 21:12:43,697 [Worker-59: Building] WARN  o.a.m.s.f.DefaultMavenResourcesFiltering - Using platform encoding (UTF-8 actually) to copy filtered resources, i.e. build is platform dependent!
2025-09-23 21:12:43,697 [Worker-59: Building] INFO  o.a.m.s.f.DefaultMavenResourcesFiltering - Copying 0 resource from src/test/resources to target/test-classes
2025-09-23 21:13:20,426 [main] INFO  o.e.m.jdt.internal.UnitTestSupport - Updating MVN_01_LaunchBrowser.setUpBrowser from maven configuration
2025-09-23 21:14:48,262 [Worker-58: Building] WARN  o.a.m.s.f.DefaultMavenResourcesFiltering - Using platform encoding (UTF-8 actually) to copy filtered resources, i.e. build is platform dependent!
2025-09-23 21:14:48,279 [Worker-58: Building] INFO  o.a.m.s.f.DefaultMavenResourcesFiltering - Copying 0 resource from src/main/resources to target/classes
2025-09-23 21:14:48,290 [Worker-58: Building] WARN  o.a.m.s.f.DefaultMavenResourcesFiltering - Using platform encoding (UTF-8 actually) to copy filtered resources, i.e. build is platform dependent!
2025-09-23 21:14:48,293 [Worker-58: Building] INFO  o.a.m.s.f.DefaultMavenResourcesFiltering - Copying 0 resource from src/test/resources to target/test-classes
2025-09-23 21:16:13,725 [Worker-61: Building] WARN  o.a.m.s.f.DefaultMavenResourcesFiltering - Using platform encoding (UTF-8 actually) to copy filtered resources, i.e. build is platform dependent!
2025-09-23 21:16:13,728 [Worker-61: Building] INFO  o.a.m.s.f.DefaultMavenResourcesFiltering - Copying 0 resource from src/main/resources to target/classes
2025-09-23 21:16:13,734 [Worker-61: Building] WARN  o.a.m.s.f.DefaultMavenResourcesFiltering - Using platform encoding (UTF-8 actually) to copy filtered resources, i.e. build is platform dependent!
2025-09-23 21:16:13,735 [Worker-61: Building] INFO  o.a.m.s.f.DefaultMavenResourcesFiltering - Copying 0 resource from src/test/resources to target/test-classes
2025-09-23 21:17:47,256 [Worker-58: Building] WARN  o.a.m.s.f.DefaultMavenResourcesFiltering - Using platform encoding (UTF-8 actually) to copy filtered resources, i.e. build is platform dependent!
2025-09-23 21:17:47,275 [Worker-58: Building] INFO  o.a.m.s.f.DefaultMavenResourcesFiltering - Copying 0 resource from src/main/resources to target/classes
2025-09-23 21:17:47,283 [Worker-58: Building] WARN  o.a.m.s.f.DefaultMavenResourcesFiltering - Using platform encoding (UTF-8 actually) to copy filtered resources, i.e. build is platform dependent!
2025-09-23 21:17:47,285 [Worker-58: Building] INFO  o.a.m.s.f.DefaultMavenResourcesFiltering - Copying 0 resource from src/test/resources to target/test-classes
2025-09-23 21:18:10,423 [Worker-55: Building] WARN  o.a.m.s.f.DefaultMavenResourcesFiltering - Using platform encoding (UTF-8 actually) to copy filtered resources, i.e. build is platform dependent!
2025-09-23 21:18:10,425 [Worker-55: Building] INFO  o.a.m.s.f.DefaultMavenResourcesFiltering - Copying 0 resource from src/main/resources to target/classes
2025-09-23 21:18:10,426 [Worker-55: Building] WARN  o.a.m.s.f.DefaultMavenResourcesFiltering - Using platform encoding (UTF-8 actually) to copy filtered resources, i.e. build is platform dependent!
2025-09-23 21:18:10,427 [Worker-55: Building] INFO  o.a.m.s.f.DefaultMavenResourcesFiltering - Copying 0 resource from src/test/resources to target/test-classes
2025-09-23 21:18:50,357 [Worker-61: Building] WARN  o.a.m.s.f.DefaultMavenResourcesFiltering - Using platform encoding (UTF-8 actually) to copy filtered resources, i.e. build is platform dependent!
2025-09-23 21:18:50,361 [Worker-61: Building] INFO  o.a.m.s.f.DefaultMavenResourcesFiltering - Copying 0 resource from src/main/resources to target/classes
2025-09-23 21:18:50,364 [Worker-61: Building] WARN  o.a.m.s.f.DefaultMavenResourcesFiltering - Using platform encoding (UTF-8 actually) to copy filtered resources, i.e. build is platform dependent!
2025-09-23 21:18:50,365 [Worker-61: Building] INFO  o.a.m.s.f.DefaultMavenResourcesFiltering - Copying 0 resource from src/test/resources to target/test-classes
2025-09-23 21:19:54,801 [main] INFO  o.e.m.jdt.internal.UnitTestSupport - Updating NewTest.sampleTest from maven configuration
2025-09-23 21:20:30,656 [Worker-62: Building] WARN  o.a.m.s.f.DefaultMavenResourcesFiltering - Using platform encoding (UTF-8 actually) to copy filtered resources, i.e. build is platform dependent!
2025-09-23 21:20:30,658 [Worker-62: Building] INFO  o.a.m.s.f.DefaultMavenResourcesFiltering - Copying 0 resource from src/main/resources to target/classes
2025-09-23 21:20:30,660 [Worker-62: Building] WARN  o.a.m.s.f.DefaultMavenResourcesFiltering - Using platform encoding (UTF-8 actually) to copy filtered resources, i.e. build is platform dependent!
2025-09-23 21:20:30,661 [Worker-62: Building] INFO  o.a.m.s.f.DefaultMavenResourcesFiltering - Copying 0 resource from src/test/resources to target/test-classes
2025-09-23 21:20:38,104 [main] INFO  o.e.m.jdt.internal.UnitTestSupport - Updating NewTest from maven configuration
2025-09-23 21:24:07,486 [Worker-60: Building] WARN  o.a.m.s.f.DefaultMavenResourcesFiltering - Using platform encoding (UTF-8 actually) to copy filtered resources, i.e. build is platform dependent!
2025-09-23 21:24:07,511 [Worker-60: Building] INFO  o.a.m.s.f.DefaultMavenResourcesFiltering - Copying 0 resource from src/main/resources to target/classes
2025-09-23 21:24:07,518 [Worker-60: Building] WARN  o.a.m.s.f.DefaultMavenResourcesFiltering - Using platform encoding (UTF-8 actually) to copy filtered resources, i.e. build is platform dependent!
2025-09-23 21:24:07,519 [Worker-60: Building] INFO  o.a.m.s.f.DefaultMavenResourcesFiltering - Copying 0 resource from src/test/resources to target/test-classes
2025-09-23 21:37:38,611 [Worker-63: Building] INFO  o.e.m.c.i.l.LifecycleMappingFactory - Using org.eclipse.m2e.jdt.JarLifecycleMapping lifecycle mapping for MavenProject: mymavenproject:mymavenproject:0.0.1-SNAPSHOT @ /Volumes/Renuka/Professional Stuff (Restricted)/Session_material/Session_WorkSpaces/Automation_SA2506029/SA250629_WebDriver/mymavenproject/pom.xml.
2025-09-23 21:37:38,910 [Worker-63: Building] WARN  o.a.m.s.f.DefaultMavenResourcesFiltering - Using platform encoding (UTF-8 actually) to copy filtered resources, i.e. build is platform dependent!
2025-09-23 21:37:38,913 [Worker-63: Building] INFO  o.a.m.s.f.DefaultMavenResourcesFiltering - Copying 0 resource from src/main/resources to target/classes
2025-09-23 21:37:38,917 [Worker-63: Building] WARN  o.a.m.s.f.DefaultMavenResourcesFiltering - Using platform encoding (UTF-8 actually) to copy filtered resources, i.e. build is platform dependent!
2025-09-23 21:37:38,918 [Worker-63: Building] INFO  o.a.m.s.f.DefaultMavenResourcesFiltering - Copying 0 resource from src/test/resources to target/test-classes
2025-09-23 21:37:40,269 [Worker-66: Building] WARN  o.a.m.s.f.DefaultMavenResourcesFiltering - Using platform encoding (UTF-8 actually) to copy filtered resources, i.e. build is platform dependent!
2025-09-23 21:37:40,271 [Worker-66: Building] INFO  o.a.m.s.f.DefaultMavenResourcesFiltering - Copying 0 resource from src/main/resources to target/classes
2025-09-23 21:37:40,272 [Worker-66: Building] WARN  o.a.m.s.f.DefaultMavenResourcesFiltering - Using platform encoding (UTF-8 actually) to copy filtered resources, i.e. build is platform dependent!
2025-09-23 21:37:40,273 [Worker-66: Building] INFO  o.a.m.s.f.DefaultMavenResourcesFiltering - Copying 0 resource from src/test/resources to target/test-classes
2025-09-23 21:38:15,436 [Worker-64: Building] WARN  o.a.m.s.f.DefaultMavenResourcesFiltering - Using platform encoding (UTF-8 actually) to copy filtered resources, i.e. build is platform dependent!
2025-09-23 21:38:15,464 [Worker-64: Building] INFO  o.a.m.s.f.DefaultMavenResourcesFiltering - Copying 0 resource from src/main/resources to target/classes
2025-09-23 21:38:15,480 [Worker-64: Building] WARN  o.a.m.s.f.DefaultMavenResourcesFiltering - Using platform encoding (UTF-8 actually) to copy filtered resources, i.e. build is platform dependent!
2025-09-23 21:38:15,483 [Worker-64: Building] INFO  o.a.m.s.f.DefaultMavenResourcesFiltering - Copying 0 resource from src/test/resources to target/test-classes
2025-09-23 21:38:18,815 [Worker-68: Building] WARN  o.a.m.s.f.DefaultMavenResourcesFiltering - Using platform encoding (UTF-8 actually) to copy filtered resources, i.e. build is platform dependent!
2025-09-23 21:38:18,817 [Worker-68: Building] INFO  o.a.m.s.f.DefaultMavenResourcesFiltering - Copying 0 resource from src/main/resources to target/classes
2025-09-23 21:38:18,823 [Worker-68: Building] WARN  o.a.m.s.f.DefaultMavenResourcesFiltering - Using platform encoding (UTF-8 actually) to copy filtered resources, i.e. build is platform dependent!
2025-09-23 21:38:18,824 [Worker-68: Building] INFO  o.a.m.s.f.DefaultMavenResourcesFiltering - Copying 0 resource from src/test/resources to target/test-classes
2025-09-23 21:39:57,789 [Worker-63: Building] WARN  o.a.m.s.f.DefaultMavenResourcesFiltering - Using platform encoding (UTF-8 actually) to copy filtered resources, i.e. build is platform dependent!
2025-09-23 21:39:57,793 [Worker-63: Building] INFO  o.a.m.s.f.DefaultMavenResourcesFiltering - Copying 0 resource from src/main/resources to target/classes
2025-09-23 21:39:57,801 [Worker-63: Building] WARN  o.a.m.s.f.DefaultMavenResourcesFiltering - Using platform encoding (UTF-8 actually) to copy filtered resources, i.e. build is platform dependent!
2025-09-23 21:39:57,803 [Worker-63: Building] INFO  o.a.m.s.f.DefaultMavenResourcesFiltering - Copying 0 resource from src/test/resources to target/test-classes
2025-09-23 21:42:15,229 [Worker-67: Building] WARN  o.a.m.s.f.DefaultMavenResourcesFiltering - Using platform encoding (UTF-8 actually) to copy filtered resources, i.e. build is platform dependent!
2025-09-23 21:42:15,247 [Worker-67: Building] INFO  o.a.m.s.f.DefaultMavenResourcesFiltering - Copying 0 resource from src/main/resources to target/classes
2025-09-23 21:42:15,255 [Worker-67: Building] WARN  o.a.m.s.f.DefaultMavenResourcesFiltering - Using platform encoding (UTF-8 actually) to copy filtered resources, i.e. build is platform dependent!
2025-09-23 21:42:15,257 [Worker-67: Building] INFO  o.a.m.s.f.DefaultMavenResourcesFiltering - Copying 0 resource from src/test/resources to target/test-classes
2025-09-23 21:43:41,131 [Worker-66: Building] WARN  o.a.m.s.f.DefaultMavenResourcesFiltering - Using platform encoding (UTF-8 actually) to copy filtered resources, i.e. build is platform dependent!
2025-09-23 21:43:41,134 [Worker-66: Building] INFO  o.a.m.s.f.DefaultMavenResourcesFiltering - Copying 0 resource from src/main/resources to target/classes
2025-09-23 21:43:41,137 [Worker-66: Building] WARN  o.a.m.s.f.DefaultMavenResourcesFiltering - Using platform encoding (UTF-8 actually) to copy filtered resources, i.e. build is platform dependent!
2025-09-23 21:43:41,137 [Worker-66: Building] INFO  o.a.m.s.f.DefaultMavenResourcesFiltering - Copying 0 resource from src/test/resources to target/test-classes
2025-09-23 21:44:21,818 [Worker-69: Building] WARN  o.a.m.s.f.DefaultMavenResourcesFiltering - Using platform encoding (UTF-8 actually) to copy filtered resources, i.e. build is platform dependent!
2025-09-23 21:44:21,819 [Worker-69: Building] INFO  o.a.m.s.f.DefaultMavenResourcesFiltering - Copying 0 resource from src/main/resources to target/classes
2025-09-23 21:44:21,821 [Worker-69: Building] WARN  o.a.m.s.f.DefaultMavenResourcesFiltering - Using platform encoding (UTF-8 actually) to copy filtered resources, i.e. build is platform dependent!
2025-09-23 21:44:21,822 [Worker-69: Building] INFO  o.a.m.s.f.DefaultMavenResourcesFiltering - Copying 0 resource from src/test/resources to target/test-classes
2025-09-23 21:44:22,869 [Worker-68: Building] WARN  o.a.m.s.f.DefaultMavenResourcesFiltering - Using platform encoding (UTF-8 actually) to copy filtered resources, i.e. build is platform dependent!
2025-09-23 21:44:22,873 [Worker-68: Building] INFO  o.a.m.s.f.DefaultMavenResourcesFiltering - Copying 0 resource from src/main/resources to target/classes
2025-09-23 21:44:22,879 [Worker-68: Building] WARN  o.a.m.s.f.DefaultMavenResourcesFiltering - Using platform encoding (UTF-8 actually) to copy filtered resources, i.e. build is platform dependent!
2025-09-23 21:44:22,880 [Worker-68: Building] INFO  o.a.m.s.f.DefaultMavenResourcesFiltering - Copying 0 resource from src/test/resources to target/test-classes
2025-09-23 21:44:43,284 [Worker-69: Building] WARN  o.a.m.s.f.DefaultMavenResourcesFiltering - Using platform encoding (UTF-8 actually) to copy filtered resources, i.e. build is platform dependent!
2025-09-23 21:44:43,285 [Worker-69: Building] INFO  o.a.m.s.f.DefaultMavenResourcesFiltering - Copying 0 resource from src/main/resources to target/classes
2025-09-23 21:44:43,287 [Worker-69: Building] WARN  o.a.m.s.f.DefaultMavenResourcesFiltering - Using platform encoding (UTF-8 actually) to copy filtered resources, i.e. build is platform dependent!
2025-09-23 21:44:43,289 [Worker-69: Building] INFO  o.a.m.s.f.DefaultMavenResourcesFiltering - Copying 0 resource from src/test/resources to target/test-classes
2025-09-23 21:45:39,746 [Worker-66: Building] WARN  o.a.m.s.f.DefaultMavenResourcesFiltering - Using platform encoding (UTF-8 actually) to copy filtered resources, i.e. build is platform dependent!
2025-09-23 21:45:39,767 [Worker-66: Building] INFO  o.a.m.s.f.DefaultMavenResourcesFiltering - Copying 0 resource from src/main/resources to target/classes
2025-09-23 21:45:39,775 [Worker-66: Building] WARN  o.a.m.s.f.DefaultMavenResourcesFiltering - Using platform encoding (UTF-8 actually) to copy filtered resources, i.e. build is platform dependent!
2025-09-23 21:45:39,777 [Worker-66: Building] INFO  o.a.m.s.f.DefaultMavenResourcesFiltering - Copying 0 resource from src/test/resources to target/test-classes
2025-09-23 21:46:52,089 [Worker-68: Building] WARN  o.a.m.s.f.DefaultMavenResourcesFiltering - Using platform encoding (UTF-8 actually) to copy filtered resources, i.e. build is platform dependent!
2025-09-23 21:46:52,093 [Worker-68: Building] INFO  o.a.m.s.f.DefaultMavenResourcesFiltering - Copying 0 resource from src/main/resources to target/classes
2025-09-23 21:46:52,096 [Worker-68: Building] WARN  o.a.m.s.f.DefaultMavenResourcesFiltering - Using platform encoding (UTF-8 actually) to copy filtered resources, i.e. build is platform dependent!
2025-09-23 21:46:52,097 [Worker-68: Building] INFO  o.a.m.s.f.DefaultMavenResourcesFiltering - Copying 0 resource from src/test/resources to target/test-classes
2025-09-23 21:48:37,702 [Worker-68: Building] WARN  o.a.m.s.f.DefaultMavenResourcesFiltering - Using platform encoding (UTF-8 actually) to copy filtered resources, i.e. build is platform dependent!
2025-09-23 21:48:37,704 [Worker-68: Building] INFO  o.a.m.s.f.DefaultMavenResourcesFiltering - Copying 0 resource from src/main/resources to target/classes
2025-09-23 21:48:37,708 [Worker-68: Building] WARN  o.a.m.s.f.DefaultMavenResourcesFiltering - Using platform encoding (UTF-8 actually) to copy filtered resources, i.e. build is platform dependent!
2025-09-23 21:48:37,708 [Worker-68: Building] INFO  o.a.m.s.f.DefaultMavenResourcesFiltering - Copying 0 resource from src/test/resources to target/test-classes
2025-09-23 21:49:30,147 [Worker-66: Building] WARN  o.a.m.s.f.DefaultMavenResourcesFiltering - Using platform encoding (UTF-8 actually) to copy filtered resources, i.e. build is platform dependent!
2025-09-23 21:49:30,170 [Worker-66: Building] INFO  o.a.m.s.f.DefaultMavenResourcesFiltering - Copying 0 resource from src/main/resources to target/classes
2025-09-23 21:49:30,178 [Worker-66: Building] WARN  o.a.m.s.f.DefaultMavenResourcesFiltering - Using platform encoding (UTF-8 actually) to copy filtered resources, i.e. build is platform dependent!
2025-09-23 21:49:30,179 [Worker-66: Building] INFO  o.a.m.s.f.DefaultMavenResourcesFiltering - Copying 0 resource from src/test/resources to target/test-classes
2025-09-23 21:51:59,844 [Worker-68: Building] WARN  o.a.m.s.f.DefaultMavenResourcesFiltering - Using platform encoding (UTF-8 actually) to copy filtered resources, i.e. build is platform dependent!
2025-09-23 21:51:59,848 [Worker-68: Building] INFO  o.a.m.s.f.DefaultMavenResourcesFiltering - Copying 0 resource from src/main/resources to target/classes
2025-09-23 21:51:59,853 [Worker-68: Building] WARN  o.a.m.s.f.DefaultMavenResourcesFiltering - Using platform encoding (UTF-8 actually) to copy filtered resources, i.e. build is platform dependent!
2025-09-23 21:51:59,854 [Worker-68: Building] INFO  o.a.m.s.f.DefaultMavenResourcesFiltering - Copying 0 resource from src/test/resources to target/test-classes
2025-09-23 21:52:44,860 [Worker-64: Building] WARN  o.a.m.s.f.DefaultMavenResourcesFiltering - Using platform encoding (UTF-8 actually) to copy filtered resources, i.e. build is platform dependent!
2025-09-23 21:52:44,861 [Worker-64: Building] INFO  o.a.m.s.f.DefaultMavenResourcesFiltering - Copying 0 resource from src/main/resources to target/classes
2025-09-23 21:52:44,862 [Worker-64: Building] WARN  o.a.m.s.f.DefaultMavenResourcesFiltering - Using platform encoding (UTF-8 actually) to copy filtered resources, i.e. build is platform dependent!
2025-09-23 21:52:44,863 [Worker-64: Building] INFO  o.a.m.s.f.DefaultMavenResourcesFiltering - Copying 0 resource from src/test/resources to target/test-classes
2025-09-23 21:53:39,588 [Worker-69: Building] WARN  o.a.m.s.f.DefaultMavenResourcesFiltering - Using platform encoding (UTF-8 actually) to copy filtered resources, i.e. build is platform dependent!
2025-09-23 21:53:39,610 [Worker-69: Building] INFO  o.a.m.s.f.DefaultMavenResourcesFiltering - Copying 0 resource from src/main/resources to target/classes
2025-09-23 21:53:39,618 [Worker-69: Building] WARN  o.a.m.s.f.DefaultMavenResourcesFiltering - Using platform encoding (UTF-8 actually) to copy filtered resources, i.e. build is platform dependent!
2025-09-23 21:53:39,621 [Worker-69: Building] INFO  o.a.m.s.f.DefaultMavenResourcesFiltering - Copying 0 resource from src/test/resources to target/test-classes
2025-09-23 21:53:57,856 [Worker-64: Building] WARN  o.a.m.s.f.DefaultMavenResourcesFiltering - Using platform encoding (UTF-8 actually) to copy filtered resources, i.e. build is platform dependent!
2025-09-23 21:53:57,859 [Worker-64: Building] INFO  o.a.m.s.f.DefaultMavenResourcesFiltering - Copying 0 resource from src/main/resources to target/classes
2025-09-23 21:53:57,866 [Worker-64: Building] WARN  o.a.m.s.f.DefaultMavenResourcesFiltering - Using platform encoding (UTF-8 actually) to copy filtered resources, i.e. build is platform dependent!
2025-09-23 21:53:57,867 [Worker-64: Building] INFO  o.a.m.s.f.DefaultMavenResourcesFiltering - Copying 0 resource from src/test/resources to target/test-classes
2025-09-23 21:54:14,598 [Worker-67: Building] WARN  o.a.m.s.f.DefaultMavenResourcesFiltering - Using platform encoding (UTF-8 actually) to copy filtered resources, i.e. build is platform dependent!
2025-09-23 21:54:14,599 [Worker-67: Building] INFO  o.a.m.s.f.DefaultMavenResourcesFiltering - Copying 0 resource from src/main/resources to target/classes
2025-09-23 21:54:14,603 [Worker-67: Building] WARN  o.a.m.s.f.DefaultMavenResourcesFiltering - Using platform encoding (UTF-8 actually) to copy filtered resources, i.e. build is platform dependent!
2025-09-23 21:54:14,604 [Worker-67: Building] INFO  o.a.m.s.f.DefaultMavenResourcesFiltering - Copying 0 resource from src/test/resources to target/test-classes
2025-09-23 21:54:52,573 [Worker-68: Building] WARN  o.a.m.s.f.DefaultMavenResourcesFiltering - Using platform encoding (UTF-8 actually) to copy filtered resources, i.e. build is platform dependent!
2025-09-23 21:54:52,575 [Worker-68: Building] INFO  o.a.m.s.f.DefaultMavenResourcesFiltering - Copying 0 resource from src/main/resources to target/classes
2025-09-23 21:54:52,576 [Worker-68: Building] WARN  o.a.m.s.f.DefaultMavenResourcesFiltering - Using platform encoding (UTF-8 actually) to copy filtered resources, i.e. build is platform dependent!
2025-09-23 21:54:52,577 [Worker-68: Building] INFO  o.a.m.s.f.DefaultMavenResourcesFiltering - Copying 0 resource from src/test/resources to target/test-classes
2025-09-23 21:56:25,399 [Worker-68: Building] WARN  o.a.m.s.f.DefaultMavenResourcesFiltering - Using platform encoding (UTF-8 actually) to copy filtered resources, i.e. build is platform dependent!
2025-09-23 21:56:25,422 [Worker-68: Building] INFO  o.a.m.s.f.DefaultMavenResourcesFiltering - Copying 0 resource from src/main/resources to target/classes
2025-09-23 21:56:25,430 [Worker-68: Building] WARN  o.a.m.s.f.DefaultMavenResourcesFiltering - Using platform encoding (UTF-8 actually) to copy filtered resources, i.e. build is platform dependent!
2025-09-23 21:56:25,432 [Worker-68: Building] INFO  o.a.m.s.f.DefaultMavenResourcesFiltering - Copying 0 resource from src/test/resources to target/test-classes
2025-09-23 21:58:02,258 [Worker-71: Building] WARN  o.a.m.s.f.DefaultMavenResourcesFiltering - Using platform encoding (UTF-8 actually) to copy filtered resources, i.e. build is platform dependent!
2025-09-23 21:58:02,261 [Worker-71: Building] INFO  o.a.m.s.f.DefaultMavenResourcesFiltering - Copying 0 resource from src/main/resources to target/classes
2025-09-23 21:58:02,263 [Worker-71: Building] WARN  o.a.m.s.f.DefaultMavenResourcesFiltering - Using platform encoding (UTF-8 actually) to copy filtered resources, i.e. build is platform dependent!
2025-09-23 21:58:02,264 [Worker-71: Building] INFO  o.a.m.s.f.DefaultMavenResourcesFiltering - Copying 0 resource from src/test/resources to target/test-classes
2025-09-23 21:59:51,011 [Worker-64: Building] WARN  o.a.m.s.f.DefaultMavenResourcesFiltering - Using platform encoding (UTF-8 actually) to copy filtered resources, i.e. build is platform dependent!
2025-09-23 21:59:51,013 [Worker-64: Building] INFO  o.a.m.s.f.DefaultMavenResourcesFiltering - Copying 0 resource from src/main/resources to target/classes
2025-09-23 21:59:51,015 [Worker-64: Building] WARN  o.a.m.s.f.DefaultMavenResourcesFiltering - Using platform encoding (UTF-8 actually) to copy filtered resources, i.e. build is platform dependent!
2025-09-23 21:59:51,016 [Worker-64: Building] INFO  o.a.m.s.f.DefaultMavenResourcesFiltering - Copying 0 resource from src/test/resources to target/test-classes
2025-09-23 22:02:12,769 [Worker-64: Building] WARN  o.a.m.s.f.DefaultMavenResourcesFiltering - Using platform encoding (UTF-8 actually) to copy filtered resources, i.e. build is platform dependent!
2025-09-23 22:02:12,789 [Worker-64: Building] INFO  o.a.m.s.f.DefaultMavenResourcesFiltering - Copying 0 resource from src/main/resources to target/classes
2025-09-23 22:02:12,798 [Worker-64: Building] WARN  o.a.m.s.f.DefaultMavenResourcesFiltering - Using platform encoding (UTF-8 actually) to copy filtered resources, i.e. build is platform dependent!
2025-09-23 22:02:12,799 [Worker-64: Building] INFO  o.a.m.s.f.DefaultMavenResourcesFiltering - Copying 0 resource from src/test/resources to target/test-classes
2025-09-23 22:02:38,344 [Worker-69: Building] WARN  o.a.m.s.f.DefaultMavenResourcesFiltering - Using platform encoding (UTF-8 actually) to copy filtered resources, i.e. build is platform dependent!
2025-09-23 22:02:38,346 [Worker-69: Building] INFO  o.a.m.s.f.DefaultMavenResourcesFiltering - Copying 0 resource from src/main/resources to target/classes
2025-09-23 22:02:38,348 [Worker-69: Building] WARN  o.a.m.s.f.DefaultMavenResourcesFiltering - Using platform encoding (UTF-8 actually) to copy filtered resources, i.e. build is platform dependent!
2025-09-23 22:02:38,349 [Worker-69: Building] INFO  o.a.m.s.f.DefaultMavenResourcesFiltering - Copying 0 resource from src/test/resources to target/test-classes
2025-09-23 22:05:22,137 [Worker-73: Building] WARN  o.a.m.s.f.DefaultMavenResourcesFiltering - Using platform encoding (UTF-8 actually) to copy filtered resources, i.e. build is platform dependent!
2025-09-23 22:05:22,139 [Worker-73: Building] INFO  o.a.m.s.f.DefaultMavenResourcesFiltering - Copying 0 resource from src/main/resources to target/classes
2025-09-23 22:05:22,142 [Worker-73: Building] WARN  o.a.m.s.f.DefaultMavenResourcesFiltering - Using platform encoding (UTF-8 actually) to copy filtered resources, i.e. build is platform dependent!
2025-09-23 22:05:22,143 [Worker-73: Building] INFO  o.a.m.s.f.DefaultMavenResourcesFiltering - Copying 0 resource from src/test/resources to target/test-classes
2025-09-23 22:05:25,634 [Worker-64: Building] WARN  o.a.m.s.f.DefaultMavenResourcesFiltering - Using platform encoding (UTF-8 actually) to copy filtered resources, i.e. build is platform dependent!
2025-09-23 22:05:25,636 [Worker-64: Building] INFO  o.a.m.s.f.DefaultMavenResourcesFiltering - Copying 0 resource from src/main/resources to target/classes
2025-09-23 22:05:25,640 [Worker-64: Building] WARN  o.a.m.s.f.DefaultMavenResourcesFiltering - Using platform encoding (UTF-8 actually) to copy filtered resources, i.e. build is platform dependent!
2025-09-23 22:05:25,641 [Worker-64: Building] INFO  o.a.m.s.f.DefaultMavenResourcesFiltering - Copying 0 resource from src/test/resources to target/test-classes
2025-09-23 22:06:34,840 [Worker-70: Building] WARN  o.a.m.s.f.DefaultMavenResourcesFiltering - Using platform encoding (UTF-8 actually) to copy filtered resources, i.e. build is platform dependent!
2025-09-23 22:06:34,889 [Worker-70: Building] INFO  o.a.m.s.f.DefaultMavenResourcesFiltering - Copying 0 resource from src/main/resources to target/classes
2025-09-23 22:06:34,908 [Worker-70: Building] WARN  o.a.m.s.f.DefaultMavenResourcesFiltering - Using platform encoding (UTF-8 actually) to copy filtered resources, i.e. build is platform dependent!
2025-09-23 22:06:34,912 [Worker-70: Building] INFO  o.a.m.s.f.DefaultMavenResourcesFiltering - Copying 0 resource from src/test/resources to target/test-classes
2025-09-23 22:07:15,238 [Worker-67: Building] WARN  o.a.m.s.f.DefaultMavenResourcesFiltering - Using platform encoding (UTF-8 actually) to copy filtered resources, i.e. build is platform dependent!
2025-09-23 22:07:15,241 [Worker-67: Building] INFO  o.a.m.s.f.DefaultMavenResourcesFiltering - Copying 0 resource from src/main/resources to target/classes
2025-09-23 22:07:15,244 [Worker-67: Building] WARN  o.a.m.s.f.DefaultMavenResourcesFiltering - Using platform encoding (UTF-8 actually) to copy filtered resources, i.e. build is platform dependent!
2025-09-23 22:07:15,245 [Worker-67: Building] INFO  o.a.m.s.f.DefaultMavenResourcesFiltering - Copying 0 resource from src/test/resources to target/test-classes
2025-09-23 22:08:57,276 [Worker-64: Building] WARN  o.a.m.s.f.DefaultMavenResourcesFiltering - Using platform encoding (UTF-8 actually) to copy filtered resources, i.e. build is platform dependent!
2025-09-23 22:08:57,279 [Worker-64: Building] INFO  o.a.m.s.f.DefaultMavenResourcesFiltering - Copying 0 resource from src/main/resources to target/classes
2025-09-23 22:08:57,281 [Worker-64: Building] WARN  o.a.m.s.f.DefaultMavenResourcesFiltering - Using platform encoding (UTF-8 actually) to copy filtered resources, i.e. build is platform dependent!
2025-09-23 22:08:57,281 [Worker-64: Building] INFO  o.a.m.s.f.DefaultMavenResourcesFiltering - Copying 0 resource from src/test/resources to target/test-classes
2025-09-23 22:09:32,397 [Worker-70: Building] WARN  o.a.m.s.f.DefaultMavenResourcesFiltering - Using platform encoding (UTF-8 actually) to copy filtered resources, i.e. build is platform dependent!
2025-09-23 22:09:32,399 [Worker-70: Building] INFO  o.a.m.s.f.DefaultMavenResourcesFiltering - Copying 0 resource from src/main/resources to target/classes
2025-09-23 22:09:32,402 [Worker-70: Building] WARN  o.a.m.s.f.DefaultMavenResourcesFiltering - Using platform encoding (UTF-8 actually) to copy filtered resources, i.e. build is platform dependent!
2025-09-23 22:09:32,403 [Worker-70: Building] INFO  o.a.m.s.f.DefaultMavenResourcesFiltering - Copying 0 resource from src/test/resources to target/test-classes
2025-09-23 22:11:02,009 [Worker-69: Building] WARN  o.a.m.s.f.DefaultMavenResourcesFiltering - Using platform encoding (UTF-8 actually) to copy filtered resources, i.e. build is platform dependent!
2025-09-23 22:11:02,056 [Worker-69: Building] INFO  o.a.m.s.f.DefaultMavenResourcesFiltering - Copying 0 resource from src/main/resources to target/classes
2025-09-23 22:11:02,076 [Worker-69: Building] WARN  o.a.m.s.f.DefaultMavenResourcesFiltering - Using platform encoding (UTF-8 actually) to copy filtered resources, i.e. build is platform dependent!
2025-09-23 22:11:02,081 [Worker-69: Building] INFO  o.a.m.s.f.DefaultMavenResourcesFiltering - Copying 0 resource from src/test/resources to target/test-classes
2025-09-23 22:11:49,940 [Worker-64: Building] WARN  o.a.m.s.f.DefaultMavenResourcesFiltering - Using platform encoding (UTF-8 actually) to copy filtered resources, i.e. build is platform dependent!
2025-09-23 22:11:49,942 [Worker-64: Building] INFO  o.a.m.s.f.DefaultMavenResourcesFiltering - Copying 0 resource from src/main/resources to target/classes
2025-09-23 22:11:49,944 [Worker-64: Building] WARN  o.a.m.s.f.DefaultMavenResourcesFiltering - Using platform encoding (UTF-8 actually) to copy filtered resources, i.e. build is platform dependent!
2025-09-23 22:11:49,945 [Worker-64: Building] INFO  o.a.m.s.f.DefaultMavenResourcesFiltering - Copying 0 resource from src/test/resources to target/test-classes
2025-09-23 22:12:08,610 [Worker-70: Building] WARN  o.a.m.s.f.DefaultMavenResourcesFiltering - Using platform encoding (UTF-8 actually) to copy filtered resources, i.e. build is platform dependent!
2025-09-23 22:12:08,612 [Worker-70: Building] INFO  o.a.m.s.f.DefaultMavenResourcesFiltering - Copying 0 resource from src/main/resources to target/classes
2025-09-23 22:12:08,614 [Worker-70: Building] WARN  o.a.m.s.f.DefaultMavenResourcesFiltering - Using platform encoding (UTF-8 actually) to copy filtered resources, i.e. build is platform dependent!
2025-09-23 22:12:08,615 [Worker-70: Building] INFO  o.a.m.s.f.DefaultMavenResourcesFiltering - Copying 0 resource from src/test/resources to target/test-classes
2025-09-23 22:12:16,377 [Worker-64: Building] WARN  o.a.m.s.f.DefaultMavenResourcesFiltering - Using platform encoding (UTF-8 actually) to copy filtered resources, i.e. build is platform dependent!
2025-09-23 22:12:16,379 [Worker-64: Building] INFO  o.a.m.s.f.DefaultMavenResourcesFiltering - Copying 0 resource from src/main/resources to target/classes
2025-09-23 22:12:16,383 [Worker-64: Building] WARN  o.a.m.s.f.DefaultMavenResourcesFiltering - Using platform encoding (UTF-8 actually) to copy filtered resources, i.e. build is platform dependent!
2025-09-23 22:12:16,384 [Worker-64: Building] INFO  o.a.m.s.f.DefaultMavenResourcesFiltering - Copying 0 resource from src/test/resources to target/test-classes
2025-09-23 22:13:54,792 [Worker-73: Building] WARN  o.a.m.s.f.DefaultMavenResourcesFiltering - Using platform encoding (UTF-8 actually) to copy filtered resources, i.e. build is platform dependent!
2025-09-23 22:13:54,795 [Worker-73: Building] INFO  o.a.m.s.f.DefaultMavenResourcesFiltering - Copying 0 resource from src/main/resources to target/classes
2025-09-23 22:13:54,798 [Worker-73: Building] WARN  o.a.m.s.f.DefaultMavenResourcesFiltering - Using platform encoding (UTF-8 actually) to copy filtered resources, i.e. build is platform dependent!
2025-09-23 22:13:54,800 [Worker-73: Building] INFO  o.a.m.s.f.DefaultMavenResourcesFiltering - Copying 0 resource from src/test/resources to target/test-classes
2025-09-23 22:14:54,656 [Worker-74: Building] WARN  o.a.m.s.f.DefaultMavenResourcesFiltering - Using platform encoding (UTF-8 actually) to copy filtered resources, i.e. build is platform dependent!
2025-09-23 22:14:54,674 [Worker-74: Building] INFO  o.a.m.s.f.DefaultMavenResourcesFiltering - Copying 0 resource from src/main/resources to target/classes
2025-09-23 22:14:54,683 [Worker-74: Building] WARN  o.a.m.s.f.DefaultMavenResourcesFiltering - Using platform encoding (UTF-8 actually) to copy filtered resources, i.e. build is platform dependent!
2025-09-23 22:14:54,685 [Worker-74: Building] INFO  o.a.m.s.f.DefaultMavenResourcesFiltering - Copying 0 resource from src/test/resources to target/test-classes
2025-09-23 22:18:09,097 [Worker-64: Building] WARN  o.a.m.s.f.DefaultMavenResourcesFiltering - Using platform encoding (UTF-8 actually) to copy filtered resources, i.e. build is platform dependent!
2025-09-23 22:18:09,099 [Worker-64: Building] INFO  o.a.m.s.f.DefaultMavenResourcesFiltering - Copying 0 resource from src/main/resources to target/classes
2025-09-23 22:18:09,100 [Worker-64: Building] WARN  o.a.m.s.f.DefaultMavenResourcesFiltering - Using platform encoding (UTF-8 actually) to copy filtered resources, i.e. build is platform dependent!
2025-09-23 22:18:09,100 [Worker-64: Building] INFO  o.a.m.s.f.DefaultMavenResourcesFiltering - Copying 0 resource from src/test/resources to target/test-classes
2025-09-23 22:18:56,142 [Worker-77: Building] WARN  o.a.m.s.f.DefaultMavenResourcesFiltering - Using platform encoding (UTF-8 actually) to copy filtered resources, i.e. build is platform dependent!
2025-09-23 22:18:56,143 [Worker-77: Building] INFO  o.a.m.s.f.DefaultMavenResourcesFiltering - Copying 0 resource from src/main/resources to target/classes
2025-09-23 22:18:56,146 [Worker-77: Building] WARN  o.a.m.s.f.DefaultMavenResourcesFiltering - Using platform encoding (UTF-8 actually) to copy filtered resources, i.e. build is platform dependent!
2025-09-23 22:18:56,147 [Worker-77: Building] INFO  o.a.m.s.f.DefaultMavenResourcesFiltering - Copying 0 resource from src/test/resources to target/test-classes
2025-09-23 22:20:15,817 [Worker-78: Building] WARN  o.a.m.s.f.DefaultMavenResourcesFiltering - Using platform encoding (UTF-8 actually) to copy filtered resources, i.e. build is platform dependent!
2025-09-23 22:20:15,819 [Worker-78: Building] INFO  o.a.m.s.f.DefaultMavenResourcesFiltering - Copying 0 resource from src/main/resources to target/classes
2025-09-23 22:20:15,822 [Worker-78: Building] WARN  o.a.m.s.f.DefaultMavenResourcesFiltering - Using platform encoding (UTF-8 actually) to copy filtered resources, i.e. build is platform dependent!
2025-09-23 22:20:15,824 [Worker-78: Building] INFO  o.a.m.s.f.DefaultMavenResourcesFiltering - Copying 0 resource from src/test/resources to target/test-classes
2025-09-23 22:20:24,949 [Worker-77: Building] WARN  o.a.m.s.f.DefaultMavenResourcesFiltering - Using platform encoding (UTF-8 actually) to copy filtered resources, i.e. build is platform dependent!
2025-09-23 22:20:24,970 [Worker-77: Building] INFO  o.a.m.s.f.DefaultMavenResourcesFiltering - Copying 0 resource from src/main/resources to target/classes
2025-09-23 22:20:24,979 [Worker-77: Building] WARN  o.a.m.s.f.DefaultMavenResourcesFiltering - Using platform encoding (UTF-8 actually) to copy filtered resources, i.e. build is platform dependent!
2025-09-23 22:20:24,981 [Worker-77: Building] INFO  o.a.m.s.f.DefaultMavenResourcesFiltering - Copying 0 resource from src/test/resources to target/test-classes
2025-09-23 22:20:48,433 [Worker-79: Building] WARN  o.a.m.s.f.DefaultMavenResourcesFiltering - Using platform encoding (UTF-8 actually) to copy filtered resources, i.e. build is platform dependent!
2025-09-23 22:20:48,436 [Worker-79: Building] INFO  o.a.m.s.f.DefaultMavenResourcesFiltering - Copying 0 resource from src/main/resources to target/classes
2025-09-23 22:20:48,438 [Worker-79: Building] WARN  o.a.m.s.f.DefaultMavenResourcesFiltering - Using platform encoding (UTF-8 actually) to copy filtered resources, i.e. build is platform dependent!
2025-09-23 22:20:48,439 [Worker-79: Building] INFO  o.a.m.s.f.DefaultMavenResourcesFiltering - Copying 0 resource from src/test/resources to target/test-classes
2025-09-23 22:21:45,683 [Worker-76: Building] WARN  o.a.m.s.f.DefaultMavenResourcesFiltering - Using platform encoding (UTF-8 actually) to copy filtered resources, i.e. build is platform dependent!
2025-09-23 22:21:45,686 [Worker-76: Building] INFO  o.a.m.s.f.DefaultMavenResourcesFiltering - Copying 0 resource from src/main/resources to target/classes
2025-09-23 22:21:45,692 [Worker-76: Building] WARN  o.a.m.s.f.DefaultMavenResourcesFiltering - Using platform encoding (UTF-8 actually) to copy filtered resources, i.e. build is platform dependent!
2025-09-23 22:21:45,693 [Worker-76: Building] INFO  o.a.m.s.f.DefaultMavenResourcesFiltering - Copying 0 resource from src/test/resources to target/test-classes
2025-09-23 22:24:00,474 [Worker-79: Building] WARN  o.a.m.s.f.DefaultMavenResourcesFiltering - Using platform encoding (UTF-8 actually) to copy filtered resources, i.e. build is platform dependent!
2025-09-23 22:24:00,478 [Worker-79: Building] INFO  o.a.m.s.f.DefaultMavenResourcesFiltering - Copying 0 resource from src/main/resources to target/classes
2025-09-23 22:24:00,480 [Worker-79: Building] WARN  o.a.m.s.f.DefaultMavenResourcesFiltering - Using platform encoding (UTF-8 actually) to copy filtered resources, i.e. build is platform dependent!
2025-09-23 22:24:00,481 [Worker-79: Building] INFO  o.a.m.s.f.DefaultMavenResourcesFiltering - Copying 0 resource from src/test/resources to target/test-classes
2025-09-23 22:24:22,382 [Worker-78: Building] WARN  o.a.m.s.f.DefaultMavenResourcesFiltering - Using platform encoding (UTF-8 actually) to copy filtered resources, i.e. build is platform dependent!
2025-09-23 22:24:22,383 [Worker-78: Building] INFO  o.a.m.s.f.DefaultMavenResourcesFiltering - Copying 0 resource from src/main/resources to target/classes
2025-09-23 22:24:22,386 [Worker-78: Building] WARN  o.a.m.s.f.DefaultMavenResourcesFiltering - Using platform encoding (UTF-8 actually) to copy filtered resources, i.e. build is platform dependent!
2025-09-23 22:24:22,386 [Worker-78: Building] INFO  o.a.m.s.f.DefaultMavenResourcesFiltering - Copying 0 resource from src/test/resources to target/test-classes
2025-09-23 22:25:37,429 [Worker-64: Building] WARN  o.a.m.s.f.DefaultMavenResourcesFiltering - Using platform encoding (UTF-8 actually) to copy filtered resources, i.e. build is platform dependent!
2025-09-23 22:25:37,461 [Worker-64: Building] INFO  o.a.m.s.f.DefaultMavenResourcesFiltering - Copying 0 resource from src/main/resources to target/classes
2025-09-23 22:25:37,474 [Worker-64: Building] WARN  o.a.m.s.f.DefaultMavenResourcesFiltering - Using platform encoding (UTF-8 actually) to copy filtered resources, i.e. build is platform dependent!
2025-09-23 22:25:37,475 [Worker-64: Building] INFO  o.a.m.s.f.DefaultMavenResourcesFiltering - Copying 0 resource from src/test/resources to target/test-classes
2025-09-23 22:25:48,794 [Worker-77: Building] WARN  o.a.m.s.f.DefaultMavenResourcesFiltering - Using platform encoding (UTF-8 actually) to copy filtered resources, i.e. build is platform dependent!
2025-09-23 22:25:48,797 [Worker-77: Building] INFO  o.a.m.s.f.DefaultMavenResourcesFiltering - Copying 0 resource from src/main/resources to target/classes
2025-09-23 22:25:48,798 [Worker-77: Building] WARN  o.a.m.s.f.DefaultMavenResourcesFiltering - Using platform encoding (UTF-8 actually) to copy filtered resources, i.e. build is platform dependent!
2025-09-23 22:25:48,798 [Worker-77: Building] INFO  o.a.m.s.f.DefaultMavenResourcesFiltering - Copying 0 resource from src/test/resources to target/test-classes
2025-09-23 22:25:56,048 [Worker-76: Building] WARN  o.a.m.s.f.DefaultMavenResourcesFiltering - Using platform encoding (UTF-8 actually) to copy filtered resources, i.e. build is platform dependent!
2025-09-23 22:25:56,052 [Worker-76: Building] INFO  o.a.m.s.f.DefaultMavenResourcesFiltering - Copying 0 resource from src/main/resources to target/classes
2025-09-23 22:25:56,054 [Worker-76: Building] WARN  o.a.m.s.f.DefaultMavenResourcesFiltering - Using platform encoding (UTF-8 actually) to copy filtered resources, i.e. build is platform dependent!
2025-09-23 22:25:56,055 [Worker-76: Building] INFO  o.a.m.s.f.DefaultMavenResourcesFiltering - Copying 0 resource from src/test/resources to target/test-classes
2025-09-23 22:26:06,986 [Worker-79: Building] WARN  o.a.m.s.f.DefaultMavenResourcesFiltering - Using platform encoding (UTF-8 actually) to copy filtered resources, i.e. build is platform dependent!
2025-09-23 22:26:06,988 [Worker-79: Building] INFO  o.a.m.s.f.DefaultMavenResourcesFiltering - Copying 0 resource from src/main/resources to target/classes
2025-09-23 22:26:06,989 [Worker-79: Building] WARN  o.a.m.s.f.DefaultMavenResourcesFiltering - Using platform encoding (UTF-8 actually) to copy filtered resources, i.e. build is platform dependent!
2025-09-23 22:26:06,989 [Worker-79: Building] INFO  o.a.m.s.f.DefaultMavenResourcesFiltering - Copying 0 resource from src/test/resources to target/test-classes
2025-09-23 22:26:32,508 [Worker-76: Building] WARN  o.a.m.s.f.DefaultMavenResourcesFiltering - Using platform encoding (UTF-8 actually) to copy filtered resources, i.e. build is platform dependent!
2025-09-23 22:26:32,533 [Worker-76: Building] INFO  o.a.m.s.f.DefaultMavenResourcesFiltering - Copying 0 resource from src/main/resources to target/classes
2025-09-23 22:26:32,543 [Worker-76: Building] WARN  o.a.m.s.f.DefaultMavenResourcesFiltering - Using platform encoding (UTF-8 actually) to copy filtered resources, i.e. build is platform dependent!
2025-09-23 22:26:32,546 [Worker-76: Building] INFO  o.a.m.s.f.DefaultMavenResourcesFiltering - Copying 0 resource from src/test/resources to target/test-classes
2025-09-23 22:26:37,694 [Worker-76: Building] WARN  o.a.m.s.f.DefaultMavenResourcesFiltering - Using platform encoding (UTF-8 actually) to copy filtered resources, i.e. build is platform dependent!
2025-09-23 22:26:37,696 [Worker-76: Building] INFO  o.a.m.s.f.DefaultMavenResourcesFiltering - Copying 0 resource from src/main/resources to target/classes
2025-09-23 22:26:37,698 [Worker-76: Building] WARN  o.a.m.s.f.DefaultMavenResourcesFiltering - Using platform encoding (UTF-8 actually) to copy filtered resources, i.e. build is platform dependent!
2025-09-23 22:26:37,699 [Worker-76: Building] INFO  o.a.m.s.f.DefaultMavenResourcesFiltering - Copying 0 resource from src/test/resources to target/test-classes
2025-09-23 22:27:33,569 [Worker-80: Building] WARN  o.a.m.s.f.DefaultMavenResourcesFiltering - Using platform encoding (UTF-8 actually) to copy filtered resources, i.e. build is platform dependent!
2025-09-23 22:27:33,571 [Worker-80: Building] INFO  o.a.m.s.f.DefaultMavenResourcesFiltering - Copying 0 resource from src/main/resources to target/classes
2025-09-23 22:27:33,574 [Worker-80: Building] WARN  o.a.m.s.f.DefaultMavenResourcesFiltering - Using platform encoding (UTF-8 actually) to copy filtered resources, i.e. build is platform dependent!
2025-09-23 22:27:33,574 [Worker-80: Building] INFO  o.a.m.s.f.DefaultMavenResourcesFiltering - Copying 0 resource from src/test/resources to target/test-classes
2025-09-23 22:27:46,768 [Worker-70: Building] WARN  o.a.m.s.f.DefaultMavenResourcesFiltering - Using platform encoding (UTF-8 actually) to copy filtered resources, i.e. build is platform dependent!
2025-09-23 22:27:46,769 [Worker-70: Building] INFO  o.a.m.s.f.DefaultMavenResourcesFiltering - Copying 0 resource from src/main/resources to target/classes
2025-09-23 22:27:46,771 [Worker-70: Building] WARN  o.a.m.s.f.DefaultMavenResourcesFiltering - Using platform encoding (UTF-8 actually) to copy filtered resources, i.e. build is platform dependent!
2025-09-23 22:27:46,772 [Worker-70: Building] INFO  o.a.m.s.f.DefaultMavenResourcesFiltering - Copying 0 resource from src/test/resources to target/test-classes
2025-09-23 22:27:51,018 [Worker-77: Building] WARN  o.a.m.s.f.DefaultMavenResourcesFiltering - Using platform encoding (UTF-8 actually) to copy filtered resources, i.e. build is platform dependent!
2025-09-23 22:27:51,019 [Worker-77: Building] INFO  o.a.m.s.f.DefaultMavenResourcesFiltering - Copying 0 resource from src/main/resources to target/classes
2025-09-23 22:27:51,020 [Worker-77: Building] WARN  o.a.m.s.f.DefaultMavenResourcesFiltering - Using platform encoding (UTF-8 actually) to copy filtered resources, i.e. build is platform dependent!
2025-09-23 22:27:51,020 [Worker-77: Building] INFO  o.a.m.s.f.DefaultMavenResourcesFiltering - Copying 0 resource from src/test/resources to target/test-classes
2025-09-23 22:28:02,293 [Worker-78: Building] WARN  o.a.m.s.f.DefaultMavenResourcesFiltering - Using platform encoding (UTF-8 actually) to copy filtered resources, i.e. build is platform dependent!
2025-09-23 22:28:02,293 [Worker-78: Building] INFO  o.a.m.s.f.DefaultMavenResourcesFiltering - Copying 0 resource from src/main/resources to target/classes
2025-09-23 22:28:02,297 [Worker-78: Building] WARN  o.a.m.s.f.DefaultMavenResourcesFiltering - Using platform encoding (UTF-8 actually) to copy filtered resources, i.e. build is platform dependent!
2025-09-23 22:28:02,298 [Worker-78: Building] INFO  o.a.m.s.f.DefaultMavenResourcesFiltering - Copying 0 resource from src/test/resources to target/test-classes
2025-09-23 22:28:32,836 [Worker-78: Building] WARN  o.a.m.s.f.DefaultMavenResourcesFiltering - Using platform encoding (UTF-8 actually) to copy filtered resources, i.e. build is platform dependent!
2025-09-23 22:28:32,858 [Worker-78: Building] INFO  o.a.m.s.f.DefaultMavenResourcesFiltering - Copying 0 resource from src/main/resources to target/classes
2025-09-23 22:28:32,867 [Worker-78: Building] WARN  o.a.m.s.f.DefaultMavenResourcesFiltering - Using platform encoding (UTF-8 actually) to copy filtered resources, i.e. build is platform dependent!
2025-09-23 22:28:32,868 [Worker-78: Building] INFO  o.a.m.s.f.DefaultMavenResourcesFiltering - Copying 0 resource from src/test/resources to target/test-classes
2025-09-23 22:28:58,952 [Worker-78: Building] WARN  o.a.m.s.f.DefaultMavenResourcesFiltering - Using platform encoding (UTF-8 actually) to copy filtered resources, i.e. build is platform dependent!
2025-09-23 22:28:58,953 [Worker-78: Building] INFO  o.a.m.s.f.DefaultMavenResourcesFiltering - Copying 0 resource from src/main/resources to target/classes
2025-09-23 22:28:58,954 [Worker-78: Building] WARN  o.a.m.s.f.DefaultMavenResourcesFiltering - Using platform encoding (UTF-8 actually) to copy filtered resources, i.e. build is platform dependent!
2025-09-23 22:28:58,954 [Worker-78: Building] INFO  o.a.m.s.f.DefaultMavenResourcesFiltering - Copying 0 resource from src/test/resources to target/test-classes
2025-09-23 22:29:15,226 [Worker-80: Building] WARN  o.a.m.s.f.DefaultMavenResourcesFiltering - Using platform encoding (UTF-8 actually) to copy filtered resources, i.e. build is platform dependent!
2025-09-23 22:29:15,227 [Worker-80: Building] INFO  o.a.m.s.f.DefaultMavenResourcesFiltering - Copying 0 resource from src/main/resources to target/classes
2025-09-23 22:29:15,228 [Worker-80: Building] WARN  o.a.m.s.f.DefaultMavenResourcesFiltering - Using platform encoding (UTF-8 actually) to copy filtered resources, i.e. build is platform dependent!
2025-09-23 22:29:15,229 [Worker-80: Building] INFO  o.a.m.s.f.DefaultMavenResourcesFiltering - Copying 0 resource from src/test/resources to target/test-classes
2025-09-23 22:29:44,950 [Worker-70: Building] WARN  o.a.m.s.f.DefaultMavenResourcesFiltering - Using platform encoding (UTF-8 actually) to copy filtered resources, i.e. build is platform dependent!
2025-09-23 22:29:44,954 [Worker-70: Building] INFO  o.a.m.s.f.DefaultMavenResourcesFiltering - Copying 0 resource from src/main/resources to target/classes
2025-09-23 22:29:44,955 [Worker-70: Building] WARN  o.a.m.s.f.DefaultMavenResourcesFiltering - Using platform encoding (UTF-8 actually) to copy filtered resources, i.e. build is platform dependent!
2025-09-23 22:29:44,956 [Worker-70: Building] INFO  o.a.m.s.f.DefaultMavenResourcesFiltering - Copying 0 resource from src/test/resources to target/test-classes
2025-09-23 22:30:12,072 [Worker-64: Building] WARN  o.a.m.s.f.DefaultMavenResourcesFiltering - Using platform encoding (UTF-8 actually) to copy filtered resources, i.e. build is platform dependent!
2025-09-23 22:30:12,178 [Worker-64: Building] INFO  o.a.m.s.f.DefaultMavenResourcesFiltering - Copying 0 resource from src/main/resources to target/classes
2025-09-23 22:30:12,197 [Worker-64: Building] WARN  o.a.m.s.f.DefaultMavenResourcesFiltering - Using platform encoding (UTF-8 actually) to copy filtered resources, i.e. build is platform dependent!
2025-09-23 22:30:12,201 [Worker-64: Building] INFO  o.a.m.s.f.DefaultMavenResourcesFiltering - Copying 0 resource from src/test/resources to target/test-classes
2025-09-23 22:32:23,781 [Worker-77: Building] WARN  o.a.m.s.f.DefaultMavenResourcesFiltering - Using platform encoding (UTF-8 actually) to copy filtered resources, i.e. build is platform dependent!
2025-09-23 22:32:23,784 [Worker-77: Building] INFO  o.a.m.s.f.DefaultMavenResourcesFiltering - Copying 0 resource from src/main/resources to target/classes
2025-09-23 22:32:23,786 [Worker-77: Building] WARN  o.a.m.s.f.DefaultMavenResourcesFiltering - Using platform encoding (UTF-8 actually) to copy filtered resources, i.e. build is platform dependent!
2025-09-23 22:32:23,786 [Worker-77: Building] INFO  o.a.m.s.f.DefaultMavenResourcesFiltering - Copying 0 resource from src/test/resources to target/test-classes
2025-09-23 22:32:31,903 [Worker-79: Building] WARN  o.a.m.s.f.DefaultMavenResourcesFiltering - Using platform encoding (UTF-8 actually) to copy filtered resources, i.e. build is platform dependent!
2025-09-23 22:32:31,904 [Worker-79: Building] INFO  o.a.m.s.f.DefaultMavenResourcesFiltering - Copying 0 resource from src/main/resources to target/classes
2025-09-23 22:32:31,906 [Worker-79: Building] WARN  o.a.m.s.f.DefaultMavenResourcesFiltering - Using platform encoding (UTF-8 actually) to copy filtered resources, i.e. build is platform dependent!
2025-09-23 22:32:31,906 [Worker-79: Building] INFO  o.a.m.s.f.DefaultMavenResourcesFiltering - Copying 0 resource from src/test/resources to target/test-classes
2025-09-23 22:32:43,510 [Worker-64: Building] WARN  o.a.m.s.f.DefaultMavenResourcesFiltering - Using platform encoding (UTF-8 actually) to copy filtered resources, i.e. build is platform dependent!
2025-09-23 22:32:43,511 [Worker-64: Building] INFO  o.a.m.s.f.DefaultMavenResourcesFiltering - Copying 0 resource from src/main/resources to target/classes
2025-09-23 22:32:43,513 [Worker-64: Building] WARN  o.a.m.s.f.DefaultMavenResourcesFiltering - Using platform encoding (UTF-8 actually) to copy filtered resources, i.e. build is platform dependent!
2025-09-23 22:32:43,514 [Worker-64: Building] INFO  o.a.m.s.f.DefaultMavenResourcesFiltering - Copying 0 resource from src/test/resources to target/test-classes
2025-09-23 22:34:06,944 [Worker-79: Building] WARN  o.a.m.s.f.DefaultMavenResourcesFiltering - Using platform encoding (UTF-8 actually) to copy filtered resources, i.e. build is platform dependent!
2025-09-23 22:34:06,962 [Worker-79: Building] INFO  o.a.m.s.f.DefaultMavenResourcesFiltering - Copying 0 resource from src/main/resources to target/classes
2025-09-23 22:34:06,999 [Worker-79: Building] WARN  o.a.m.s.f.DefaultMavenResourcesFiltering - Using platform encoding (UTF-8 actually) to copy filtered resources, i.e. build is platform dependent!
2025-09-23 22:34:07,003 [Worker-79: Building] INFO  o.a.m.s.f.DefaultMavenResourcesFiltering - Copying 0 resource from src/test/resources to target/test-classes
2025-09-23 22:34:09,934 [Worker-70: Building] WARN  o.a.m.s.f.DefaultMavenResourcesFiltering - Using platform encoding (UTF-8 actually) to copy filtered resources, i.e. build is platform dependent!
2025-09-23 22:34:09,936 [Worker-70: Building] INFO  o.a.m.s.f.DefaultMavenResourcesFiltering - Copying 0 resource from src/main/resources to target/classes
2025-09-23 22:34:09,939 [Worker-70: Building] WARN  o.a.m.s.f.DefaultMavenResourcesFiltering - Using platform encoding (UTF-8 actually) to copy filtered resources, i.e. build is platform dependent!
2025-09-23 22:34:09,940 [Worker-70: Building] INFO  o.a.m.s.f.DefaultMavenResourcesFiltering - Copying 0 resource from src/test/resources to target/test-classes
2025-09-23 22:34:52,457 [Worker-77: Building] WARN  o.a.m.s.f.DefaultMavenResourcesFiltering - Using platform encoding (UTF-8 actually) to copy filtered resources, i.e. build is platform dependent!
2025-09-23 22:34:52,461 [Worker-77: Building] INFO  o.a.m.s.f.DefaultMavenResourcesFiltering - Copying 0 resource from src/main/resources to target/classes
2025-09-23 22:34:52,463 [Worker-77: Building] WARN  o.a.m.s.f.DefaultMavenResourcesFiltering - Using platform encoding (UTF-8 actually) to copy filtered resources, i.e. build is platform dependent!
2025-09-23 22:34:52,464 [Worker-77: Building] INFO  o.a.m.s.f.DefaultMavenResourcesFiltering - Copying 0 resource from src/test/resources to target/test-classes
2025-09-24 19:00:08,823 [Worker-7: Loading available Gradle versions] INFO  o.e.b.c.i.u.g.PublishedGradleVersions - Gradle version information cache is up-to-date. Trying to read.
2025-09-24 19:05:44,009 [ModalContext] INFO  o.e.m.c.i.e.AbstractTransferListenerAdapter - Downloading https://repo.maven.apache.org/maven2/io/cucumber/cucumber-archetype/7.28.2/cucumber-archetype-7.28.2.pom
2025-09-24 19:05:44,056 [ModalContext] INFO  o.e.m.c.i.e.AbstractTransferListenerAdapter - Downloaded https://repo.maven.apache.org/maven2/io/cucumber/cucumber-archetype/7.28.2/cucumber-archetype-7.28.2.pom
2025-09-24 19:05:44,095 [ModalContext] INFO  o.e.m.c.i.e.AbstractTransferListenerAdapter - Downloading https://repo.maven.apache.org/maven2/io/cucumber/cucumber-jvm/7.28.2/cucumber-jvm-7.28.2.pom
2025-09-24 19:05:44,103 [ModalContext] INFO  o.e.m.c.i.e.AbstractTransferListenerAdapter - Downloaded https://repo.maven.apache.org/maven2/io/cucumber/cucumber-jvm/7.28.2/cucumber-jvm-7.28.2.pom
2025-09-24 19:05:44,145 [ModalContext] INFO  o.e.m.c.i.e.AbstractTransferListenerAdapter - Downloading https://repo.maven.apache.org/maven2/io/cucumber/cucumber-bom/7.28.2/cucumber-bom-7.28.2.pom
2025-09-24 19:05:44,147 [ModalContext] INFO  o.e.m.c.i.e.AbstractTransferListenerAdapter - Downloaded https://repo.maven.apache.org/maven2/io/cucumber/cucumber-bom/7.28.2/cucumber-bom-7.28.2.pom
2025-09-24 19:05:44,161 [ModalContext] INFO  o.e.m.c.i.e.AbstractTransferListenerAdapter - Downloading https://repo.maven.apache.org/maven2/org/junit/junit-bom/5.13.4/junit-bom-5.13.4.pom
2025-09-24 19:05:44,162 [ModalContext] INFO  o.e.m.c.i.e.AbstractTransferListenerAdapter - Downloaded https://repo.maven.apache.org/maven2/org/junit/junit-bom/5.13.4/junit-bom-5.13.4.pom
2025-09-24 19:05:44,178 [ModalContext] INFO  o.e.m.c.i.e.AbstractTransferListenerAdapter - Downloading https://repo.maven.apache.org/maven2/org/assertj/assertj-bom/3.27.4/assertj-bom-3.27.4.pom
2025-09-24 19:05:44,179 [ModalContext] INFO  o.e.m.c.i.e.AbstractTransferListenerAdapter - Downloaded https://repo.maven.apache.org/maven2/org/assertj/assertj-bom/3.27.4/assertj-bom-3.27.4.pom
2025-09-24 19:05:44,524 [ModalContext] INFO  o.e.m.c.i.e.AbstractTransferListenerAdapter - Downloading https://repo.maven.apache.org/maven2/io/cucumber/cucumber-archetype/7.28.2/cucumber-archetype-7.28.2.jar
2025-09-24 19:05:44,529 [ModalContext] INFO  o.e.m.c.i.e.AbstractTransferListenerAdapter - Downloaded https://repo.maven.apache.org/maven2/io/cucumber/cucumber-archetype/7.28.2/cucumber-archetype-7.28.2.jar
2025-09-24 19:05:58,216 [Worker-91: Launching mavenrun-e57fd0f6-1e4c-4da8-b178-3808e1b532b2] INFO  o.eclipse.m2e.core.internal.Bundles - getClasspathEntries(Bundle=org.eclipse.m2e.maven.runtime_3.9.900.20240824-1409 [298])
2025-09-24 19:05:58,219 [Worker-91: Launching mavenrun-e57fd0f6-1e4c-4da8-b178-3808e1b532b2] INFO  o.eclipse.m2e.core.internal.Bundles - 	Entry: /Applications/Eclipse.app/Contents/Eclipse/plugins/org.eclipse.m2e.maven.runtime_3.9.900.20240824-1409
2025-09-24 19:05:58,220 [Worker-91: Launching mavenrun-e57fd0f6-1e4c-4da8-b178-3808e1b532b2] INFO  o.eclipse.m2e.core.internal.Bundles - 	Entry: /Applications/Eclipse.app/Contents/Eclipse/plugins/org.eclipse.m2e.maven.runtime_3.9.900.20240824-1409/jars/aopalliance-1.0.jar
2025-09-24 19:05:58,222 [Worker-91: Launching mavenrun-e57fd0f6-1e4c-4da8-b178-3808e1b532b2] INFO  o.eclipse.m2e.core.internal.Bundles - 	Entry: /Applications/Eclipse.app/Contents/Eclipse/plugins/org.eclipse.m2e.maven.runtime_3.9.900.20240824-1409/jars/guice-5.1.0.jar
2025-09-24 19:05:58,222 [Worker-91: Launching mavenrun-e57fd0f6-1e4c-4da8-b178-3808e1b532b2] INFO  o.eclipse.m2e.core.internal.Bundles - 	Entry: /Applications/Eclipse.app/Contents/Eclipse/plugins/org.eclipse.m2e.maven.runtime_3.9.900.20240824-1409/jars/httpclient-4.5.14.jar
2025-09-24 19:05:58,222 [Worker-91: Launching mavenrun-e57fd0f6-1e4c-4da8-b178-3808e1b532b2] INFO  o.eclipse.m2e.core.internal.Bundles - 	Entry: /Applications/Eclipse.app/Contents/Eclipse/plugins/org.eclipse.m2e.maven.runtime_3.9.900.20240824-1409/jars/httpcore-4.4.16.jar
2025-09-24 19:05:58,222 [Worker-91: Launching mavenrun-e57fd0f6-1e4c-4da8-b178-3808e1b532b2] INFO  o.eclipse.m2e.core.internal.Bundles - 	Entry: /Applications/Eclipse.app/Contents/Eclipse/plugins/org.eclipse.m2e.maven.runtime_3.9.900.20240824-1409/jars/jansi-2.4.1.jar
2025-09-24 19:05:58,222 [Worker-91: Launching mavenrun-e57fd0f6-1e4c-4da8-b178-3808e1b532b2] INFO  o.eclipse.m2e.core.internal.Bundles - 	Entry: /Applications/Eclipse.app/Contents/Eclipse/plugins/org.eclipse.m2e.maven.runtime_3.9.900.20240824-1409/jars/jcl-over-slf4j-1.7.36.jar
2025-09-24 19:05:58,222 [Worker-91: Launching mavenrun-e57fd0f6-1e4c-4da8-b178-3808e1b532b2] INFO  o.eclipse.m2e.core.internal.Bundles - 	Entry: /Applications/Eclipse.app/Contents/Eclipse/plugins/org.eclipse.m2e.maven.runtime_3.9.900.20240824-1409/jars/maven-artifact-3.9.9.jar
2025-09-24 19:05:58,222 [Worker-91: Launching mavenrun-e57fd0f6-1e4c-4da8-b178-3808e1b532b2] INFO  o.eclipse.m2e.core.internal.Bundles - 	Entry: /Applications/Eclipse.app/Contents/Eclipse/plugins/org.eclipse.m2e.maven.runtime_3.9.900.20240824-1409/jars/maven-builder-support-3.9.9.jar
2025-09-24 19:05:58,222 [Worker-91: Launching mavenrun-e57fd0f6-1e4c-4da8-b178-3808e1b532b2] INFO  o.eclipse.m2e.core.internal.Bundles - 	Entry: /Applications/Eclipse.app/Contents/Eclipse/plugins/org.eclipse.m2e.maven.runtime_3.9.900.20240824-1409/jars/maven-compat-3.9.9.jar
2025-09-24 19:05:58,222 [Worker-91: Launching mavenrun-e57fd0f6-1e4c-4da8-b178-3808e1b532b2] INFO  o.eclipse.m2e.core.internal.Bundles - 	Entry: /Applications/Eclipse.app/Contents/Eclipse/plugins/org.eclipse.m2e.maven.runtime_3.9.900.20240824-1409/jars/maven-core-3.9.9.jar
2025-09-24 19:05:58,222 [Worker-91: Launching mavenrun-e57fd0f6-1e4c-4da8-b178-3808e1b532b2] INFO  o.eclipse.m2e.core.internal.Bundles - 	Entry: /Applications/Eclipse.app/Contents/Eclipse/plugins/org.eclipse.m2e.maven.runtime_3.9.900.20240824-1409/jars/maven-embedder-3.9.9.jar
2025-09-24 19:05:58,222 [Worker-91: Launching mavenrun-e57fd0f6-1e4c-4da8-b178-3808e1b532b2] INFO  o.eclipse.m2e.core.internal.Bundles - 	Entry: /Applications/Eclipse.app/Contents/Eclipse/plugins/org.eclipse.m2e.maven.runtime_3.9.900.20240824-1409/jars/maven-model-3.9.9.jar
2025-09-24 19:05:58,222 [Worker-91: Launching mavenrun-e57fd0f6-1e4c-4da8-b178-3808e1b532b2] INFO  o.eclipse.m2e.core.internal.Bundles - 	Entry: /Applications/Eclipse.app/Contents/Eclipse/plugins/org.eclipse.m2e.maven.runtime_3.9.900.20240824-1409/jars/maven-model-builder-3.9.9.jar
2025-09-24 19:05:58,222 [Worker-91: Launching mavenrun-e57fd0f6-1e4c-4da8-b178-3808e1b532b2] INFO  o.eclipse.m2e.core.internal.Bundles - 	Entry: /Applications/Eclipse.app/Contents/Eclipse/plugins/org.eclipse.m2e.maven.runtime_3.9.900.20240824-1409/jars/maven-plugin-api-3.9.9.jar
2025-09-24 19:05:58,222 [Worker-91: Launching mavenrun-e57fd0f6-1e4c-4da8-b178-3808e1b532b2] INFO  o.eclipse.m2e.core.internal.Bundles - 	Entry: /Applications/Eclipse.app/Contents/Eclipse/plugins/org.eclipse.m2e.maven.runtime_3.9.900.20240824-1409/jars/maven-repository-metadata-3.9.9.jar
2025-09-24 19:05:58,222 [Worker-91: Launching mavenrun-e57fd0f6-1e4c-4da8-b178-3808e1b532b2] INFO  o.eclipse.m2e.core.internal.Bundles - 	Entry: /Applications/Eclipse.app/Contents/Eclipse/plugins/org.eclipse.m2e.maven.runtime_3.9.900.20240824-1409/jars/maven-resolver-api-1.9.22.jar
2025-09-24 19:05:58,222 [Worker-91: Launching mavenrun-e57fd0f6-1e4c-4da8-b178-3808e1b532b2] INFO  o.eclipse.m2e.core.internal.Bundles - 	Entry: /Applications/Eclipse.app/Contents/Eclipse/plugins/org.eclipse.m2e.maven.runtime_3.9.900.20240824-1409/jars/maven-resolver-connector-basic-1.9.22.jar
2025-09-24 19:05:58,222 [Worker-91: Launching mavenrun-e57fd0f6-1e4c-4da8-b178-3808e1b532b2] INFO  o.eclipse.m2e.core.internal.Bundles - 	Entry: /Applications/Eclipse.app/Contents/Eclipse/plugins/org.eclipse.m2e.maven.runtime_3.9.900.20240824-1409/jars/maven-resolver-impl-1.9.22.jar
2025-09-24 19:05:58,222 [Worker-91: Launching mavenrun-e57fd0f6-1e4c-4da8-b178-3808e1b532b2] INFO  o.eclipse.m2e.core.internal.Bundles - 	Entry: /Applications/Eclipse.app/Contents/Eclipse/plugins/org.eclipse.m2e.maven.runtime_3.9.900.20240824-1409/jars/maven-resolver-named-locks-1.9.22.jar
2025-09-24 19:05:58,222 [Worker-91: Launching mavenrun-e57fd0f6-1e4c-4da8-b178-3808e1b532b2] INFO  o.eclipse.m2e.core.internal.Bundles - 	Entry: /Applications/Eclipse.app/Contents/Eclipse/plugins/org.eclipse.m2e.maven.runtime_3.9.900.20240824-1409/jars/maven-resolver-provider-3.9.9.jar
2025-09-24 19:05:58,222 [Worker-91: Launching mavenrun-e57fd0f6-1e4c-4da8-b178-3808e1b532b2] INFO  o.eclipse.m2e.core.internal.Bundles - 	Entry: /Applications/Eclipse.app/Contents/Eclipse/plugins/org.eclipse.m2e.maven.runtime_3.9.900.20240824-1409/jars/maven-resolver-spi-1.9.22.jar
2025-09-24 19:05:58,222 [Worker-91: Launching mavenrun-e57fd0f6-1e4c-4da8-b178-3808e1b532b2] INFO  o.eclipse.m2e.core.internal.Bundles - 	Entry: /Applications/Eclipse.app/Contents/Eclipse/plugins/org.eclipse.m2e.maven.runtime_3.9.900.20240824-1409/jars/maven-resolver-transport-file-1.9.22.jar
2025-09-24 19:05:58,222 [Worker-91: Launching mavenrun-e57fd0f6-1e4c-4da8-b178-3808e1b532b2] INFO  o.eclipse.m2e.core.internal.Bundles - 	Entry: /Applications/Eclipse.app/Contents/Eclipse/plugins/org.eclipse.m2e.maven.runtime_3.9.900.20240824-1409/jars/maven-resolver-transport-http-1.9.22.jar
2025-09-24 19:05:58,222 [Worker-91: Launching mavenrun-e57fd0f6-1e4c-4da8-b178-3808e1b532b2] INFO  o.eclipse.m2e.core.internal.Bundles - 	Entry: /Applications/Eclipse.app/Contents/Eclipse/plugins/org.eclipse.m2e.maven.runtime_3.9.900.20240824-1409/jars/maven-resolver-transport-wagon-1.9.22.jar
2025-09-24 19:05:58,222 [Worker-91: Launching mavenrun-e57fd0f6-1e4c-4da8-b178-3808e1b532b2] INFO  o.eclipse.m2e.core.internal.Bundles - 	Entry: /Applications/Eclipse.app/Contents/Eclipse/plugins/org.eclipse.m2e.maven.runtime_3.9.900.20240824-1409/jars/maven-resolver-util-1.9.22.jar
2025-09-24 19:05:58,223 [Worker-91: Launching mavenrun-e57fd0f6-1e4c-4da8-b178-3808e1b532b2] INFO  o.eclipse.m2e.core.internal.Bundles - 	Entry: /Applications/Eclipse.app/Contents/Eclipse/plugins/org.eclipse.m2e.maven.runtime_3.9.900.20240824-1409/jars/maven-settings-3.9.9.jar
2025-09-24 19:05:58,223 [Worker-91: Launching mavenrun-e57fd0f6-1e4c-4da8-b178-3808e1b532b2] INFO  o.eclipse.m2e.core.internal.Bundles - 	Entry: /Applications/Eclipse.app/Contents/Eclipse/plugins/org.eclipse.m2e.maven.runtime_3.9.900.20240824-1409/jars/maven-settings-builder-3.9.9.jar
2025-09-24 19:05:58,223 [Worker-91: Launching mavenrun-e57fd0f6-1e4c-4da8-b178-3808e1b532b2] INFO  o.eclipse.m2e.core.internal.Bundles - 	Entry: /Applications/Eclipse.app/Contents/Eclipse/plugins/org.eclipse.m2e.maven.runtime_3.9.900.20240824-1409/jars/maven-shared-utils-3.4.2.jar
2025-09-24 19:05:58,223 [Worker-91: Launching mavenrun-e57fd0f6-1e4c-4da8-b178-3808e1b532b2] INFO  o.eclipse.m2e.core.internal.Bundles - 	Entry: /Applications/Eclipse.app/Contents/Eclipse/plugins/org.eclipse.m2e.maven.runtime_3.9.900.20240824-1409/jars/org.eclipse.sisu.inject-0.9.0.M3.jar
2025-09-24 19:05:58,223 [Worker-91: Launching mavenrun-e57fd0f6-1e4c-4da8-b178-3808e1b532b2] INFO  o.eclipse.m2e.core.internal.Bundles - 	Entry: /Applications/Eclipse.app/Contents/Eclipse/plugins/org.eclipse.m2e.maven.runtime_3.9.900.20240824-1409/jars/org.eclipse.sisu.plexus-0.9.0.M3.jar
2025-09-24 19:05:58,223 [Worker-91: Launching mavenrun-e57fd0f6-1e4c-4da8-b178-3808e1b532b2] INFO  o.eclipse.m2e.core.internal.Bundles - 	Entry: /Applications/Eclipse.app/Contents/Eclipse/plugins/org.eclipse.m2e.maven.runtime_3.9.900.20240824-1409/jars/plexus-build-api-0.0.7.jar
2025-09-24 19:05:58,223 [Worker-91: Launching mavenrun-e57fd0f6-1e4c-4da8-b178-3808e1b532b2] INFO  o.eclipse.m2e.core.internal.Bundles - 	Entry: /Applications/Eclipse.app/Contents/Eclipse/plugins/org.eclipse.m2e.maven.runtime_3.9.900.20240824-1409/jars/plexus-build-api-1.2.0.jar
2025-09-24 19:05:58,223 [Worker-91: Launching mavenrun-e57fd0f6-1e4c-4da8-b178-3808e1b532b2] INFO  o.eclipse.m2e.core.internal.Bundles - 	Entry: /Applications/Eclipse.app/Contents/Eclipse/plugins/org.eclipse.m2e.maven.runtime_3.9.900.20240824-1409/jars/plexus-cipher-2.0.jar
2025-09-24 19:05:58,223 [Worker-91: Launching mavenrun-e57fd0f6-1e4c-4da8-b178-3808e1b532b2] INFO  o.eclipse.m2e.core.internal.Bundles - 	Entry: /Applications/Eclipse.app/Contents/Eclipse/plugins/org.eclipse.m2e.maven.runtime_3.9.900.20240824-1409/jars/plexus-classworlds-2.8.0.jar
2025-09-24 19:05:58,223 [Worker-91: Launching mavenrun-e57fd0f6-1e4c-4da8-b178-3808e1b532b2] INFO  o.eclipse.m2e.core.internal.Bundles - 	Entry: /Applications/Eclipse.app/Contents/Eclipse/plugins/org.eclipse.m2e.maven.runtime_3.9.900.20240824-1409/jars/plexus-component-annotations-2.1.0.jar
2025-09-24 19:05:58,223 [Worker-91: Launching mavenrun-e57fd0f6-1e4c-4da8-b178-3808e1b532b2] INFO  o.eclipse.m2e.core.internal.Bundles - 	Entry: /Applications/Eclipse.app/Contents/Eclipse/plugins/org.eclipse.m2e.maven.runtime_3.9.900.20240824-1409/jars/plexus-interpolation-1.27.jar
2025-09-24 19:05:58,224 [Worker-91: Launching mavenrun-e57fd0f6-1e4c-4da8-b178-3808e1b532b2] INFO  o.eclipse.m2e.core.internal.Bundles - 	Entry: /Applications/Eclipse.app/Contents/Eclipse/plugins/org.eclipse.m2e.maven.runtime_3.9.900.20240824-1409/jars/plexus-sec-dispatcher-2.0.jar
2025-09-24 19:05:58,224 [Worker-91: Launching mavenrun-e57fd0f6-1e4c-4da8-b178-3808e1b532b2] INFO  o.eclipse.m2e.core.internal.Bundles - 	Entry: /Applications/Eclipse.app/Contents/Eclipse/plugins/org.eclipse.m2e.maven.runtime_3.9.900.20240824-1409/jars/plexus-utils-3.5.1.jar
2025-09-24 19:05:58,224 [Worker-91: Launching mavenrun-e57fd0f6-1e4c-4da8-b178-3808e1b532b2] INFO  o.eclipse.m2e.core.internal.Bundles - 	Entry: /Applications/Eclipse.app/Contents/Eclipse/plugins/org.eclipse.m2e.maven.runtime_3.9.900.20240824-1409/jars/plexus-xml-3.0.1.jar
2025-09-24 19:05:58,224 [Worker-91: Launching mavenrun-e57fd0f6-1e4c-4da8-b178-3808e1b532b2] INFO  o.eclipse.m2e.core.internal.Bundles - 	Entry: /Applications/Eclipse.app/Contents/Eclipse/plugins/org.eclipse.m2e.maven.runtime_3.9.900.20240824-1409/jars/wagon-file-3.5.3.jar
2025-09-24 19:05:58,224 [Worker-91: Launching mavenrun-e57fd0f6-1e4c-4da8-b178-3808e1b532b2] INFO  o.eclipse.m2e.core.internal.Bundles - 	Entry: /Applications/Eclipse.app/Contents/Eclipse/plugins/org.eclipse.m2e.maven.runtime_3.9.900.20240824-1409/jars/wagon-http-3.5.3.jar
2025-09-24 19:05:58,224 [Worker-91: Launching mavenrun-e57fd0f6-1e4c-4da8-b178-3808e1b532b2] INFO  o.eclipse.m2e.core.internal.Bundles - 	Entry: /Applications/Eclipse.app/Contents/Eclipse/plugins/org.eclipse.m2e.maven.runtime_3.9.900.20240824-1409/jars/wagon-http-shared-3.5.3.jar
2025-09-24 19:05:58,224 [Worker-91: Launching mavenrun-e57fd0f6-1e4c-4da8-b178-3808e1b532b2] INFO  o.eclipse.m2e.core.internal.Bundles - 	Entry: /Applications/Eclipse.app/Contents/Eclipse/plugins/org.eclipse.m2e.maven.runtime_3.9.900.20240824-1409/jars/wagon-provider-api-3.5.3.jar
2025-09-24 19:05:58,226 [Worker-91: Launching mavenrun-e57fd0f6-1e4c-4da8-b178-3808e1b532b2] INFO  o.eclipse.m2e.core.internal.Bundles - getClasspathEntries(Bundle=com.google.guava_33.3.1.jre [529])
2025-09-24 19:05:58,227 [Worker-91: Launching mavenrun-e57fd0f6-1e4c-4da8-b178-3808e1b532b2] INFO  o.eclipse.m2e.core.internal.Bundles - 	Entry: /Applications/Eclipse.app/Contents/Eclipse/plugins/com.google.guava_33.3.1.jre.jar
2025-09-24 19:05:58,227 [Worker-91: Launching mavenrun-e57fd0f6-1e4c-4da8-b178-3808e1b532b2] INFO  o.eclipse.m2e.core.internal.Bundles - getClasspathEntries(Bundle=slf4j.api_2.0.16 [520])
2025-09-24 19:05:58,227 [Worker-91: Launching mavenrun-e57fd0f6-1e4c-4da8-b178-3808e1b532b2] INFO  o.eclipse.m2e.core.internal.Bundles - 	Entry: /Applications/Eclipse.app/Contents/Eclipse/plugins/slf4j.api_2.0.16.jar
2025-09-24 19:05:58,227 [Worker-91: Launching mavenrun-e57fd0f6-1e4c-4da8-b178-3808e1b532b2] INFO  o.eclipse.m2e.core.internal.Bundles - getClasspathEntries(Bundle=jakarta.inject.jakarta.inject-api_1.0.5 [22])
2025-09-24 19:05:58,227 [Worker-91: Launching mavenrun-e57fd0f6-1e4c-4da8-b178-3808e1b532b2] INFO  o.eclipse.m2e.core.internal.Bundles - 	Entry: /Applications/Eclipse.app/Contents/Eclipse/plugins/jakarta.inject.jakarta.inject-api_1.0.5.jar
2025-09-24 19:05:58,227 [Worker-91: Launching mavenrun-e57fd0f6-1e4c-4da8-b178-3808e1b532b2] INFO  o.eclipse.m2e.core.internal.Bundles - getClasspathEntries(Bundle=jakarta.annotation-api_1.3.5 [20])
2025-09-24 19:05:58,227 [Worker-91: Launching mavenrun-e57fd0f6-1e4c-4da8-b178-3808e1b532b2] INFO  o.eclipse.m2e.core.internal.Bundles - 	Entry: /Applications/Eclipse.app/Contents/Eclipse/plugins/jakarta.annotation-api_1.3.5.jar
2025-09-24 19:05:58,227 [Worker-91: Launching mavenrun-e57fd0f6-1e4c-4da8-b178-3808e1b532b2] INFO  o.eclipse.m2e.core.internal.Bundles - getClasspathEntries(Bundle=org.apache.commons.cli_1.9.0 [47])
2025-09-24 19:05:58,227 [Worker-91: Launching mavenrun-e57fd0f6-1e4c-4da8-b178-3808e1b532b2] INFO  o.eclipse.m2e.core.internal.Bundles - 	Entry: /Applications/Eclipse.app/Contents/Eclipse/plugins/org.apache.commons.cli_1.9.0.jar
2025-09-24 19:05:58,227 [Worker-91: Launching mavenrun-e57fd0f6-1e4c-4da8-b178-3808e1b532b2] INFO  o.eclipse.m2e.core.internal.Bundles - getClasspathEntries(Bundle=org.apache.commons.commons-codec_1.16.0 [50])
2025-09-24 19:05:58,227 [Worker-91: Launching mavenrun-e57fd0f6-1e4c-4da8-b178-3808e1b532b2] INFO  o.eclipse.m2e.core.internal.Bundles - 	Entry: /Applications/Eclipse.app/Contents/Eclipse/plugins/org.apache.commons.commons-codec_1.16.0.jar
2025-09-24 19:05:58,227 [Worker-91: Launching mavenrun-e57fd0f6-1e4c-4da8-b178-3808e1b532b2] INFO  o.eclipse.m2e.core.internal.Bundles - getClasspathEntries(Bundle=com.google.guava.failureaccess_1.0.2 [11])
2025-09-24 19:05:58,227 [Worker-91: Launching mavenrun-e57fd0f6-1e4c-4da8-b178-3808e1b532b2] INFO  o.eclipse.m2e.core.internal.Bundles - 	Entry: /Applications/Eclipse.app/Contents/Eclipse/plugins/com.google.guava.failureaccess_1.0.2.jar
2025-09-24 19:05:58,231 [Worker-91: Launching mavenrun-e57fd0f6-1e4c-4da8-b178-3808e1b532b2] INFO  o.e.m.i.launch.MavenLaunchDelegate - Run build in "/var/folders/rl/ytnk6vbs63s76j7737gxs7v00000gn/T/m2e-archetypeGenerator13283637975193810048":
2025-09-24 19:05:58,237 [Worker-91: Launching mavenrun-e57fd0f6-1e4c-4da8-b178-3808e1b532b2] INFO  o.e.m.i.launch.MavenLaunchDelegate -  mvn  -DarchetypeGroupId=io.cucumber -DarchetypeArtifactId=cucumber-archetype -DarchetypeVersion=7.28.2 -DgroupId=mycucumberproject -DartifactId=mycucumberproject -Dversion=0.0.1-SNAPSHOT -Dpackage=mycucumberproject.mycucumberproject -DoutputDirectory="/Volumes/Renuka/Professional Stuff (Restricted)/Session_material/Session_WorkSpaces/Automation_SA2506029/SA250629_WebDriver" -Dstyle.color=always -U archetype:generate
2025-09-24 19:06:17,646 [Worker-21: Creating cucumber-archetype] INFO  o.e.m.c.i.p.ProjectConfigurationManager - Collecting project info '/pom.xml' /Volumes/Renuka/Professional Stuff (Restricted)/Session_material/Session_WorkSpaces/Automation_SA2506029/SA250629_WebDriver/mycucumberproject/pom.xml
2025-09-24 19:06:18,453 [Worker-21: Creating cucumber-archetype] INFO  o.e.m.c.i.l.LifecycleMappingFactory - Using org.eclipse.m2e.jdt.JarLifecycleMapping lifecycle mapping for MavenProject: mycucumberproject:mycucumberproject:0.0.1-SNAPSHOT @ /Volumes/Renuka/Professional Stuff (Restricted)/Session_material/Session_WorkSpaces/Automation_SA2506029/SA250629_WebDriver/mycucumberproject/pom.xml.
2025-09-24 19:06:18,534 [Worker-21: Creating cucumber-archetype] INFO  o.e.m.c.i.e.AbstractTransferListenerAdapter - Downloading https://repo.maven.apache.org/maven2/io/cucumber/cucumber-java/7.28.2/cucumber-java-7.28.2.pom
2025-09-24 19:06:18,539 [Worker-21: Creating cucumber-archetype] INFO  o.e.m.c.i.e.AbstractTransferListenerAdapter - Downloaded https://repo.maven.apache.org/maven2/io/cucumber/cucumber-java/7.28.2/cucumber-java-7.28.2.pom
2025-09-24 19:06:18,572 [Worker-21: Creating cucumber-archetype] INFO  o.e.m.c.i.e.AbstractTransferListenerAdapter - Downloading https://repo.maven.apache.org/maven2/com/fasterxml/jackson/jackson-bom/2.20.0/jackson-bom-2.20.0.pom
2025-09-24 19:06:18,577 [Worker-21: Creating cucumber-archetype] INFO  o.e.m.c.i.e.AbstractTransferListenerAdapter - Downloaded https://repo.maven.apache.org/maven2/com/fasterxml/jackson/jackson-bom/2.20.0/jackson-bom-2.20.0.pom
2025-09-24 19:06:18,591 [Worker-21: Creating cucumber-archetype] INFO  o.e.m.c.i.e.AbstractTransferListenerAdapter - Downloading https://repo.maven.apache.org/maven2/com/fasterxml/jackson/jackson-parent/2.20/jackson-parent-2.20.pom
2025-09-24 19:06:18,592 [Worker-21: Creating cucumber-archetype] INFO  o.e.m.c.i.e.AbstractTransferListenerAdapter - Downloaded https://repo.maven.apache.org/maven2/com/fasterxml/jackson/jackson-parent/2.20/jackson-parent-2.20.pom
2025-09-24 19:06:18,605 [Worker-21: Creating cucumber-archetype] INFO  o.e.m.c.i.e.AbstractTransferListenerAdapter - Downloading https://repo.maven.apache.org/maven2/com/fasterxml/oss-parent/70/oss-parent-70.pom
2025-09-24 19:06:18,609 [Worker-21: Creating cucumber-archetype] INFO  o.e.m.c.i.e.AbstractTransferListenerAdapter - Downloaded https://repo.maven.apache.org/maven2/com/fasterxml/oss-parent/70/oss-parent-70.pom
2025-09-24 19:06:18,628 [Worker-21: Creating cucumber-archetype] INFO  o.e.m.c.i.e.AbstractTransferListenerAdapter - Downloading https://repo.maven.apache.org/maven2/io/cucumber/cucumber-core/7.28.2/cucumber-core-7.28.2.pom
2025-09-24 19:06:18,631 [Worker-21: Creating cucumber-archetype] INFO  o.e.m.c.i.e.AbstractTransferListenerAdapter - Downloaded https://repo.maven.apache.org/maven2/io/cucumber/cucumber-core/7.28.2/cucumber-core-7.28.2.pom
2025-09-24 19:06:18,669 [Worker-21: Creating cucumber-archetype] INFO  o.e.m.c.i.e.AbstractTransferListenerAdapter - Downloading https://repo.maven.apache.org/maven2/io/cucumber/cucumber-gherkin/7.28.2/cucumber-gherkin-7.28.2.pom
2025-09-24 19:06:18,671 [Worker-21: Creating cucumber-archetype] INFO  o.e.m.c.i.e.AbstractTransferListenerAdapter - Downloaded https://repo.maven.apache.org/maven2/io/cucumber/cucumber-gherkin/7.28.2/cucumber-gherkin-7.28.2.pom
2025-09-24 19:06:18,687 [Worker-21: Creating cucumber-archetype] INFO  o.e.m.c.i.e.AbstractTransferListenerAdapter - Downloading https://repo.maven.apache.org/maven2/io/cucumber/cucumber-plugin/7.28.2/cucumber-plugin-7.28.2.pom
2025-09-24 19:06:18,688 [Worker-21: Creating cucumber-archetype] INFO  o.e.m.c.i.e.AbstractTransferListenerAdapter - Downloaded https://repo.maven.apache.org/maven2/io/cucumber/cucumber-plugin/7.28.2/cucumber-plugin-7.28.2.pom
2025-09-24 19:06:18,710 [Worker-21: Creating cucumber-archetype] INFO  o.e.m.c.i.e.AbstractTransferListenerAdapter - Downloading https://repo.maven.apache.org/maven2/io/cucumber/cucumber-gherkin-messages/7.28.2/cucumber-gherkin-messages-7.28.2.pom
2025-09-24 19:06:18,711 [Worker-21: Creating cucumber-archetype] INFO  o.e.m.c.i.e.AbstractTransferListenerAdapter - Downloaded https://repo.maven.apache.org/maven2/io/cucumber/cucumber-gherkin-messages/7.28.2/cucumber-gherkin-messages-7.28.2.pom
2025-09-24 19:06:18,723 [Worker-21: Creating cucumber-archetype] INFO  o.e.m.c.i.e.AbstractTransferListenerAdapter - Downloading https://repo.maven.apache.org/maven2/io/cucumber/gherkin/34.0.0/gherkin-34.0.0.pom
2025-09-24 19:06:18,725 [Worker-21: Creating cucumber-archetype] INFO  o.e.m.c.i.e.AbstractTransferListenerAdapter - Downloaded https://repo.maven.apache.org/maven2/io/cucumber/gherkin/34.0.0/gherkin-34.0.0.pom
2025-09-24 19:06:18,740 [Worker-21: Creating cucumber-archetype] INFO  o.e.m.c.i.e.AbstractTransferListenerAdapter - Downloading https://repo.maven.apache.org/maven2/com/fasterxml/jackson/jackson-bom/2.19.2/jackson-bom-2.19.2.pom
2025-09-24 19:06:18,743 [Worker-21: Creating cucumber-archetype] INFO  o.e.m.c.i.e.AbstractTransferListenerAdapter - Downloaded https://repo.maven.apache.org/maven2/com/fasterxml/jackson/jackson-bom/2.19.2/jackson-bom-2.19.2.pom
2025-09-24 19:06:18,755 [Worker-21: Creating cucumber-archetype] INFO  o.e.m.c.i.e.AbstractTransferListenerAdapter - Downloading https://repo.maven.apache.org/maven2/com/fasterxml/jackson/jackson-parent/2.19.3/jackson-parent-2.19.3.pom
2025-09-24 19:06:18,757 [Worker-21: Creating cucumber-archetype] INFO  o.e.m.c.i.e.AbstractTransferListenerAdapter - Downloaded https://repo.maven.apache.org/maven2/com/fasterxml/jackson/jackson-parent/2.19.3/jackson-parent-2.19.3.pom
2025-09-24 19:06:18,770 [Worker-21: Creating cucumber-archetype] INFO  o.e.m.c.i.e.AbstractTransferListenerAdapter - Downloading https://repo.maven.apache.org/maven2/com/fasterxml/oss-parent/69/oss-parent-69.pom
2025-09-24 19:06:18,772 [Worker-21: Creating cucumber-archetype] INFO  o.e.m.c.i.e.AbstractTransferListenerAdapter - Downloaded https://repo.maven.apache.org/maven2/com/fasterxml/oss-parent/69/oss-parent-69.pom
2025-09-24 19:06:18,793 [Worker-21: Creating cucumber-archetype] INFO  o.e.m.c.i.e.AbstractTransferListenerAdapter - Downloading https://repo.maven.apache.org/maven2/io/cucumber/messages/28.1.0/messages-28.1.0.pom
2025-09-24 19:06:18,794 [Worker-21: Creating cucumber-archetype] INFO  o.e.m.c.i.e.AbstractTransferListenerAdapter - Downloaded https://repo.maven.apache.org/maven2/io/cucumber/messages/28.1.0/messages-28.1.0.pom
2025-09-24 19:06:18,806 [Worker-21: Creating cucumber-archetype] INFO  o.e.m.c.i.e.AbstractTransferListenerAdapter - Downloading https://repo.maven.apache.org/maven2/org/junit/junit-bom/5.13.3/junit-bom-5.13.3.pom
2025-09-24 19:06:18,808 [Worker-21: Creating cucumber-archetype] INFO  o.e.m.c.i.e.AbstractTransferListenerAdapter - Downloaded https://repo.maven.apache.org/maven2/org/junit/junit-bom/5.13.3/junit-bom-5.13.3.pom
2025-09-24 19:06:18,827 [Worker-21: Creating cucumber-archetype] INFO  o.e.m.c.i.e.AbstractTransferListenerAdapter - Downloading https://repo.maven.apache.org/maven2/org/assertj/assertj-core/3.27.4/assertj-core-3.27.4.pom
2025-09-24 19:06:18,828 [Worker-21: Creating cucumber-archetype] INFO  o.e.m.c.i.e.AbstractTransferListenerAdapter - Downloaded https://repo.maven.apache.org/maven2/org/assertj/assertj-core/3.27.4/assertj-core-3.27.4.pom
2025-09-24 19:06:18,855 [Worker-21: Creating cucumber-archetype] INFO  o.e.m.c.i.e.AbstractTransferListenerAdapter - Downloading https://repo.maven.apache.org/maven2/io/cucumber/pretty-formatter/2.1.0/pretty-formatter-2.1.0.pom
2025-09-24 19:06:18,856 [Worker-21: Creating cucumber-archetype] INFO  o.e.m.c.i.e.AbstractTransferListenerAdapter - Downloaded https://repo.maven.apache.org/maven2/io/cucumber/pretty-formatter/2.1.0/pretty-formatter-2.1.0.pom
2025-09-24 19:06:18,872 [Worker-21: Creating cucumber-archetype] INFO  o.e.m.c.i.e.AbstractTransferListenerAdapter - Downloading https://repo.maven.apache.org/maven2/io/cucumber/query/13.6.0/query-13.6.0.pom
2025-09-24 19:06:18,875 [Worker-21: Creating cucumber-archetype] INFO  o.e.m.c.i.e.AbstractTransferListenerAdapter - Downloaded https://repo.maven.apache.org/maven2/io/cucumber/query/13.6.0/query-13.6.0.pom
2025-09-24 19:06:18,890 [Worker-21: Creating cucumber-archetype] INFO  o.e.m.c.i.e.AbstractTransferListenerAdapter - Downloading https://repo.maven.apache.org/maven2/io/cucumber/testng-xml-formatter/0.5.0/testng-xml-formatter-0.5.0.pom
2025-09-24 19:06:18,894 [Worker-21: Creating cucumber-archetype] INFO  o.e.m.c.i.e.AbstractTransferListenerAdapter - Downloaded https://repo.maven.apache.org/maven2/io/cucumber/testng-xml-formatter/0.5.0/testng-xml-formatter-0.5.0.pom
2025-09-24 19:06:18,909 [Worker-21: Creating cucumber-archetype] INFO  o.e.m.c.i.e.AbstractTransferListenerAdapter - Downloading https://repo.maven.apache.org/maven2/com/fasterxml/jackson/jackson-bom/2.19.1/jackson-bom-2.19.1.pom
2025-09-24 19:06:18,911 [Worker-21: Creating cucumber-archetype] INFO  o.e.m.c.i.e.AbstractTransferListenerAdapter - Downloaded https://repo.maven.apache.org/maven2/com/fasterxml/jackson/jackson-bom/2.19.1/jackson-bom-2.19.1.pom
2025-09-24 19:06:18,922 [Worker-21: Creating cucumber-archetype] INFO  o.e.m.c.i.e.AbstractTransferListenerAdapter - Downloading https://repo.maven.apache.org/maven2/com/fasterxml/jackson/jackson-parent/2.19.2/jackson-parent-2.19.2.pom
2025-09-24 19:06:18,924 [Worker-21: Creating cucumber-archetype] INFO  o.e.m.c.i.e.AbstractTransferListenerAdapter - Downloaded https://repo.maven.apache.org/maven2/com/fasterxml/jackson/jackson-parent/2.19.2/jackson-parent-2.19.2.pom
2025-09-24 19:06:18,935 [Worker-21: Creating cucumber-archetype] INFO  o.e.m.c.i.e.AbstractTransferListenerAdapter - Downloading https://repo.maven.apache.org/maven2/com/fasterxml/oss-parent/68/oss-parent-68.pom
2025-09-24 19:06:18,937 [Worker-21: Creating cucumber-archetype] INFO  o.e.m.c.i.e.AbstractTransferListenerAdapter - Downloaded https://repo.maven.apache.org/maven2/com/fasterxml/oss-parent/68/oss-parent-68.pom
2025-09-24 19:06:18,964 [Worker-21: Creating cucumber-archetype] INFO  o.e.m.c.i.e.AbstractTransferListenerAdapter - Downloading https://repo.maven.apache.org/maven2/io/cucumber/cucumber-json-formatter/0.1.3/cucumber-json-formatter-0.1.3.pom
2025-09-24 19:06:18,966 [Worker-21: Creating cucumber-archetype] INFO  o.e.m.c.i.e.AbstractTransferListenerAdapter - Downloaded https://repo.maven.apache.org/maven2/io/cucumber/cucumber-json-formatter/0.1.3/cucumber-json-formatter-0.1.3.pom
2025-09-24 19:06:18,977 [Worker-21: Creating cucumber-archetype] INFO  o.e.m.c.i.e.AbstractTransferListenerAdapter - Downloading https://repo.maven.apache.org/maven2/com/networknt/json-schema-validator/1.5.8/json-schema-validator-1.5.8.pom
2025-09-24 19:06:18,979 [Worker-21: Creating cucumber-archetype] INFO  o.e.m.c.i.e.AbstractTransferListenerAdapter - Downloaded https://repo.maven.apache.org/maven2/com/networknt/json-schema-validator/1.5.8/json-schema-validator-1.5.8.pom
2025-09-24 19:06:18,992 [Worker-21: Creating cucumber-archetype] INFO  o.e.m.c.i.e.AbstractTransferListenerAdapter - Downloading https://repo.maven.apache.org/maven2/com/ethlo/time/itu/1.10.3/itu-1.10.3.pom
2025-09-24 19:06:18,994 [Worker-21: Creating cucumber-archetype] INFO  o.e.m.c.i.e.AbstractTransferListenerAdapter - Downloaded https://repo.maven.apache.org/maven2/com/ethlo/time/itu/1.10.3/itu-1.10.3.pom
2025-09-24 19:06:19,028 [Worker-21: Creating cucumber-archetype] INFO  o.e.m.c.i.e.AbstractTransferListenerAdapter - Downloading https://repo.maven.apache.org/maven2/com/fasterxml/jackson/dataformat/jackson-dataformat-yaml/2.18.3/jackson-dataformat-yaml-2.18.3.pom
2025-09-24 19:06:19,029 [Worker-21: Creating cucumber-archetype] INFO  o.e.m.c.i.e.AbstractTransferListenerAdapter - Downloaded https://repo.maven.apache.org/maven2/com/fasterxml/jackson/dataformat/jackson-dataformat-yaml/2.18.3/jackson-dataformat-yaml-2.18.3.pom
2025-09-24 19:06:19,043 [Worker-21: Creating cucumber-archetype] INFO  o.e.m.c.i.e.AbstractTransferListenerAdapter - Downloading https://repo.maven.apache.org/maven2/com/fasterxml/jackson/dataformat/jackson-dataformats-text/2.18.3/jackson-dataformats-text-2.18.3.pom
2025-09-24 19:06:19,044 [Worker-21: Creating cucumber-archetype] INFO  o.e.m.c.i.e.AbstractTransferListenerAdapter - Downloaded https://repo.maven.apache.org/maven2/com/fasterxml/jackson/dataformat/jackson-dataformats-text/2.18.3/jackson-dataformats-text-2.18.3.pom
2025-09-24 19:06:19,080 [Worker-21: Creating cucumber-archetype] INFO  o.e.m.c.i.e.AbstractTransferListenerAdapter - Downloading https://repo.maven.apache.org/maven2/io/cucumber/datatable/7.28.2/datatable-7.28.2.pom
2025-09-24 19:06:19,082 [Worker-21: Creating cucumber-archetype] INFO  o.e.m.c.i.e.AbstractTransferListenerAdapter - Downloaded https://repo.maven.apache.org/maven2/io/cucumber/datatable/7.28.2/datatable-7.28.2.pom
2025-09-24 19:06:19,102 [Worker-21: Creating cucumber-archetype] INFO  o.e.m.c.i.e.AbstractTransferListenerAdapter - Downloading https://repo.maven.apache.org/maven2/io/cucumber/docstring/7.28.2/docstring-7.28.2.pom
2025-09-24 19:06:19,104 [Worker-21: Creating cucumber-archetype] INFO  o.e.m.c.i.e.AbstractTransferListenerAdapter - Downloaded https://repo.maven.apache.org/maven2/io/cucumber/docstring/7.28.2/docstring-7.28.2.pom
2025-09-24 19:06:19,118 [Worker-21: Creating cucumber-archetype] INFO  o.e.m.c.i.e.AbstractTransferListenerAdapter - Downloading https://repo.maven.apache.org/maven2/io/cucumber/html-formatter/21.13.0/html-formatter-21.13.0.pom
2025-09-24 19:06:19,119 [Worker-21: Creating cucumber-archetype] INFO  o.e.m.c.i.e.AbstractTransferListenerAdapter - Downloaded https://repo.maven.apache.org/maven2/io/cucumber/html-formatter/21.13.0/html-formatter-21.13.0.pom
2025-09-24 19:06:19,133 [Worker-21: Creating cucumber-archetype] INFO  o.e.m.c.i.e.AbstractTransferListenerAdapter - Downloading https://repo.maven.apache.org/maven2/io/cucumber/junit-xml-formatter/0.8.1/junit-xml-formatter-0.8.1.pom
2025-09-24 19:06:19,134 [Worker-21: Creating cucumber-archetype] INFO  o.e.m.c.i.e.AbstractTransferListenerAdapter - Downloaded https://repo.maven.apache.org/maven2/io/cucumber/junit-xml-formatter/0.8.1/junit-xml-formatter-0.8.1.pom
2025-09-24 19:06:19,161 [Worker-21: Creating cucumber-archetype] INFO  o.e.m.c.i.e.AbstractTransferListenerAdapter - Downloading https://repo.maven.apache.org/maven2/io/cucumber/cucumber-junit-platform-engine/7.28.2/cucumber-junit-platform-engine-7.28.2.pom
2025-09-24 19:06:19,162 [Worker-21: Creating cucumber-archetype] INFO  o.e.m.c.i.e.AbstractTransferListenerAdapter - Downloaded https://repo.maven.apache.org/maven2/io/cucumber/cucumber-junit-platform-engine/7.28.2/cucumber-junit-platform-engine-7.28.2.pom
2025-09-24 19:06:19,182 [Worker-21: Creating cucumber-archetype] INFO  o.e.m.c.i.e.AbstractTransferListenerAdapter - Downloading https://repo.maven.apache.org/maven2/org/junit/platform/junit-platform-engine/1.13.4/junit-platform-engine-1.13.4.pom
2025-09-24 19:06:19,183 [Worker-21: Creating cucumber-archetype] INFO  o.e.m.c.i.e.AbstractTransferListenerAdapter - Downloaded https://repo.maven.apache.org/maven2/org/junit/platform/junit-platform-engine/1.13.4/junit-platform-engine-1.13.4.pom
2025-09-24 19:06:19,202 [Worker-21: Creating cucumber-archetype] INFO  o.e.m.c.i.e.AbstractTransferListenerAdapter - Downloading https://repo.maven.apache.org/maven2/org/junit/platform/junit-platform-commons/1.13.4/junit-platform-commons-1.13.4.pom
2025-09-24 19:06:19,205 [Worker-21: Creating cucumber-archetype] INFO  o.e.m.c.i.e.AbstractTransferListenerAdapter - Downloaded https://repo.maven.apache.org/maven2/org/junit/platform/junit-platform-commons/1.13.4/junit-platform-commons-1.13.4.pom
2025-09-24 19:06:19,217 [Worker-21: Creating cucumber-archetype] INFO  o.e.m.c.i.e.AbstractTransferListenerAdapter - Downloading https://repo.maven.apache.org/maven2/org/junit/platform/junit-platform-suite/1.13.4/junit-platform-suite-1.13.4.pom
2025-09-24 19:06:19,219 [Worker-21: Creating cucumber-archetype] INFO  o.e.m.c.i.e.AbstractTransferListenerAdapter - Downloaded https://repo.maven.apache.org/maven2/org/junit/platform/junit-platform-suite/1.13.4/junit-platform-suite-1.13.4.pom
2025-09-24 19:06:19,231 [Worker-21: Creating cucumber-archetype] INFO  o.e.m.c.i.e.AbstractTransferListenerAdapter - Downloading https://repo.maven.apache.org/maven2/org/junit/platform/junit-platform-suite-api/1.13.4/junit-platform-suite-api-1.13.4.pom
2025-09-24 19:06:19,232 [Worker-21: Creating cucumber-archetype] INFO  o.e.m.c.i.e.AbstractTransferListenerAdapter - Downloaded https://repo.maven.apache.org/maven2/org/junit/platform/junit-platform-suite-api/1.13.4/junit-platform-suite-api-1.13.4.pom
2025-09-24 19:06:19,250 [Worker-21: Creating cucumber-archetype] INFO  o.e.m.c.i.e.AbstractTransferListenerAdapter - Downloading https://repo.maven.apache.org/maven2/org/junit/platform/junit-platform-suite-engine/1.13.4/junit-platform-suite-engine-1.13.4.pom
2025-09-24 19:06:19,251 [Worker-21: Creating cucumber-archetype] INFO  o.e.m.c.i.e.AbstractTransferListenerAdapter - Downloaded https://repo.maven.apache.org/maven2/org/junit/platform/junit-platform-suite-engine/1.13.4/junit-platform-suite-engine-1.13.4.pom
2025-09-24 19:06:19,268 [Worker-21: Creating cucumber-archetype] INFO  o.e.m.c.i.e.AbstractTransferListenerAdapter - Downloading https://repo.maven.apache.org/maven2/org/junit/platform/junit-platform-suite-commons/1.13.4/junit-platform-suite-commons-1.13.4.pom
2025-09-24 19:06:19,269 [Worker-21: Creating cucumber-archetype] INFO  o.e.m.c.i.e.AbstractTransferListenerAdapter - Downloaded https://repo.maven.apache.org/maven2/org/junit/platform/junit-platform-suite-commons/1.13.4/junit-platform-suite-commons-1.13.4.pom
2025-09-24 19:06:19,283 [Worker-21: Creating cucumber-archetype] INFO  o.e.m.c.i.e.AbstractTransferListenerAdapter - Downloading https://repo.maven.apache.org/maven2/org/junit/platform/junit-platform-launcher/1.13.4/junit-platform-launcher-1.13.4.pom
2025-09-24 19:06:19,284 [Worker-21: Creating cucumber-archetype] INFO  o.e.m.c.i.e.AbstractTransferListenerAdapter - Downloaded https://repo.maven.apache.org/maven2/org/junit/platform/junit-platform-launcher/1.13.4/junit-platform-launcher-1.13.4.pom
2025-09-24 19:06:19,313 [Worker-21: Creating cucumber-archetype] INFO  o.e.m.c.i.e.AbstractTransferListenerAdapter - Downloading https://repo.maven.apache.org/maven2/io/cucumber/cucumber-java/7.28.2/cucumber-java-7.28.2.jar
2025-09-24 19:06:19,355 [Worker-21: Creating cucumber-archetype] INFO  o.e.m.c.i.e.AbstractTransferListenerAdapter - Downloaded https://repo.maven.apache.org/maven2/io/cucumber/cucumber-java/7.28.2/cucumber-java-7.28.2.jar
2025-09-24 19:06:19,370 [BasicRepositoryConnector-repo.maven.apache.org-0-2] INFO  o.e.m.c.i.e.AbstractTransferListenerAdapter - Downloading https://repo.maven.apache.org/maven2/io/cucumber/cucumber-gherkin-messages/7.28.2/cucumber-gherkin-messages-7.28.2.jar
2025-09-24 19:06:19,376 [BasicRepositoryConnector-repo.maven.apache.org-0-2] INFO  o.e.m.c.i.e.AbstractTransferListenerAdapter - Downloaded https://repo.maven.apache.org/maven2/io/cucumber/cucumber-gherkin-messages/7.28.2/cucumber-gherkin-messages-7.28.2.jar
2025-09-24 19:06:19,385 [BasicRepositoryConnector-repo.maven.apache.org-0-2] INFO  o.e.m.c.i.e.AbstractTransferListenerAdapter - Downloading https://repo.maven.apache.org/maven2/io/cucumber/pretty-formatter/2.1.0/pretty-formatter-2.1.0.jar
2025-09-24 19:06:19,388 [BasicRepositoryConnector-repo.maven.apache.org-0-2] INFO  o.e.m.c.i.e.AbstractTransferListenerAdapter - Downloaded https://repo.maven.apache.org/maven2/io/cucumber/pretty-formatter/2.1.0/pretty-formatter-2.1.0.jar
2025-09-24 19:06:19,411 [BasicRepositoryConnector-repo.maven.apache.org-0-2] INFO  o.e.m.c.i.e.AbstractTransferListenerAdapter - Downloading https://repo.maven.apache.org/maven2/io/cucumber/query/13.6.0/query-13.6.0.jar
2025-09-24 19:06:19,412 [BasicRepositoryConnector-repo.maven.apache.org-0-4] INFO  o.e.m.c.i.e.AbstractTransferListenerAdapter - Downloading https://repo.maven.apache.org/maven2/io/cucumber/messages/28.1.0/messages-28.1.0.jar
2025-09-24 19:06:19,412 [BasicRepositoryConnector-repo.maven.apache.org-0-3] INFO  o.e.m.c.i.e.AbstractTransferListenerAdapter - Downloading https://repo.maven.apache.org/maven2/io/cucumber/gherkin/34.0.0/gherkin-34.0.0.jar
2025-09-24 19:06:19,412 [BasicRepositoryConnector-repo.maven.apache.org-0-1] INFO  o.e.m.c.i.e.AbstractTransferListenerAdapter - Downloading https://repo.maven.apache.org/maven2/io/cucumber/cucumber-gherkin/7.28.2/cucumber-gherkin-7.28.2.jar
2025-09-24 19:06:19,419 [BasicRepositoryConnector-repo.maven.apache.org-0-2] INFO  o.e.m.c.i.e.AbstractTransferListenerAdapter - Downloaded https://repo.maven.apache.org/maven2/io/cucumber/query/13.6.0/query-13.6.0.jar
2025-09-24 19:06:19,419 [BasicRepositoryConnector-repo.maven.apache.org-0-0] INFO  o.e.m.c.i.e.AbstractTransferListenerAdapter - Downloading https://repo.maven.apache.org/maven2/io/cucumber/cucumber-core/7.28.2/cucumber-core-7.28.2.jar
2025-09-24 19:06:19,425 [BasicRepositoryConnector-repo.maven.apache.org-0-1] INFO  o.e.m.c.i.e.AbstractTransferListenerAdapter - Downloaded https://repo.maven.apache.org/maven2/io/cucumber/cucumber-gherkin/7.28.2/cucumber-gherkin-7.28.2.jar
2025-09-24 19:06:19,440 [BasicRepositoryConnector-repo.maven.apache.org-0-2] INFO  o.e.m.c.i.e.AbstractTransferListenerAdapter - Downloading https://repo.maven.apache.org/maven2/io/cucumber/testng-xml-formatter/0.5.0/testng-xml-formatter-0.5.0.jar
2025-09-24 19:06:19,442 [BasicRepositoryConnector-repo.maven.apache.org-0-1] INFO  o.e.m.c.i.e.AbstractTransferListenerAdapter - Downloading https://repo.maven.apache.org/maven2/io/cucumber/cucumber-json-formatter/0.1.3/cucumber-json-formatter-0.1.3.jar
2025-09-24 19:06:19,447 [BasicRepositoryConnector-repo.maven.apache.org-0-4] INFO  o.e.m.c.i.e.AbstractTransferListenerAdapter - Downloaded https://repo.maven.apache.org/maven2/io/cucumber/messages/28.1.0/messages-28.1.0.jar
2025-09-24 19:06:19,447 [BasicRepositoryConnector-repo.maven.apache.org-0-2] INFO  o.e.m.c.i.e.AbstractTransferListenerAdapter - Downloaded https://repo.maven.apache.org/maven2/io/cucumber/testng-xml-formatter/0.5.0/testng-xml-formatter-0.5.0.jar
2025-09-24 19:06:19,449 [BasicRepositoryConnector-repo.maven.apache.org-0-1] INFO  o.e.m.c.i.e.AbstractTransferListenerAdapter - Downloaded https://repo.maven.apache.org/maven2/io/cucumber/cucumber-json-formatter/0.1.3/cucumber-json-formatter-0.1.3.jar
2025-09-24 19:06:19,452 [BasicRepositoryConnector-repo.maven.apache.org-0-3] INFO  o.e.m.c.i.e.AbstractTransferListenerAdapter - Downloaded https://repo.maven.apache.org/maven2/io/cucumber/gherkin/34.0.0/gherkin-34.0.0.jar
2025-09-24 19:06:19,459 [BasicRepositoryConnector-repo.maven.apache.org-0-4] INFO  o.e.m.c.i.e.AbstractTransferListenerAdapter - Downloading https://repo.maven.apache.org/maven2/com/networknt/json-schema-validator/1.5.8/json-schema-validator-1.5.8.jar
2025-09-24 19:06:19,461 [BasicRepositoryConnector-repo.maven.apache.org-0-2] INFO  o.e.m.c.i.e.AbstractTransferListenerAdapter - Downloading https://repo.maven.apache.org/maven2/com/ethlo/time/itu/1.10.3/itu-1.10.3.jar
2025-09-24 19:06:19,469 [BasicRepositoryConnector-repo.maven.apache.org-0-2] INFO  o.e.m.c.i.e.AbstractTransferListenerAdapter - Downloaded https://repo.maven.apache.org/maven2/com/ethlo/time/itu/1.10.3/itu-1.10.3.jar
2025-09-24 19:06:19,478 [BasicRepositoryConnector-repo.maven.apache.org-0-1] INFO  o.e.m.c.i.e.AbstractTransferListenerAdapter - Downloading https://repo.maven.apache.org/maven2/com/fasterxml/jackson/core/jackson-databind/2.18.3/jackson-databind-2.18.3.jar
2025-09-24 19:06:19,479 [BasicRepositoryConnector-repo.maven.apache.org-0-3] INFO  o.e.m.c.i.e.AbstractTransferListenerAdapter - Downloading https://repo.maven.apache.org/maven2/com/fasterxml/jackson/core/jackson-annotations/2.18.3/jackson-annotations-2.18.3.jar
2025-09-24 19:06:19,485 [BasicRepositoryConnector-repo.maven.apache.org-0-3] INFO  o.e.m.c.i.e.AbstractTransferListenerAdapter - Downloaded https://repo.maven.apache.org/maven2/com/fasterxml/jackson/core/jackson-annotations/2.18.3/jackson-annotations-2.18.3.jar
2025-09-24 19:06:19,486 [BasicRepositoryConnector-repo.maven.apache.org-0-4] INFO  o.e.m.c.i.e.AbstractTransferListenerAdapter - Downloaded https://repo.maven.apache.org/maven2/com/networknt/json-schema-validator/1.5.8/json-schema-validator-1.5.8.jar
2025-09-24 19:06:19,488 [BasicRepositoryConnector-repo.maven.apache.org-0-2] INFO  o.e.m.c.i.e.AbstractTransferListenerAdapter - Downloading https://repo.maven.apache.org/maven2/com/fasterxml/jackson/core/jackson-core/2.18.3/jackson-core-2.18.3.jar
2025-09-24 19:06:19,503 [BasicRepositoryConnector-repo.maven.apache.org-0-3] INFO  o.e.m.c.i.e.AbstractTransferListenerAdapter - Downloading https://repo.maven.apache.org/maven2/com/fasterxml/jackson/dataformat/jackson-dataformat-yaml/2.18.3/jackson-dataformat-yaml-2.18.3.jar
2025-09-24 19:06:19,505 [BasicRepositoryConnector-repo.maven.apache.org-0-3] INFO  o.e.m.c.i.e.AbstractTransferListenerAdapter - Downloaded https://repo.maven.apache.org/maven2/com/fasterxml/jackson/dataformat/jackson-dataformat-yaml/2.18.3/jackson-dataformat-yaml-2.18.3.jar
2025-09-24 19:06:19,511 [BasicRepositoryConnector-repo.maven.apache.org-0-4] INFO  o.e.m.c.i.e.AbstractTransferListenerAdapter - Downloading https://repo.maven.apache.org/maven2/org/slf4j/slf4j-api/2.0.17/slf4j-api-2.0.17.jar
2025-09-24 19:06:19,516 [BasicRepositoryConnector-repo.maven.apache.org-0-4] INFO  o.e.m.c.i.e.AbstractTransferListenerAdapter - Downloaded https://repo.maven.apache.org/maven2/org/slf4j/slf4j-api/2.0.17/slf4j-api-2.0.17.jar
2025-09-24 19:06:19,532 [BasicRepositoryConnector-repo.maven.apache.org-0-3] INFO  o.e.m.c.i.e.AbstractTransferListenerAdapter - Downloading https://repo.maven.apache.org/maven2/io/cucumber/datatable/7.28.2/datatable-7.28.2.jar
2025-09-24 19:06:19,535 [BasicRepositoryConnector-repo.maven.apache.org-0-3] INFO  o.e.m.c.i.e.AbstractTransferListenerAdapter - Downloaded https://repo.maven.apache.org/maven2/io/cucumber/datatable/7.28.2/datatable-7.28.2.jar
2025-09-24 19:06:19,552 [BasicRepositoryConnector-repo.maven.apache.org-0-4] INFO  o.e.m.c.i.e.AbstractTransferListenerAdapter - Downloading https://repo.maven.apache.org/maven2/io/cucumber/cucumber-plugin/7.28.2/cucumber-plugin-7.28.2.jar
2025-09-24 19:06:19,554 [BasicRepositoryConnector-repo.maven.apache.org-0-4] INFO  o.e.m.c.i.e.AbstractTransferListenerAdapter - Downloaded https://repo.maven.apache.org/maven2/io/cucumber/cucumber-plugin/7.28.2/cucumber-plugin-7.28.2.jar
2025-09-24 19:06:19,561 [BasicRepositoryConnector-repo.maven.apache.org-0-3] INFO  o.e.m.c.i.e.AbstractTransferListenerAdapter - Downloading https://repo.maven.apache.org/maven2/io/cucumber/docstring/7.28.2/docstring-7.28.2.jar
2025-09-24 19:06:19,562 [BasicRepositoryConnector-repo.maven.apache.org-0-2] INFO  o.e.m.c.i.e.AbstractTransferListenerAdapter - Downloaded https://repo.maven.apache.org/maven2/com/fasterxml/jackson/core/jackson-core/2.18.3/jackson-core-2.18.3.jar
2025-09-24 19:06:19,562 [BasicRepositoryConnector-repo.maven.apache.org-0-3] INFO  o.e.m.c.i.e.AbstractTransferListenerAdapter - Downloaded https://repo.maven.apache.org/maven2/io/cucumber/docstring/7.28.2/docstring-7.28.2.jar
2025-09-24 19:06:19,574 [BasicRepositoryConnector-repo.maven.apache.org-0-4] INFO  o.e.m.c.i.e.AbstractTransferListenerAdapter - Downloading https://repo.maven.apache.org/maven2/io/cucumber/html-formatter/21.13.0/html-formatter-21.13.0.jar
2025-09-24 19:06:19,590 [BasicRepositoryConnector-repo.maven.apache.org-0-3] INFO  o.e.m.c.i.e.AbstractTransferListenerAdapter - Downloading https://repo.maven.apache.org/maven2/io/cucumber/cucumber-junit-platform-engine/7.28.2/cucumber-junit-platform-engine-7.28.2.jar
2025-09-24 19:06:19,590 [BasicRepositoryConnector-repo.maven.apache.org-0-2] INFO  o.e.m.c.i.e.AbstractTransferListenerAdapter - Downloading https://repo.maven.apache.org/maven2/io/cucumber/junit-xml-formatter/0.8.1/junit-xml-formatter-0.8.1.jar
2025-09-24 19:06:19,590 [BasicRepositoryConnector-repo.maven.apache.org-0-0] INFO  o.e.m.c.i.e.AbstractTransferListenerAdapter - Downloaded https://repo.maven.apache.org/maven2/io/cucumber/cucumber-core/7.28.2/cucumber-core-7.28.2.jar
2025-09-24 19:06:19,592 [BasicRepositoryConnector-repo.maven.apache.org-0-2] INFO  o.e.m.c.i.e.AbstractTransferListenerAdapter - Downloaded https://repo.maven.apache.org/maven2/io/cucumber/junit-xml-formatter/0.8.1/junit-xml-formatter-0.8.1.jar
2025-09-24 19:06:19,594 [BasicRepositoryConnector-repo.maven.apache.org-0-3] INFO  o.e.m.c.i.e.AbstractTransferListenerAdapter - Downloaded https://repo.maven.apache.org/maven2/io/cucumber/cucumber-junit-platform-engine/7.28.2/cucumber-junit-platform-engine-7.28.2.jar
2025-09-24 19:06:19,595 [BasicRepositoryConnector-repo.maven.apache.org-0-4] INFO  o.e.m.c.i.e.AbstractTransferListenerAdapter - Downloaded https://repo.maven.apache.org/maven2/io/cucumber/html-formatter/21.13.0/html-formatter-21.13.0.jar
2025-09-24 19:06:19,603 [BasicRepositoryConnector-repo.maven.apache.org-0-0] INFO  o.e.m.c.i.e.AbstractTransferListenerAdapter - Downloading https://repo.maven.apache.org/maven2/org/junit/platform/junit-platform-engine/1.13.4/junit-platform-engine-1.13.4.jar
2025-09-24 19:06:19,603 [BasicRepositoryConnector-repo.maven.apache.org-0-4] INFO  o.e.m.c.i.e.AbstractTransferListenerAdapter - Downloading https://repo.maven.apache.org/maven2/org/junit/platform/junit-platform-suite-api/1.13.4/junit-platform-suite-api-1.13.4.jar
2025-09-24 19:06:19,603 [BasicRepositoryConnector-repo.maven.apache.org-0-3] INFO  o.e.m.c.i.e.AbstractTransferListenerAdapter - Downloading https://repo.maven.apache.org/maven2/org/junit/platform/junit-platform-suite/1.13.4/junit-platform-suite-1.13.4.jar
2025-09-24 19:06:19,606 [BasicRepositoryConnector-repo.maven.apache.org-0-2] INFO  o.e.m.c.i.e.AbstractTransferListenerAdapter - Downloading https://repo.maven.apache.org/maven2/org/junit/platform/junit-platform-commons/1.13.4/junit-platform-commons-1.13.4.jar
2025-09-24 19:06:19,606 [BasicRepositoryConnector-repo.maven.apache.org-0-3] INFO  o.e.m.c.i.e.AbstractTransferListenerAdapter - Downloaded https://repo.maven.apache.org/maven2/org/junit/platform/junit-platform-suite/1.13.4/junit-platform-suite-1.13.4.jar
2025-09-24 19:06:19,612 [BasicRepositoryConnector-repo.maven.apache.org-0-4] INFO  o.e.m.c.i.e.AbstractTransferListenerAdapter - Downloaded https://repo.maven.apache.org/maven2/org/junit/platform/junit-platform-suite-api/1.13.4/junit-platform-suite-api-1.13.4.jar
2025-09-24 19:06:19,617 [BasicRepositoryConnector-repo.maven.apache.org-0-0] INFO  o.e.m.c.i.e.AbstractTransferListenerAdapter - Downloaded https://repo.maven.apache.org/maven2/org/junit/platform/junit-platform-engine/1.13.4/junit-platform-engine-1.13.4.jar
2025-09-24 19:06:19,617 [BasicRepositoryConnector-repo.maven.apache.org-0-2] INFO  o.e.m.c.i.e.AbstractTransferListenerAdapter - Downloaded https://repo.maven.apache.org/maven2/org/junit/platform/junit-platform-commons/1.13.4/junit-platform-commons-1.13.4.jar
2025-09-24 19:06:19,622 [BasicRepositoryConnector-repo.maven.apache.org-0-3] INFO  o.e.m.c.i.e.AbstractTransferListenerAdapter - Downloading https://repo.maven.apache.org/maven2/org/junit/platform/junit-platform-suite-engine/1.13.4/junit-platform-suite-engine-1.13.4.jar
2025-09-24 19:06:19,622 [BasicRepositoryConnector-repo.maven.apache.org-0-4] INFO  o.e.m.c.i.e.AbstractTransferListenerAdapter - Downloading https://repo.maven.apache.org/maven2/org/junit/platform/junit-platform-suite-commons/1.13.4/junit-platform-suite-commons-1.13.4.jar
2025-09-24 19:06:19,623 [BasicRepositoryConnector-repo.maven.apache.org-0-4] INFO  o.e.m.c.i.e.AbstractTransferListenerAdapter - Downloaded https://repo.maven.apache.org/maven2/org/junit/platform/junit-platform-suite-commons/1.13.4/junit-platform-suite-commons-1.13.4.jar
2025-09-24 19:06:19,623 [BasicRepositoryConnector-repo.maven.apache.org-0-3] INFO  o.e.m.c.i.e.AbstractTransferListenerAdapter - Downloaded https://repo.maven.apache.org/maven2/org/junit/platform/junit-platform-suite-engine/1.13.4/junit-platform-suite-engine-1.13.4.jar
2025-09-24 19:06:19,628 [BasicRepositoryConnector-repo.maven.apache.org-0-0] INFO  o.e.m.c.i.e.AbstractTransferListenerAdapter - Downloading https://repo.maven.apache.org/maven2/org/junit/platform/junit-platform-launcher/1.13.4/junit-platform-launcher-1.13.4.jar
2025-09-24 19:06:19,629 [BasicRepositoryConnector-repo.maven.apache.org-0-2] INFO  o.e.m.c.i.e.AbstractTransferListenerAdapter - Downloading https://repo.maven.apache.org/maven2/org/assertj/assertj-core/3.27.4/assertj-core-3.27.4.jar
2025-09-24 19:06:19,646 [BasicRepositoryConnector-repo.maven.apache.org-0-0] INFO  o.e.m.c.i.e.AbstractTransferListenerAdapter - Downloaded https://repo.maven.apache.org/maven2/org/junit/platform/junit-platform-launcher/1.13.4/junit-platform-launcher-1.13.4.jar
2025-09-24 19:06:19,677 [BasicRepositoryConnector-repo.maven.apache.org-0-1] INFO  o.e.m.c.i.e.AbstractTransferListenerAdapter - Downloaded https://repo.maven.apache.org/maven2/com/fasterxml/jackson/core/jackson-databind/2.18.3/jackson-databind-2.18.3.jar
2025-09-24 19:06:19,693 [BasicRepositoryConnector-repo.maven.apache.org-0-2] INFO  o.e.m.c.i.e.AbstractTransferListenerAdapter - Downloaded https://repo.maven.apache.org/maven2/org/assertj/assertj-core/3.27.4/assertj-core-3.27.4.jar
2025-09-24 19:06:20,308 [Worker-21: Creating cucumber-archetype] INFO  o.e.m.j.i.AbstractJavaProjectConfigurator - Adding source folder /mycucumberproject/src/main/java
2025-09-24 19:06:20,310 [Worker-21: Creating cucumber-archetype] INFO  o.e.m.j.i.AbstractJavaProjectConfigurator - Adding resource folder /mycucumberproject/src/main/resources
2025-09-24 19:06:20,324 [Worker-21: Creating cucumber-archetype] INFO  o.e.m.j.i.AbstractJavaProjectConfigurator - Adding source folder /mycucumberproject/src/test/java
2025-09-24 19:06:20,324 [Worker-21: Creating cucumber-archetype] INFO  o.e.m.j.i.AbstractJavaProjectConfigurator - Adding resource folder /mycucumberproject/src/test/resources
2025-09-24 19:06:20,533 [Worker-21: Creating cucumber-archetype] INFO  o.e.m.c.i.p.ProjectConfigurationManager - Imported and configured 1 project(s) in 2 sec
2025-09-24 19:06:21,184 [Worker-92: Download sources and javadoc] INFO  o.e.m.c.i.e.AbstractTransferListenerAdapter - Downloading https://repo.maven.apache.org/maven2/io/cucumber/cucumber-java/7.28.2/cucumber-java-7.28.2-sources.jar
2025-09-24 19:06:21,223 [Worker-92: Download sources and javadoc] INFO  o.e.m.c.i.e.AbstractTransferListenerAdapter - Downloaded https://repo.maven.apache.org/maven2/io/cucumber/cucumber-java/7.28.2/cucumber-java-7.28.2-sources.jar
2025-09-24 19:06:21,227 [Worker-92: Download sources and javadoc] INFO  o.e.m.j.internal.DownloadSourcesJob - Downloaded sources for io.cucumber:cucumber-java:7.28.2
2025-09-24 19:06:21,262 [Worker-92: Download sources and javadoc] INFO  o.e.m.c.i.e.AbstractTransferListenerAdapter - Downloading https://repo.maven.apache.org/maven2/io/cucumber/cucumber-core/7.28.2/cucumber-core-7.28.2-sources.jar
2025-09-24 19:06:21,305 [Worker-92: Download sources and javadoc] INFO  o.e.m.c.i.e.AbstractTransferListenerAdapter - Downloaded https://repo.maven.apache.org/maven2/io/cucumber/cucumber-core/7.28.2/cucumber-core-7.28.2-sources.jar
2025-09-24 19:06:21,307 [Worker-92: Download sources and javadoc] INFO  o.e.m.j.internal.DownloadSourcesJob - Downloaded sources for io.cucumber:cucumber-core:7.28.2
2025-09-24 19:06:21,341 [Worker-92: Download sources and javadoc] INFO  o.e.m.c.i.e.AbstractTransferListenerAdapter - Downloading https://repo.maven.apache.org/maven2/io/cucumber/cucumber-gherkin/7.28.2/cucumber-gherkin-7.28.2-sources.jar
2025-09-24 19:06:21,343 [Worker-92: Download sources and javadoc] INFO  o.e.m.c.i.e.AbstractTransferListenerAdapter - Downloaded https://repo.maven.apache.org/maven2/io/cucumber/cucumber-gherkin/7.28.2/cucumber-gherkin-7.28.2-sources.jar
2025-09-24 19:06:21,344 [Worker-92: Download sources and javadoc] INFO  o.e.m.j.internal.DownloadSourcesJob - Downloaded sources for io.cucumber:cucumber-gherkin:7.28.2
2025-09-24 19:06:21,361 [Worker-21: Building] INFO  o.a.m.s.f.DefaultMavenResourcesFiltering - skip non existing resourceDirectory /Volumes/Renuka/Professional Stuff (Restricted)/Session_material/Session_WorkSpaces/Automation_SA2506029/SA250629_WebDriver/mycucumberproject/src/main/resources
2025-09-24 19:06:21,371 [Worker-21: Building] INFO  o.a.m.s.f.DefaultMavenResourcesFiltering - Copying 1 resource from src/test/resources to target/test-classes
2025-09-24 19:06:21,382 [Worker-92: Download sources and javadoc] INFO  o.e.m.c.i.e.AbstractTransferListenerAdapter - Downloading https://repo.maven.apache.org/maven2/io/cucumber/cucumber-gherkin-messages/7.28.2/cucumber-gherkin-messages-7.28.2-sources.jar
2025-09-24 19:06:21,385 [Worker-92: Download sources and javadoc] INFO  o.e.m.c.i.e.AbstractTransferListenerAdapter - Downloaded https://repo.maven.apache.org/maven2/io/cucumber/cucumber-gherkin-messages/7.28.2/cucumber-gherkin-messages-7.28.2-sources.jar
2025-09-24 19:06:21,386 [Worker-92: Download sources and javadoc] INFO  o.e.m.j.internal.DownloadSourcesJob - Downloaded sources for io.cucumber:cucumber-gherkin-messages:7.28.2
2025-09-24 19:06:21,417 [Worker-92: Download sources and javadoc] INFO  o.e.m.c.i.e.AbstractTransferListenerAdapter - Downloading https://repo.maven.apache.org/maven2/io/cucumber/gherkin/34.0.0/gherkin-34.0.0-sources.jar
2025-09-24 19:06:21,436 [Worker-92: Download sources and javadoc] INFO  o.e.m.c.i.e.AbstractTransferListenerAdapter - Downloaded https://repo.maven.apache.org/maven2/io/cucumber/gherkin/34.0.0/gherkin-34.0.0-sources.jar
2025-09-24 19:06:21,437 [Worker-92: Download sources and javadoc] INFO  o.e.m.j.internal.DownloadSourcesJob - Downloaded sources for io.cucumber:gherkin:34.0.0
2025-09-24 19:06:21,475 [Worker-92: Download sources and javadoc] INFO  o.e.m.c.i.e.AbstractTransferListenerAdapter - Downloading https://repo.maven.apache.org/maven2/io/cucumber/messages/28.1.0/messages-28.1.0-sources.jar
2025-09-24 19:06:21,489 [Worker-92: Download sources and javadoc] INFO  o.e.m.c.i.e.AbstractTransferListenerAdapter - Downloaded https://repo.maven.apache.org/maven2/io/cucumber/messages/28.1.0/messages-28.1.0-sources.jar
2025-09-24 19:06:21,490 [Worker-92: Download sources and javadoc] INFO  o.e.m.j.internal.DownloadSourcesJob - Downloaded sources for io.cucumber:messages:28.1.0
2025-09-24 19:06:21,543 [Worker-92: Download sources and javadoc] INFO  o.e.m.c.i.e.AbstractTransferListenerAdapter - Downloading https://repo.maven.apache.org/maven2/io/cucumber/pretty-formatter/2.1.0/pretty-formatter-2.1.0-sources.jar
2025-09-24 19:06:21,547 [Worker-92: Download sources and javadoc] INFO  o.e.m.c.i.e.AbstractTransferListenerAdapter - Downloaded https://repo.maven.apache.org/maven2/io/cucumber/pretty-formatter/2.1.0/pretty-formatter-2.1.0-sources.jar
2025-09-24 19:06:21,548 [Worker-92: Download sources and javadoc] INFO  o.e.m.j.internal.DownloadSourcesJob - Downloaded sources for io.cucumber:pretty-formatter:2.1.0
2025-09-24 19:06:21,582 [Worker-92: Download sources and javadoc] INFO  o.e.m.c.i.e.AbstractTransferListenerAdapter - Downloading https://repo.maven.apache.org/maven2/io/cucumber/query/13.6.0/query-13.6.0-sources.jar
2025-09-24 19:06:21,584 [Worker-92: Download sources and javadoc] INFO  o.e.m.c.i.e.AbstractTransferListenerAdapter - Downloaded https://repo.maven.apache.org/maven2/io/cucumber/query/13.6.0/query-13.6.0-sources.jar
2025-09-24 19:06:21,585 [Worker-92: Download sources and javadoc] INFO  o.e.m.j.internal.DownloadSourcesJob - Downloaded sources for io.cucumber:query:13.6.0
2025-09-24 19:06:21,623 [Worker-92: Download sources and javadoc] INFO  o.e.m.c.i.e.AbstractTransferListenerAdapter - Downloading https://repo.maven.apache.org/maven2/io/cucumber/testng-xml-formatter/0.5.0/testng-xml-formatter-0.5.0-sources.jar
2025-09-24 19:06:21,624 [Worker-92: Download sources and javadoc] INFO  o.e.m.c.i.e.AbstractTransferListenerAdapter - Downloaded https://repo.maven.apache.org/maven2/io/cucumber/testng-xml-formatter/0.5.0/testng-xml-formatter-0.5.0-sources.jar
2025-09-24 19:06:21,627 [Worker-92: Download sources and javadoc] INFO  o.e.m.j.internal.DownloadSourcesJob - Downloaded sources for io.cucumber:testng-xml-formatter:0.5.0
2025-09-24 19:06:21,668 [Worker-92: Download sources and javadoc] INFO  o.e.m.c.i.e.AbstractTransferListenerAdapter - Downloading https://repo.maven.apache.org/maven2/io/cucumber/cucumber-json-formatter/0.1.3/cucumber-json-formatter-0.1.3-sources.jar
2025-09-24 19:06:21,669 [Worker-92: Download sources and javadoc] INFO  o.e.m.c.i.e.AbstractTransferListenerAdapter - Downloaded https://repo.maven.apache.org/maven2/io/cucumber/cucumber-json-formatter/0.1.3/cucumber-json-formatter-0.1.3-sources.jar
2025-09-24 19:06:21,670 [Worker-92: Download sources and javadoc] INFO  o.e.m.j.internal.DownloadSourcesJob - Downloaded sources for io.cucumber:cucumber-json-formatter:0.1.3
2025-09-24 19:06:21,704 [Worker-92: Download sources and javadoc] INFO  o.e.m.c.i.e.AbstractTransferListenerAdapter - Downloading https://repo.maven.apache.org/maven2/com/networknt/json-schema-validator/1.5.8/json-schema-validator-1.5.8-sources.jar
2025-09-24 19:06:21,747 [Worker-92: Download sources and javadoc] INFO  o.e.m.c.i.e.AbstractTransferListenerAdapter - Downloaded https://repo.maven.apache.org/maven2/com/networknt/json-schema-validator/1.5.8/json-schema-validator-1.5.8-sources.jar
2025-09-24 19:06:21,749 [Worker-92: Download sources and javadoc] INFO  o.e.m.j.internal.DownloadSourcesJob - Downloaded sources for com.networknt:json-schema-validator:1.5.8
2025-09-24 19:06:21,789 [Worker-92: Download sources and javadoc] INFO  o.e.m.c.i.e.AbstractTransferListenerAdapter - Downloading https://repo.maven.apache.org/maven2/com/ethlo/time/itu/1.10.3/itu-1.10.3-sources.jar
2025-09-24 19:06:21,800 [Worker-92: Download sources and javadoc] INFO  o.e.m.c.i.e.AbstractTransferListenerAdapter - Downloaded https://repo.maven.apache.org/maven2/com/ethlo/time/itu/1.10.3/itu-1.10.3-sources.jar
2025-09-24 19:06:21,802 [Worker-92: Download sources and javadoc] INFO  o.e.m.j.internal.DownloadSourcesJob - Downloaded sources for com.ethlo.time:itu:1.10.3
2025-09-24 19:06:21,841 [Worker-92: Download sources and javadoc] INFO  o.e.m.c.i.e.AbstractTransferListenerAdapter - Downloading https://repo.maven.apache.org/maven2/com/fasterxml/jackson/core/jackson-databind/2.18.3/jackson-databind-2.18.3-sources.jar
2025-09-24 19:06:21,901 [Worker-92: Download sources and javadoc] INFO  o.e.m.c.i.e.AbstractTransferListenerAdapter - Downloaded https://repo.maven.apache.org/maven2/com/fasterxml/jackson/core/jackson-databind/2.18.3/jackson-databind-2.18.3-sources.jar
2025-09-24 19:06:21,903 [Worker-92: Download sources and javadoc] INFO  o.e.m.j.internal.DownloadSourcesJob - Downloaded sources for com.fasterxml.jackson.core:jackson-databind:2.18.3
2025-09-24 19:06:21,933 [Worker-92: Download sources and javadoc] INFO  o.e.m.c.i.e.AbstractTransferListenerAdapter - Downloading https://repo.maven.apache.org/maven2/com/fasterxml/jackson/core/jackson-annotations/2.18.3/jackson-annotations-2.18.3-sources.jar
2025-09-24 19:06:21,950 [Worker-92: Download sources and javadoc] INFO  o.e.m.c.i.e.AbstractTransferListenerAdapter - Downloaded https://repo.maven.apache.org/maven2/com/fasterxml/jackson/core/jackson-annotations/2.18.3/jackson-annotations-2.18.3-sources.jar
2025-09-24 19:06:21,952 [Worker-92: Download sources and javadoc] INFO  o.e.m.j.internal.DownloadSourcesJob - Downloaded sources for com.fasterxml.jackson.core:jackson-annotations:2.18.3
2025-09-24 19:06:21,995 [Worker-92: Download sources and javadoc] INFO  o.e.m.c.i.e.AbstractTransferListenerAdapter - Downloading https://repo.maven.apache.org/maven2/com/fasterxml/jackson/core/jackson-core/2.18.3/jackson-core-2.18.3-sources.jar
2025-09-24 19:06:22,029 [Worker-92: Download sources and javadoc] INFO  o.e.m.c.i.e.AbstractTransferListenerAdapter - Downloaded https://repo.maven.apache.org/maven2/com/fasterxml/jackson/core/jackson-core/2.18.3/jackson-core-2.18.3-sources.jar
2025-09-24 19:06:22,030 [Worker-92: Download sources and javadoc] INFO  o.e.m.j.internal.DownloadSourcesJob - Downloaded sources for com.fasterxml.jackson.core:jackson-core:2.18.3
2025-09-24 19:06:22,065 [Worker-92: Download sources and javadoc] INFO  o.e.m.c.i.e.AbstractTransferListenerAdapter - Downloading https://repo.maven.apache.org/maven2/com/fasterxml/jackson/dataformat/jackson-dataformat-yaml/2.18.3/jackson-dataformat-yaml-2.18.3-sources.jar
2025-09-24 19:06:22,078 [Worker-92: Download sources and javadoc] INFO  o.e.m.c.i.e.AbstractTransferListenerAdapter - Downloaded https://repo.maven.apache.org/maven2/com/fasterxml/jackson/dataformat/jackson-dataformat-yaml/2.18.3/jackson-dataformat-yaml-2.18.3-sources.jar
2025-09-24 19:06:22,079 [Worker-92: Download sources and javadoc] INFO  o.e.m.j.internal.DownloadSourcesJob - Downloaded sources for com.fasterxml.jackson.dataformat:jackson-dataformat-yaml:2.18.3
2025-09-24 19:06:22,129 [Worker-92: Download sources and javadoc] INFO  o.e.m.c.i.e.AbstractTransferListenerAdapter - Downloading https://repo.maven.apache.org/maven2/org/yaml/snakeyaml/2.3/snakeyaml-2.3-sources.jar
2025-09-24 19:06:22,163 [Worker-92: Download sources and javadoc] INFO  o.e.m.c.i.e.AbstractTransferListenerAdapter - Downloaded https://repo.maven.apache.org/maven2/org/yaml/snakeyaml/2.3/snakeyaml-2.3-sources.jar
2025-09-24 19:06:22,164 [Worker-92: Download sources and javadoc] INFO  o.e.m.j.internal.DownloadSourcesJob - Downloaded sources for org.yaml:snakeyaml:2.3
2025-09-24 19:06:22,200 [Worker-92: Download sources and javadoc] INFO  o.e.m.c.i.e.AbstractTransferListenerAdapter - Downloading https://repo.maven.apache.org/maven2/org/slf4j/slf4j-api/2.0.17/slf4j-api-2.0.17-sources.jar
2025-09-24 19:06:22,211 [Worker-92: Download sources and javadoc] INFO  o.e.m.c.i.e.AbstractTransferListenerAdapter - Downloaded https://repo.maven.apache.org/maven2/org/slf4j/slf4j-api/2.0.17/slf4j-api-2.0.17-sources.jar
2025-09-24 19:06:22,212 [Worker-92: Download sources and javadoc] INFO  o.e.m.j.internal.DownloadSourcesJob - Downloaded sources for org.slf4j:slf4j-api:2.0.17
2025-09-24 19:06:22,250 [Worker-92: Download sources and javadoc] INFO  o.e.m.c.i.e.AbstractTransferListenerAdapter - Downloading https://repo.maven.apache.org/maven2/io/cucumber/datatable/7.28.2/datatable-7.28.2-sources.jar
2025-09-24 19:06:22,251 [Worker-92: Download sources and javadoc] INFO  o.e.m.c.i.e.AbstractTransferListenerAdapter - Downloaded https://repo.maven.apache.org/maven2/io/cucumber/datatable/7.28.2/datatable-7.28.2-sources.jar
2025-09-24 19:06:22,252 [Worker-92: Download sources and javadoc] INFO  o.e.m.j.internal.DownloadSourcesJob - Downloaded sources for io.cucumber:datatable:7.28.2
2025-09-24 19:06:22,514 [Worker-92: Download sources and javadoc] INFO  o.e.m.c.i.e.AbstractTransferListenerAdapter - Downloading https://repo.maven.apache.org/maven2/io/cucumber/cucumber-plugin/7.28.2/cucumber-plugin-7.28.2-sources.jar
2025-09-24 19:06:22,580 [Worker-92: Download sources and javadoc] INFO  o.e.m.c.i.e.AbstractTransferListenerAdapter - Downloaded https://repo.maven.apache.org/maven2/io/cucumber/cucumber-plugin/7.28.2/cucumber-plugin-7.28.2-sources.jar
2025-09-24 19:06:22,639 [Worker-92: Download sources and javadoc] INFO  o.e.m.j.internal.DownloadSourcesJob - Downloaded sources for io.cucumber:cucumber-plugin:7.28.2
2025-09-24 19:06:22,802 [Worker-92: Download sources and javadoc] INFO  o.e.m.c.i.e.AbstractTransferListenerAdapter - Downloading https://repo.maven.apache.org/maven2/io/cucumber/docstring/7.28.2/docstring-7.28.2-sources.jar
2025-09-24 19:06:22,804 [Worker-92: Download sources and javadoc] INFO  o.e.m.c.i.e.AbstractTransferListenerAdapter - Downloaded https://repo.maven.apache.org/maven2/io/cucumber/docstring/7.28.2/docstring-7.28.2-sources.jar
2025-09-24 19:06:22,807 [Worker-92: Download sources and javadoc] INFO  o.e.m.j.internal.DownloadSourcesJob - Downloaded sources for io.cucumber:docstring:7.28.2
2025-09-24 19:06:22,845 [Worker-92: Download sources and javadoc] INFO  o.e.m.c.i.e.AbstractTransferListenerAdapter - Downloading https://repo.maven.apache.org/maven2/io/cucumber/html-formatter/21.13.0/html-formatter-21.13.0-sources.jar
2025-09-24 19:06:22,875 [Worker-92: Download sources and javadoc] INFO  o.e.m.c.i.e.AbstractTransferListenerAdapter - Downloaded https://repo.maven.apache.org/maven2/io/cucumber/html-formatter/21.13.0/html-formatter-21.13.0-sources.jar
2025-09-24 19:06:22,876 [Worker-92: Download sources and javadoc] INFO  o.e.m.j.internal.DownloadSourcesJob - Downloaded sources for io.cucumber:html-formatter:21.13.0
2025-09-24 19:06:22,911 [Worker-92: Download sources and javadoc] INFO  o.e.m.c.i.e.AbstractTransferListenerAdapter - Downloading https://repo.maven.apache.org/maven2/io/cucumber/junit-xml-formatter/0.8.1/junit-xml-formatter-0.8.1-sources.jar
2025-09-24 19:06:22,912 [Worker-92: Download sources and javadoc] INFO  o.e.m.c.i.e.AbstractTransferListenerAdapter - Downloaded https://repo.maven.apache.org/maven2/io/cucumber/junit-xml-formatter/0.8.1/junit-xml-formatter-0.8.1-sources.jar
2025-09-24 19:06:22,916 [Worker-92: Download sources and javadoc] INFO  o.e.m.j.internal.DownloadSourcesJob - Downloaded sources for io.cucumber:junit-xml-formatter:0.8.1
2025-09-24 19:06:22,973 [Worker-92: Download sources and javadoc] INFO  o.e.m.c.i.e.AbstractTransferListenerAdapter - Downloading https://repo.maven.apache.org/maven2/io/cucumber/cucumber-junit-platform-engine/7.28.2/cucumber-junit-platform-engine-7.28.2-sources.jar
2025-09-24 19:06:22,975 [Worker-92: Download sources and javadoc] INFO  o.e.m.c.i.e.AbstractTransferListenerAdapter - Downloaded https://repo.maven.apache.org/maven2/io/cucumber/cucumber-junit-platform-engine/7.28.2/cucumber-junit-platform-engine-7.28.2-sources.jar
2025-09-24 19:06:22,976 [Worker-92: Download sources and javadoc] INFO  o.e.m.j.internal.DownloadSourcesJob - Downloaded sources for io.cucumber:cucumber-junit-platform-engine:7.28.2
2025-09-24 19:06:23,013 [Worker-92: Download sources and javadoc] INFO  o.e.m.c.i.e.AbstractTransferListenerAdapter - Downloading https://repo.maven.apache.org/maven2/org/junit/platform/junit-platform-engine/1.13.4/junit-platform-engine-1.13.4-sources.jar
2025-09-24 19:06:23,034 [Worker-92: Download sources and javadoc] INFO  o.e.m.c.i.e.AbstractTransferListenerAdapter - Downloaded https://repo.maven.apache.org/maven2/org/junit/platform/junit-platform-engine/1.13.4/junit-platform-engine-1.13.4-sources.jar
2025-09-24 19:06:23,035 [Worker-92: Download sources and javadoc] INFO  o.e.m.j.internal.DownloadSourcesJob - Downloaded sources for org.junit.platform:junit-platform-engine:1.13.4
2025-09-24 19:06:23,085 [Worker-92: Download sources and javadoc] INFO  o.e.m.c.i.e.AbstractTransferListenerAdapter - Downloading https://repo.maven.apache.org/maven2/org/junit/platform/junit-platform-commons/1.13.4/junit-platform-commons-1.13.4-sources.jar
2025-09-24 19:06:23,106 [Worker-92: Download sources and javadoc] INFO  o.e.m.c.i.e.AbstractTransferListenerAdapter - Downloaded https://repo.maven.apache.org/maven2/org/junit/platform/junit-platform-commons/1.13.4/junit-platform-commons-1.13.4-sources.jar
2025-09-24 19:06:23,109 [Worker-92: Download sources and javadoc] INFO  o.e.m.j.internal.DownloadSourcesJob - Downloaded sources for org.junit.platform:junit-platform-commons:1.13.4
2025-09-24 19:06:23,144 [Worker-92: Download sources and javadoc] INFO  o.e.m.c.i.e.AbstractTransferListenerAdapter - Downloading https://repo.maven.apache.org/maven2/org/junit/platform/junit-platform-suite/1.13.4/junit-platform-suite-1.13.4-sources.jar
2025-09-24 19:06:23,145 [Worker-92: Download sources and javadoc] INFO  o.e.m.c.i.e.AbstractTransferListenerAdapter - Downloaded https://repo.maven.apache.org/maven2/org/junit/platform/junit-platform-suite/1.13.4/junit-platform-suite-1.13.4-sources.jar
2025-09-24 19:06:23,146 [Worker-92: Download sources and javadoc] INFO  o.e.m.j.internal.DownloadSourcesJob - Downloaded sources for org.junit.platform:junit-platform-suite:1.13.4
2025-09-24 19:06:23,178 [Worker-92: Download sources and javadoc] INFO  o.e.m.c.i.e.AbstractTransferListenerAdapter - Downloading https://repo.maven.apache.org/maven2/org/junit/platform/junit-platform-suite-api/1.13.4/junit-platform-suite-api-1.13.4-sources.jar
2025-09-24 19:06:23,185 [Worker-92: Download sources and javadoc] INFO  o.e.m.c.i.e.AbstractTransferListenerAdapter - Downloaded https://repo.maven.apache.org/maven2/org/junit/platform/junit-platform-suite-api/1.13.4/junit-platform-suite-api-1.13.4-sources.jar
2025-09-24 19:06:23,186 [Worker-92: Download sources and javadoc] INFO  o.e.m.j.internal.DownloadSourcesJob - Downloaded sources for org.junit.platform:junit-platform-suite-api:1.13.4
2025-09-24 19:06:23,235 [Worker-92: Download sources and javadoc] INFO  o.e.m.c.i.e.AbstractTransferListenerAdapter - Downloading https://repo.maven.apache.org/maven2/org/junit/platform/junit-platform-suite-engine/1.13.4/junit-platform-suite-engine-1.13.4-sources.jar
2025-09-24 19:06:23,237 [Worker-92: Download sources and javadoc] INFO  o.e.m.c.i.e.AbstractTransferListenerAdapter - Downloaded https://repo.maven.apache.org/maven2/org/junit/platform/junit-platform-suite-engine/1.13.4/junit-platform-suite-engine-1.13.4-sources.jar
2025-09-24 19:06:23,238 [Worker-92: Download sources and javadoc] INFO  o.e.m.j.internal.DownloadSourcesJob - Downloaded sources for org.junit.platform:junit-platform-suite-engine:1.13.4
2025-09-24 19:06:23,273 [Worker-92: Download sources and javadoc] INFO  o.e.m.c.i.e.AbstractTransferListenerAdapter - Downloading https://repo.maven.apache.org/maven2/org/junit/platform/junit-platform-suite-commons/1.13.4/junit-platform-suite-commons-1.13.4-sources.jar
2025-09-24 19:06:23,275 [Worker-92: Download sources and javadoc] INFO  o.e.m.c.i.e.AbstractTransferListenerAdapter - Downloaded https://repo.maven.apache.org/maven2/org/junit/platform/junit-platform-suite-commons/1.13.4/junit-platform-suite-commons-1.13.4-sources.jar
2025-09-24 19:06:23,277 [Worker-92: Download sources and javadoc] INFO  o.e.m.j.internal.DownloadSourcesJob - Downloaded sources for org.junit.platform:junit-platform-suite-commons:1.13.4
2025-09-24 19:06:23,335 [Worker-92: Download sources and javadoc] INFO  o.e.m.c.i.e.AbstractTransferListenerAdapter - Downloading https://repo.maven.apache.org/maven2/org/junit/platform/junit-platform-launcher/1.13.4/junit-platform-launcher-1.13.4-sources.jar
2025-09-24 19:06:23,362 [Worker-92: Download sources and javadoc] INFO  o.e.m.c.i.e.AbstractTransferListenerAdapter - Downloaded https://repo.maven.apache.org/maven2/org/junit/platform/junit-platform-launcher/1.13.4/junit-platform-launcher-1.13.4-sources.jar
2025-09-24 19:06:23,364 [Worker-92: Download sources and javadoc] INFO  o.e.m.j.internal.DownloadSourcesJob - Downloaded sources for org.junit.platform:junit-platform-launcher:1.13.4
2025-09-24 19:06:23,399 [Worker-92: Download sources and javadoc] INFO  o.e.m.c.i.e.AbstractTransferListenerAdapter - Downloading https://repo.maven.apache.org/maven2/org/assertj/assertj-core/3.27.4/assertj-core-3.27.4-sources.jar
2025-09-24 19:06:23,462 [Worker-92: Download sources and javadoc] INFO  o.e.m.c.i.e.AbstractTransferListenerAdapter - Downloaded https://repo.maven.apache.org/maven2/org/assertj/assertj-core/3.27.4/assertj-core-3.27.4-sources.jar
2025-09-24 19:06:23,464 [Worker-92: Download sources and javadoc] INFO  o.e.m.j.internal.DownloadSourcesJob - Downloaded sources for org.assertj:assertj-core:3.27.4
2025-09-24 19:07:49,760 [Worker-77: Building] INFO  o.a.m.s.f.DefaultMavenResourcesFiltering - skip non existing resourceDirectory /Volumes/Renuka/Professional Stuff (Restricted)/Session_material/Session_WorkSpaces/Automation_SA2506029/SA250629_WebDriver/mycucumberproject/src/main/resources
2025-09-24 19:07:49,767 [Worker-77: Building] INFO  o.a.m.s.f.DefaultMavenResourcesFiltering - Copying 1 resource from src/test/resources to target/test-classes
2025-09-24 19:07:58,176 [Worker-94: Building] INFO  o.a.m.s.f.DefaultMavenResourcesFiltering - skip non existing resourceDirectory /Volumes/Renuka/Professional Stuff (Restricted)/Session_material/Session_WorkSpaces/Automation_SA2506029/SA250629_WebDriver/mycucumberproject/src/main/resources
2025-09-24 19:07:58,179 [Worker-94: Building] INFO  o.a.m.s.f.DefaultMavenResourcesFiltering - Copying 0 resource from src/test/resources to target/test-classes
2025-09-24 19:08:56,005 [Worker-93: Building] INFO  o.a.m.s.f.DefaultMavenResourcesFiltering - skip non existing resourceDirectory /Volumes/Renuka/Professional Stuff (Restricted)/Session_material/Session_WorkSpaces/Automation_SA2506029/SA250629_WebDriver/mycucumberproject/src/main/resources
2025-09-24 19:08:56,026 [Worker-93: Building] INFO  o.a.m.s.f.DefaultMavenResourcesFiltering - Copying 1 resource from src/test/resources to target/test-classes
2025-09-24 19:10:15,588 [Worker-106: Launching GoogleLinks.feature] INFO  o.a.m.s.f.DefaultMavenResourcesFiltering - skip non existing resourceDirectory /Volumes/Renuka/Professional Stuff (Restricted)/Session_material/Session_WorkSpaces/Automation_SA2506029/SA250629_WebDriver/mycucumberproject/src/main/resources
2025-09-24 19:10:15,603 [Worker-106: Launching GoogleLinks.feature] INFO  o.a.m.s.f.DefaultMavenResourcesFiltering - Copying 1 resource from src/test/resources to target/test-classes
2025-09-24 19:11:08,031 [Worker-93: Building] INFO  o.e.m.c.i.l.LifecycleMappingFactory - Using org.eclipse.m2e.jdt.JarLifecycleMapping lifecycle mapping for MavenProject: mycucumberproject:mycucumberproject:0.0.1-SNAPSHOT @ /Volumes/Renuka/Professional Stuff (Restricted)/Session_material/Session_WorkSpaces/Automation_SA2506029/SA250629_WebDriver/mycucumberproject/pom.xml.
2025-09-24 19:11:08,271 [Worker-93: Building] INFO  o.e.m.c.i.e.AbstractTransferListenerAdapter - Downloading https://repo.maven.apache.org/maven2/io/cucumber/messages/maven-metadata.xml
2025-09-24 19:11:08,283 [Worker-93: Building] INFO  o.e.m.c.i.e.AbstractTransferListenerAdapter - Downloaded https://repo.maven.apache.org/maven2/io/cucumber/messages/maven-metadata.xml
2025-09-24 19:11:10,180 [Worker-93: Building] INFO  o.a.m.s.f.DefaultMavenResourcesFiltering - skip non existing resourceDirectory /Volumes/Renuka/Professional Stuff (Restricted)/Session_material/Session_WorkSpaces/Automation_SA2506029/SA250629_WebDriver/mycucumberproject/src/main/resources
2025-09-24 19:11:10,205 [Worker-93: Building] INFO  o.a.m.s.f.DefaultMavenResourcesFiltering - Copying 0 resource from src/test/resources to target/test-classes
2025-09-24 19:11:11,572 [Worker-106: Building] INFO  o.a.m.s.f.DefaultMavenResourcesFiltering - skip non existing resourceDirectory /Volumes/Renuka/Professional Stuff (Restricted)/Session_material/Session_WorkSpaces/Automation_SA2506029/SA250629_WebDriver/mycucumberproject/src/main/resources
2025-09-24 19:11:11,574 [Worker-106: Building] INFO  o.a.m.s.f.DefaultMavenResourcesFiltering - Copying 1 resource from src/test/resources to target/test-classes
2025-09-24 19:11:15,026 [Worker-93: Launching GoogleLinks.feature] INFO  o.e.m.c.i.l.LifecycleMappingFactory - Using org.eclipse.m2e.jdt.JarLifecycleMapping lifecycle mapping for MavenProject: mycucumberproject:mycucumberproject:0.0.1-SNAPSHOT @ /Volumes/Renuka/Professional Stuff (Restricted)/Session_material/Session_WorkSpaces/Automation_SA2506029/SA250629_WebDriver/mycucumberproject/pom.xml.
2025-09-24 19:11:15,326 [Worker-93: Launching GoogleLinks.feature] INFO  o.a.m.s.f.DefaultMavenResourcesFiltering - skip non existing resourceDirectory /Volumes/Renuka/Professional Stuff (Restricted)/Session_material/Session_WorkSpaces/Automation_SA2506029/SA250629_WebDriver/mycucumberproject/src/main/resources
2025-09-24 19:11:15,330 [Worker-93: Launching GoogleLinks.feature] INFO  o.a.m.s.f.DefaultMavenResourcesFiltering - Copying 0 resource from src/test/resources to target/test-classes
2025-09-24 19:11:33,842 [Worker-77: Building] INFO  o.a.m.s.f.DefaultMavenResourcesFiltering - skip non existing resourceDirectory /Volumes/Renuka/Professional Stuff (Restricted)/Session_material/Session_WorkSpaces/Automation_SA2506029/SA250629_WebDriver/mycucumberproject/src/main/resources
2025-09-24 19:11:33,870 [Worker-77: Building] INFO  o.a.m.s.f.DefaultMavenResourcesFiltering - Copying 1 resource from src/test/resources to target/test-classes
2025-09-24 19:11:38,157 [Worker-98: Building] INFO  o.a.m.s.f.DefaultMavenResourcesFiltering - skip non existing resourceDirectory /Volumes/Renuka/Professional Stuff (Restricted)/Session_material/Session_WorkSpaces/Automation_SA2506029/SA250629_WebDriver/mycucumberproject/src/main/resources
2025-09-24 19:11:38,160 [Worker-98: Building] INFO  o.a.m.s.f.DefaultMavenResourcesFiltering - Copying 1 resource from src/test/resources to target/test-classes
2025-09-24 19:11:43,382 [Worker-77: Building] INFO  o.a.m.s.f.DefaultMavenResourcesFiltering - skip non existing resourceDirectory /Volumes/Renuka/Professional Stuff (Restricted)/Session_material/Session_WorkSpaces/Automation_SA2506029/SA250629_WebDriver/mycucumberproject/src/main/resources
2025-09-24 19:11:43,400 [Worker-77: Building] INFO  o.a.m.s.f.DefaultMavenResourcesFiltering - Copying 1 resource from src/test/resources to target/test-classes
2025-09-24 19:11:53,571 [Worker-95: Building] INFO  o.a.m.s.f.DefaultMavenResourcesFiltering - skip non existing resourceDirectory /Volumes/Renuka/Professional Stuff (Restricted)/Session_material/Session_WorkSpaces/Automation_SA2506029/SA250629_WebDriver/mycucumberproject/src/main/resources
2025-09-24 19:11:53,577 [Worker-95: Building] INFO  o.a.m.s.f.DefaultMavenResourcesFiltering - Copying 1 resource from src/test/resources to target/test-classes
2025-09-24 19:12:15,057 [Worker-112: Building] INFO  o.a.m.s.f.DefaultMavenResourcesFiltering - skip non existing resourceDirectory /Volumes/Renuka/Professional Stuff (Restricted)/Session_material/Session_WorkSpaces/Automation_SA2506029/SA250629_WebDriver/mycucumberproject/src/main/resources
2025-09-24 19:12:15,078 [Worker-112: Building] INFO  o.a.m.s.f.DefaultMavenResourcesFiltering - Copying 1 resource from src/test/resources to target/test-classes
2025-09-24 19:15:06,292 [Worker-117: Building] INFO  o.a.m.s.f.DefaultMavenResourcesFiltering - skip non existing resourceDirectory /Volumes/Renuka/Professional Stuff (Restricted)/Session_material/Session_WorkSpaces/Automation_SA2506029/SA250629_WebDriver/mycucumberproject/src/main/resources
2025-09-24 19:15:06,336 [Worker-117: Building] INFO  o.a.m.s.f.DefaultMavenResourcesFiltering - Copying 1 resource from src/test/resources to target/test-classes
2025-09-24 19:15:40,352 [Worker-117: Building] INFO  o.a.m.s.f.DefaultMavenResourcesFiltering - skip non existing resourceDirectory /Volumes/Renuka/Professional Stuff (Restricted)/Session_material/Session_WorkSpaces/Automation_SA2506029/SA250629_WebDriver/mycucumberproject/src/main/resources
2025-09-24 19:15:40,358 [Worker-117: Building] INFO  o.a.m.s.f.DefaultMavenResourcesFiltering - Copying 1 resource from src/test/resources to target/test-classes
2025-09-24 19:15:45,099 [Worker-117: Building] INFO  o.a.m.s.f.DefaultMavenResourcesFiltering - skip non existing resourceDirectory /Volumes/Renuka/Professional Stuff (Restricted)/Session_material/Session_WorkSpaces/Automation_SA2506029/SA250629_WebDriver/mycucumberproject/src/main/resources
2025-09-24 19:15:45,175 [Worker-117: Building] INFO  o.a.m.s.f.DefaultMavenResourcesFiltering - Copying 1 resource from src/test/resources to target/test-classes
2025-09-24 19:16:22,091 [main] INFO  o.e.m.jdt.internal.UnitTestSupport - Updating googleRunner from maven configuration
2025-09-24 19:17:07,799 [Worker-119: Building] INFO  o.a.m.s.f.DefaultMavenResourcesFiltering - skip non existing resourceDirectory /Volumes/Renuka/Professional Stuff (Restricted)/Session_material/Session_WorkSpaces/Automation_SA2506029/SA250629_WebDriver/mycucumberproject/src/main/resources
2025-09-24 19:17:07,811 [Worker-119: Building] INFO  o.a.m.s.f.DefaultMavenResourcesFiltering - Copying 1 resource from src/test/resources to target/test-classes
2025-09-24 19:17:48,058 [Worker-118: Building] INFO  o.a.m.s.f.DefaultMavenResourcesFiltering - skip non existing resourceDirectory /Volumes/Renuka/Professional Stuff (Restricted)/Session_material/Session_WorkSpaces/Automation_SA2506029/SA250629_WebDriver/mycucumberproject/src/main/resources
2025-09-24 19:17:48,126 [Worker-118: Building] INFO  o.a.m.s.f.DefaultMavenResourcesFiltering - Copying 1 resource from src/test/resources to target/test-classes
2025-09-24 19:18:44,054 [Worker-118: Updating Maven Dependencies] ERROR o.e.m.j.i.l.MavenLaunchConfigurationListener - Launch configuration googleRunner references non-existing project mycucumberproject.
org.eclipse.core.runtime.CoreException: Launch configuration googleRunner references non-existing project mycucumberproject.
	at org.eclipse.jdt.launching.JavaRuntime.abort(JavaRuntime.java:1870)
	at org.eclipse.jdt.launching.JavaRuntime.getJavaProject(JavaRuntime.java:1747)
	at org.eclipse.m2e.jdt.internal.launch.MavenLaunchConfigurationListener.updateLaunchConfiguration(MavenLaunchConfigurationListener.java:66)
	at org.eclipse.m2e.jdt.internal.launch.MavenLaunchConfigurationListener.launchConfigurationChanged(MavenLaunchConfigurationListener.java:52)
	at org.eclipse.debug.internal.core.LaunchManager$ConfigurationNotifier.run(LaunchManager.java:219)
	at org.eclipse.core.runtime.SafeRunner.run(SafeRunner.java:47)
	at org.eclipse.debug.internal.core.LaunchManager$ConfigurationNotifier.notify(LaunchManager.java:203)
	at org.eclipse.debug.internal.core.LaunchConfigurationWorkingCopy.setDirty(LaunchConfigurationWorkingCopy.java:527)
	at org.eclipse.debug.internal.core.LaunchConfigurationWorkingCopy.setAttribute(LaunchConfigurationWorkingCopy.java:415)
	at org.eclipse.m2e.jdt.internal.launch.MavenRuntimeClasspathProvider.disable(MavenRuntimeClasspathProvider.java:409)
	at org.eclipse.m2e.jdt.internal.launch.MavenRuntimeClasspathProvider.disable(MavenRuntimeClasspathProvider.java:435)
	at org.eclipse.m2e.jdt.internal.launch.MavenLaunchConfigurationListener.mavenProjectChanged(MavenLaunchConfigurationListener.java:137)
	at org.eclipse.m2e.core.internal.project.registry.ProjectRegistryManager.notifyProjectChangeListeners(ProjectRegistryManager.java:892)
	at org.eclipse.m2e.core.internal.project.registry.ProjectRegistryManager.applyMutableProjectRegistry(ProjectRegistryManager.java:1042)
	at org.eclipse.m2e.core.internal.project.registry.ProjectRegistryRefreshJob.lambda$0(ProjectRegistryRefreshJob.java:162)
	at org.eclipse.m2e.core.internal.embedder.MavenExecutionContext.executeBare(MavenExecutionContext.java:458)
	at org.eclipse.m2e.core.internal.embedder.MavenExecutionContext.execute(MavenExecutionContext.java:339)
	at org.eclipse.m2e.core.internal.embedder.MavenExecutionContext.execute(MavenExecutionContext.java:278)
	at org.eclipse.m2e.core.internal.project.registry.ProjectRegistryRefreshJob.run(ProjectRegistryRefreshJob.java:106)
	at org.eclipse.core.internal.jobs.Worker.run(Worker.java:63)
2025-09-24 19:18:44,107 [Worker-118: Updating Maven Dependencies] ERROR o.e.m.j.i.l.MavenLaunchConfigurationListener - Launch configuration googleRunner references non-existing project mycucumberproject.
org.eclipse.core.runtime.CoreException: Launch configuration googleRunner references non-existing project mycucumberproject.
	at org.eclipse.jdt.launching.JavaRuntime.abort(JavaRuntime.java:1870)
	at org.eclipse.jdt.launching.JavaRuntime.getJavaProject(JavaRuntime.java:1747)
	at org.eclipse.m2e.jdt.internal.launch.MavenLaunchConfigurationListener.updateLaunchConfiguration(MavenLaunchConfigurationListener.java:66)
	at org.eclipse.m2e.jdt.internal.launch.MavenLaunchConfigurationListener.launchConfigurationChanged(MavenLaunchConfigurationListener.java:52)
	at org.eclipse.debug.internal.core.LaunchManager$ConfigurationNotifier.run(LaunchManager.java:219)
	at org.eclipse.core.runtime.SafeRunner.run(SafeRunner.java:47)
	at org.eclipse.debug.internal.core.LaunchManager$ConfigurationNotifier.notify(LaunchManager.java:203)
	at org.eclipse.debug.internal.core.LaunchConfigurationWorkingCopy.setDirty(LaunchConfigurationWorkingCopy.java:527)
	at org.eclipse.debug.internal.core.LaunchConfigurationWorkingCopy.setAttribute(LaunchConfigurationWorkingCopy.java:415)
	at org.eclipse.m2e.jdt.internal.launch.MavenRuntimeClasspathProvider.disable(MavenRuntimeClasspathProvider.java:410)
	at org.eclipse.m2e.jdt.internal.launch.MavenRuntimeClasspathProvider.disable(MavenRuntimeClasspathProvider.java:435)
	at org.eclipse.m2e.jdt.internal.launch.MavenLaunchConfigurationListener.mavenProjectChanged(MavenLaunchConfigurationListener.java:137)
	at org.eclipse.m2e.core.internal.project.registry.ProjectRegistryManager.notifyProjectChangeListeners(ProjectRegistryManager.java:892)
	at org.eclipse.m2e.core.internal.project.registry.ProjectRegistryManager.applyMutableProjectRegistry(ProjectRegistryManager.java:1042)
	at org.eclipse.m2e.core.internal.project.registry.ProjectRegistryRefreshJob.lambda$0(ProjectRegistryRefreshJob.java:162)
	at org.eclipse.m2e.core.internal.embedder.MavenExecutionContext.executeBare(MavenExecutionContext.java:458)
	at org.eclipse.m2e.core.internal.embedder.MavenExecutionContext.execute(MavenExecutionContext.java:339)
	at org.eclipse.m2e.core.internal.embedder.MavenExecutionContext.execute(MavenExecutionContext.java:278)
	at org.eclipse.m2e.core.internal.project.registry.ProjectRegistryRefreshJob.run(ProjectRegistryRefreshJob.java:106)
	at org.eclipse.core.internal.jobs.Worker.run(Worker.java:63)
2025-09-24 19:18:44,115 [Worker-118: Updating Maven Dependencies] ERROR o.e.m.j.i.l.MavenLaunchConfigurationListener - Launch configuration googleRunner references non-existing project mycucumberproject.
org.eclipse.core.runtime.CoreException: Launch configuration googleRunner references non-existing project mycucumberproject.
	at org.eclipse.jdt.launching.JavaRuntime.abort(JavaRuntime.java:1870)
	at org.eclipse.jdt.launching.JavaRuntime.getJavaProject(JavaRuntime.java:1747)
	at org.eclipse.m2e.jdt.internal.launch.MavenLaunchConfigurationListener.updateLaunchConfiguration(MavenLaunchConfigurationListener.java:66)
	at org.eclipse.m2e.jdt.internal.launch.MavenLaunchConfigurationListener.launchConfigurationChanged(MavenLaunchConfigurationListener.java:52)
	at org.eclipse.debug.internal.core.LaunchManager$ConfigurationNotifier.run(LaunchManager.java:219)
	at org.eclipse.core.runtime.SafeRunner.run(SafeRunner.java:47)
	at org.eclipse.debug.internal.core.LaunchManager$ConfigurationNotifier.notify(LaunchManager.java:203)
	at org.eclipse.debug.internal.core.LaunchManager.launchConfigurationChanged(LaunchManager.java:1960)
	at org.eclipse.debug.internal.core.LaunchConfigurationWorkingCopy.writeNewFile(LaunchConfigurationWorkingCopy.java:380)
	at org.eclipse.debug.internal.core.LaunchConfigurationWorkingCopy.doSave0(LaunchConfigurationWorkingCopy.java:259)
	at org.eclipse.debug.internal.core.LaunchConfigurationWorkingCopy.doSave(LaunchConfigurationWorkingCopy.java:229)
	at org.eclipse.debug.internal.core.LaunchConfigurationWorkingCopy.doSave(LaunchConfigurationWorkingCopy.java:187)
	at org.eclipse.m2e.jdt.internal.launch.MavenRuntimeClasspathProvider.disable(MavenRuntimeClasspathProvider.java:411)
	at org.eclipse.m2e.jdt.internal.launch.MavenRuntimeClasspathProvider.disable(MavenRuntimeClasspathProvider.java:435)
	at org.eclipse.m2e.jdt.internal.launch.MavenLaunchConfigurationListener.mavenProjectChanged(MavenLaunchConfigurationListener.java:137)
	at org.eclipse.m2e.core.internal.project.registry.ProjectRegistryManager.notifyProjectChangeListeners(ProjectRegistryManager.java:892)
	at org.eclipse.m2e.core.internal.project.registry.ProjectRegistryManager.applyMutableProjectRegistry(ProjectRegistryManager.java:1042)
	at org.eclipse.m2e.core.internal.project.registry.ProjectRegistryRefreshJob.lambda$0(ProjectRegistryRefreshJob.java:162)
	at org.eclipse.m2e.core.internal.embedder.MavenExecutionContext.executeBare(MavenExecutionContext.java:458)
	at org.eclipse.m2e.core.internal.embedder.MavenExecutionContext.execute(MavenExecutionContext.java:339)
	at org.eclipse.m2e.core.internal.embedder.MavenExecutionContext.execute(MavenExecutionContext.java:278)
	at org.eclipse.m2e.core.internal.project.registry.ProjectRegistryRefreshJob.run(ProjectRegistryRefreshJob.java:106)
	at org.eclipse.core.internal.jobs.Worker.run(Worker.java:63)
2025-09-24 20:07:57,288 [Worker-4: Loading available Gradle versions] INFO  o.e.b.c.i.u.g.PublishedGradleVersions - Gradle version information cache is out-of-date. Trying to update.
2025-09-24 20:37:45,613 [Worker-4: Loading available Gradle versions] INFO  o.e.b.c.i.u.g.PublishedGradleVersions - Gradle version information cache is up-to-date. Trying to read.
2025-09-24 20:39:01,629 [Worker-3: Creating project "mycucumberproject"] INFO  o.e.m.c.i.l.LifecycleMappingFactory - Using org.eclipse.m2e.jdt.JarLifecycleMapping lifecycle mapping for MavenProject: mycucumberproject:mycucumberproject:0.0.1-SNAPSHOT @ /Volumes/Renuka/Professional Stuff (Restricted)/Session_material/Session_WorkSpaces/Automation_SA2506029/SA250629_WebDriver/mycucumberproject/pom.xml.
2025-09-24 20:39:02,087 [Worker-3: Creating project "mycucumberproject"] ERROR o.e.m.j.i.l.MavenLaunchConfigurationListener - Launch configuration googleRunner references non-existing project mycucumberproject.
org.eclipse.core.runtime.CoreException: Launch configuration googleRunner references non-existing project mycucumberproject.
	at org.eclipse.jdt.launching.JavaRuntime.abort(JavaRuntime.java:1870)
	at org.eclipse.jdt.launching.JavaRuntime.getJavaProject(JavaRuntime.java:1747)
	at org.eclipse.m2e.jdt.internal.launch.MavenLaunchConfigurationListener.updateLaunchConfiguration(MavenLaunchConfigurationListener.java:66)
	at org.eclipse.m2e.jdt.internal.launch.MavenLaunchConfigurationListener.launchConfigurationChanged(MavenLaunchConfigurationListener.java:52)
	at org.eclipse.debug.internal.core.LaunchManager$ConfigurationNotifier.run(LaunchManager.java:219)
	at org.eclipse.core.runtime.SafeRunner.run(SafeRunner.java:47)
	at org.eclipse.debug.internal.core.LaunchManager$ConfigurationNotifier.notify(LaunchManager.java:203)
	at org.eclipse.debug.internal.core.LaunchConfigurationWorkingCopy.setDirty(LaunchConfigurationWorkingCopy.java:527)
	at org.eclipse.debug.internal.core.LaunchConfigurationWorkingCopy.setAttribute(LaunchConfigurationWorkingCopy.java:415)
	at org.eclipse.m2e.jdt.internal.launch.MavenRuntimeClasspathProvider.enable(MavenRuntimeClasspathProvider.java:403)
	at org.eclipse.m2e.jdt.internal.launch.MavenRuntimeClasspathProvider.enable(MavenRuntimeClasspathProvider.java:397)
	at org.eclipse.m2e.jdt.internal.launch.MavenRuntimeClasspathProvider.enable(MavenRuntimeClasspathProvider.java:427)
	at org.eclipse.m2e.jdt.internal.launch.MavenLaunchConfigurationListener.mavenProjectChanged(MavenLaunchConfigurationListener.java:134)
	at org.eclipse.m2e.core.internal.project.registry.ProjectRegistryManager.notifyProjectChangeListeners(ProjectRegistryManager.java:892)
	at org.eclipse.m2e.core.internal.project.registry.ProjectRegistryManager.applyMutableProjectRegistry(ProjectRegistryManager.java:1042)
	at org.eclipse.m2e.core.internal.project.registry.ProjectRegistryManager.refresh(ProjectRegistryManager.java:324)
	at org.eclipse.m2e.core.internal.project.ProjectConfigurationManager.configureNewMavenProjects(ProjectConfigurationManager.java:256)
	at org.eclipse.m2e.core.internal.project.ProjectConfigurationManager$1.run(ProjectConfigurationManager.java:526)
	at org.eclipse.m2e.core.internal.embedder.AbstractRunnable.call(AbstractRunnable.java:29)
	at org.eclipse.m2e.core.internal.embedder.AbstractRunnable.call(AbstractRunnable.java:1)
	at org.eclipse.m2e.core.internal.embedder.MavenExecutionContext.executeBare(MavenExecutionContext.java:458)
	at org.eclipse.m2e.core.internal.embedder.MavenExecutionContext.execute(MavenExecutionContext.java:339)
	at org.eclipse.m2e.core.internal.embedder.MavenExecutionContext.execute(MavenExecutionContext.java:278)
	at org.eclipse.m2e.core.internal.project.ProjectConfigurationManager.enableMavenNature(ProjectConfigurationManager.java:522)
	at org.eclipse.m2e.core.internal.project.ProjectConfigurationManager.createSimpleProject(ProjectConfigurationManager.java:712)
	at org.eclipse.m2e.core.ui.internal.wizards.MavenProjectWizard$2.doCreateMavenProjects(MavenProjectWizard.java:226)
	at org.eclipse.m2e.core.ui.internal.wizards.AbstractCreateMavenProjectJob$1.doCreateMavenProjects(AbstractCreateMavenProjectJob.java:51)
	at org.eclipse.m2e.core.ui.internal.wizards.AbstractCreateMavenProjectsOperation.run(AbstractCreateMavenProjectsOperation.java:56)
	at org.eclipse.m2e.core.ui.internal.wizards.AbstractCreateMavenProjectJob.runInWorkspace(AbstractCreateMavenProjectJob.java:55)
	at org.eclipse.core.internal.resources.InternalWorkspaceJob.run(InternalWorkspaceJob.java:43)
	at org.eclipse.core.internal.jobs.Worker.run(Worker.java:63)
2025-09-24 20:39:02,096 [Worker-3: Creating project "mycucumberproject"] ERROR o.e.m.j.i.l.MavenLaunchConfigurationListener - Launch configuration googleRunner references non-existing project mycucumberproject.
org.eclipse.core.runtime.CoreException: Launch configuration googleRunner references non-existing project mycucumberproject.
	at org.eclipse.jdt.launching.JavaRuntime.abort(JavaRuntime.java:1870)
	at org.eclipse.jdt.launching.JavaRuntime.getJavaProject(JavaRuntime.java:1747)
	at org.eclipse.m2e.jdt.internal.launch.MavenLaunchConfigurationListener.updateLaunchConfiguration(MavenLaunchConfigurationListener.java:66)
	at org.eclipse.m2e.jdt.internal.launch.MavenLaunchConfigurationListener.launchConfigurationChanged(MavenLaunchConfigurationListener.java:52)
	at org.eclipse.debug.internal.core.LaunchManager$ConfigurationNotifier.run(LaunchManager.java:219)
	at org.eclipse.core.runtime.SafeRunner.run(SafeRunner.java:47)
	at org.eclipse.debug.internal.core.LaunchManager$ConfigurationNotifier.notify(LaunchManager.java:203)
	at org.eclipse.debug.internal.core.LaunchConfigurationWorkingCopy.setDirty(LaunchConfigurationWorkingCopy.java:527)
	at org.eclipse.debug.internal.core.LaunchConfigurationWorkingCopy.setAttribute(LaunchConfigurationWorkingCopy.java:415)
	at org.eclipse.m2e.jdt.internal.launch.MavenRuntimeClasspathProvider.enable(MavenRuntimeClasspathProvider.java:404)
	at org.eclipse.m2e.jdt.internal.launch.MavenRuntimeClasspathProvider.enable(MavenRuntimeClasspathProvider.java:397)
	at org.eclipse.m2e.jdt.internal.launch.MavenRuntimeClasspathProvider.enable(MavenRuntimeClasspathProvider.java:427)
	at org.eclipse.m2e.jdt.internal.launch.MavenLaunchConfigurationListener.mavenProjectChanged(MavenLaunchConfigurationListener.java:134)
	at org.eclipse.m2e.core.internal.project.registry.ProjectRegistryManager.notifyProjectChangeListeners(ProjectRegistryManager.java:892)
	at org.eclipse.m2e.core.internal.project.registry.ProjectRegistryManager.applyMutableProjectRegistry(ProjectRegistryManager.java:1042)
	at org.eclipse.m2e.core.internal.project.registry.ProjectRegistryManager.refresh(ProjectRegistryManager.java:324)
	at org.eclipse.m2e.core.internal.project.ProjectConfigurationManager.configureNewMavenProjects(ProjectConfigurationManager.java:256)
	at org.eclipse.m2e.core.internal.project.ProjectConfigurationManager$1.run(ProjectConfigurationManager.java:526)
	at org.eclipse.m2e.core.internal.embedder.AbstractRunnable.call(AbstractRunnable.java:29)
	at org.eclipse.m2e.core.internal.embedder.AbstractRunnable.call(AbstractRunnable.java:1)
	at org.eclipse.m2e.core.internal.embedder.MavenExecutionContext.executeBare(MavenExecutionContext.java:458)
	at org.eclipse.m2e.core.internal.embedder.MavenExecutionContext.execute(MavenExecutionContext.java:339)
	at org.eclipse.m2e.core.internal.embedder.MavenExecutionContext.execute(MavenExecutionContext.java:278)
	at org.eclipse.m2e.core.internal.project.ProjectConfigurationManager.enableMavenNature(ProjectConfigurationManager.java:522)
	at org.eclipse.m2e.core.internal.project.ProjectConfigurationManager.createSimpleProject(ProjectConfigurationManager.java:712)
	at org.eclipse.m2e.core.ui.internal.wizards.MavenProjectWizard$2.doCreateMavenProjects(MavenProjectWizard.java:226)
	at org.eclipse.m2e.core.ui.internal.wizards.AbstractCreateMavenProjectJob$1.doCreateMavenProjects(AbstractCreateMavenProjectJob.java:51)
	at org.eclipse.m2e.core.ui.internal.wizards.AbstractCreateMavenProjectsOperation.run(AbstractCreateMavenProjectsOperation.java:56)
	at org.eclipse.m2e.core.ui.internal.wizards.AbstractCreateMavenProjectJob.runInWorkspace(AbstractCreateMavenProjectJob.java:55)
	at org.eclipse.core.internal.resources.InternalWorkspaceJob.run(InternalWorkspaceJob.java:43)
	at org.eclipse.core.internal.jobs.Worker.run(Worker.java:63)
2025-09-24 20:39:02,109 [Worker-3: Creating project "mycucumberproject"] ERROR o.e.m.j.i.l.MavenLaunchConfigurationListener - Launch configuration googleRunner references non-existing project mycucumberproject.
org.eclipse.core.runtime.CoreException: Launch configuration googleRunner references non-existing project mycucumberproject.
	at org.eclipse.jdt.launching.JavaRuntime.abort(JavaRuntime.java:1870)
	at org.eclipse.jdt.launching.JavaRuntime.getJavaProject(JavaRuntime.java:1747)
	at org.eclipse.m2e.jdt.internal.launch.MavenLaunchConfigurationListener.updateLaunchConfiguration(MavenLaunchConfigurationListener.java:66)
	at org.eclipse.m2e.jdt.internal.launch.MavenLaunchConfigurationListener.launchConfigurationChanged(MavenLaunchConfigurationListener.java:52)
	at org.eclipse.debug.internal.core.LaunchManager$ConfigurationNotifier.run(LaunchManager.java:219)
	at org.eclipse.core.runtime.SafeRunner.run(SafeRunner.java:47)
	at org.eclipse.debug.internal.core.LaunchManager$ConfigurationNotifier.notify(LaunchManager.java:203)
	at org.eclipse.debug.internal.core.LaunchManager.launchConfigurationChanged(LaunchManager.java:1960)
	at org.eclipse.debug.internal.core.LaunchConfigurationWorkingCopy.writeNewFile(LaunchConfigurationWorkingCopy.java:380)
	at org.eclipse.debug.internal.core.LaunchConfigurationWorkingCopy.doSave0(LaunchConfigurationWorkingCopy.java:259)
	at org.eclipse.debug.internal.core.LaunchConfigurationWorkingCopy.doSave(LaunchConfigurationWorkingCopy.java:229)
	at org.eclipse.debug.internal.core.LaunchConfigurationWorkingCopy.doSave(LaunchConfigurationWorkingCopy.java:187)
	at org.eclipse.m2e.jdt.internal.launch.MavenRuntimeClasspathProvider.enable(MavenRuntimeClasspathProvider.java:398)
	at org.eclipse.m2e.jdt.internal.launch.MavenRuntimeClasspathProvider.enable(MavenRuntimeClasspathProvider.java:427)
	at org.eclipse.m2e.jdt.internal.launch.MavenLaunchConfigurationListener.mavenProjectChanged(MavenLaunchConfigurationListener.java:134)
	at org.eclipse.m2e.core.internal.project.registry.ProjectRegistryManager.notifyProjectChangeListeners(ProjectRegistryManager.java:892)
	at org.eclipse.m2e.core.internal.project.registry.ProjectRegistryManager.applyMutableProjectRegistry(ProjectRegistryManager.java:1042)
	at org.eclipse.m2e.core.internal.project.registry.ProjectRegistryManager.refresh(ProjectRegistryManager.java:324)
	at org.eclipse.m2e.core.internal.project.ProjectConfigurationManager.configureNewMavenProjects(ProjectConfigurationManager.java:256)
	at org.eclipse.m2e.core.internal.project.ProjectConfigurationManager$1.run(ProjectConfigurationManager.java:526)
	at org.eclipse.m2e.core.internal.embedder.AbstractRunnable.call(AbstractRunnable.java:29)
	at org.eclipse.m2e.core.internal.embedder.AbstractRunnable.call(AbstractRunnable.java:1)
	at org.eclipse.m2e.core.internal.embedder.MavenExecutionContext.executeBare(MavenExecutionContext.java:458)
	at org.eclipse.m2e.core.internal.embedder.MavenExecutionContext.execute(MavenExecutionContext.java:339)
	at org.eclipse.m2e.core.internal.embedder.MavenExecutionContext.execute(MavenExecutionContext.java:278)
	at org.eclipse.m2e.core.internal.project.ProjectConfigurationManager.enableMavenNature(ProjectConfigurationManager.java:522)
	at org.eclipse.m2e.core.internal.project.ProjectConfigurationManager.createSimpleProject(ProjectConfigurationManager.java:712)
	at org.eclipse.m2e.core.ui.internal.wizards.MavenProjectWizard$2.doCreateMavenProjects(MavenProjectWizard.java:226)
	at org.eclipse.m2e.core.ui.internal.wizards.AbstractCreateMavenProjectJob$1.doCreateMavenProjects(AbstractCreateMavenProjectJob.java:51)
	at org.eclipse.m2e.core.ui.internal.wizards.AbstractCreateMavenProjectsOperation.run(AbstractCreateMavenProjectsOperation.java:56)
	at org.eclipse.m2e.core.ui.internal.wizards.AbstractCreateMavenProjectJob.runInWorkspace(AbstractCreateMavenProjectJob.java:55)
	at org.eclipse.core.internal.resources.InternalWorkspaceJob.run(InternalWorkspaceJob.java:43)
	at org.eclipse.core.internal.jobs.Worker.run(Worker.java:63)
2025-09-24 20:39:02,296 [Worker-3: Creating project "mycucumberproject"] INFO  o.e.m.j.i.AbstractJavaProjectConfigurator - Adding source folder /mycucumberproject/src/main/java
2025-09-24 20:39:02,302 [Worker-3: Creating project "mycucumberproject"] INFO  o.e.m.j.i.AbstractJavaProjectConfigurator - Adding resource folder /mycucumberproject/src/main/resources
2025-09-24 20:39:02,303 [Worker-3: Creating project "mycucumberproject"] INFO  o.e.m.j.i.AbstractJavaProjectConfigurator - Adding source folder /mycucumberproject/src/test/java
2025-09-24 20:39:02,303 [Worker-3: Creating project "mycucumberproject"] INFO  o.e.m.j.i.AbstractJavaProjectConfigurator - Adding resource folder /mycucumberproject/src/test/resources
2025-09-24 20:39:02,388 [Worker-3: Creating project "mycucumberproject"] INFO  o.e.m.jdt.internal.UnitTestSupport - Reset launch configuration name: googleRunner
2025-09-24 20:39:02,388 [Worker-3: Creating project "mycucumberproject"] INFO  o.e.m.jdt.internal.UnitTestSupport - Updating googleRunner from maven configuration
2025-09-24 20:39:03,859 [Worker-22: Building] WARN  o.a.m.s.f.DefaultMavenResourcesFiltering - Using platform encoding (UTF-8 actually) to copy filtered resources, i.e. build is platform dependent!
2025-09-24 20:39:03,866 [Worker-22: Building] INFO  o.a.m.s.f.DefaultMavenResourcesFiltering - Copying 0 resource from src/main/resources to target/classes
2025-09-24 20:39:03,877 [Worker-22: Building] WARN  o.a.m.s.f.DefaultMavenResourcesFiltering - Using platform encoding (UTF-8 actually) to copy filtered resources, i.e. build is platform dependent!
2025-09-24 20:39:03,878 [Worker-22: Building] INFO  o.a.m.s.f.DefaultMavenResourcesFiltering - Copying 0 resource from src/test/resources to target/test-classes
2025-09-24 20:43:08,414 [Worker-40: Launching mavenrun-18b815c1-4c38-49a1-a8f1-2867bd159f52] INFO  o.eclipse.m2e.core.internal.Bundles - getClasspathEntries(Bundle=org.eclipse.m2e.maven.runtime_3.9.900.20240824-1409 [298])
2025-09-24 20:43:08,419 [Worker-40: Launching mavenrun-18b815c1-4c38-49a1-a8f1-2867bd159f52] INFO  o.eclipse.m2e.core.internal.Bundles - 	Entry: /Applications/Eclipse.app/Contents/Eclipse/plugins/org.eclipse.m2e.maven.runtime_3.9.900.20240824-1409
2025-09-24 20:43:08,423 [Worker-40: Launching mavenrun-18b815c1-4c38-49a1-a8f1-2867bd159f52] INFO  o.eclipse.m2e.core.internal.Bundles - 	Entry: /Applications/Eclipse.app/Contents/Eclipse/plugins/org.eclipse.m2e.maven.runtime_3.9.900.20240824-1409/jars/aopalliance-1.0.jar
2025-09-24 20:43:08,423 [Worker-40: Launching mavenrun-18b815c1-4c38-49a1-a8f1-2867bd159f52] INFO  o.eclipse.m2e.core.internal.Bundles - 	Entry: /Applications/Eclipse.app/Contents/Eclipse/plugins/org.eclipse.m2e.maven.runtime_3.9.900.20240824-1409/jars/guice-5.1.0.jar
2025-09-24 20:43:08,424 [Worker-40: Launching mavenrun-18b815c1-4c38-49a1-a8f1-2867bd159f52] INFO  o.eclipse.m2e.core.internal.Bundles - 	Entry: /Applications/Eclipse.app/Contents/Eclipse/plugins/org.eclipse.m2e.maven.runtime_3.9.900.20240824-1409/jars/httpclient-4.5.14.jar
2025-09-24 20:43:08,424 [Worker-40: Launching mavenrun-18b815c1-4c38-49a1-a8f1-2867bd159f52] INFO  o.eclipse.m2e.core.internal.Bundles - 	Entry: /Applications/Eclipse.app/Contents/Eclipse/plugins/org.eclipse.m2e.maven.runtime_3.9.900.20240824-1409/jars/httpcore-4.4.16.jar
2025-09-24 20:43:08,424 [Worker-40: Launching mavenrun-18b815c1-4c38-49a1-a8f1-2867bd159f52] INFO  o.eclipse.m2e.core.internal.Bundles - 	Entry: /Applications/Eclipse.app/Contents/Eclipse/plugins/org.eclipse.m2e.maven.runtime_3.9.900.20240824-1409/jars/jansi-2.4.1.jar
2025-09-24 20:43:08,424 [Worker-40: Launching mavenrun-18b815c1-4c38-49a1-a8f1-2867bd159f52] INFO  o.eclipse.m2e.core.internal.Bundles - 	Entry: /Applications/Eclipse.app/Contents/Eclipse/plugins/org.eclipse.m2e.maven.runtime_3.9.900.20240824-1409/jars/jcl-over-slf4j-1.7.36.jar
2025-09-24 20:43:08,424 [Worker-40: Launching mavenrun-18b815c1-4c38-49a1-a8f1-2867bd159f52] INFO  o.eclipse.m2e.core.internal.Bundles - 	Entry: /Applications/Eclipse.app/Contents/Eclipse/plugins/org.eclipse.m2e.maven.runtime_3.9.900.20240824-1409/jars/maven-artifact-3.9.9.jar
2025-09-24 20:43:08,424 [Worker-40: Launching mavenrun-18b815c1-4c38-49a1-a8f1-2867bd159f52] INFO  o.eclipse.m2e.core.internal.Bundles - 	Entry: /Applications/Eclipse.app/Contents/Eclipse/plugins/org.eclipse.m2e.maven.runtime_3.9.900.20240824-1409/jars/maven-builder-support-3.9.9.jar
2025-09-24 20:43:08,424 [Worker-40: Launching mavenrun-18b815c1-4c38-49a1-a8f1-2867bd159f52] INFO  o.eclipse.m2e.core.internal.Bundles - 	Entry: /Applications/Eclipse.app/Contents/Eclipse/plugins/org.eclipse.m2e.maven.runtime_3.9.900.20240824-1409/jars/maven-compat-3.9.9.jar
2025-09-24 20:43:08,424 [Worker-40: Launching mavenrun-18b815c1-4c38-49a1-a8f1-2867bd159f52] INFO  o.eclipse.m2e.core.internal.Bundles - 	Entry: /Applications/Eclipse.app/Contents/Eclipse/plugins/org.eclipse.m2e.maven.runtime_3.9.900.20240824-1409/jars/maven-core-3.9.9.jar
2025-09-24 20:43:08,424 [Worker-40: Launching mavenrun-18b815c1-4c38-49a1-a8f1-2867bd159f52] INFO  o.eclipse.m2e.core.internal.Bundles - 	Entry: /Applications/Eclipse.app/Contents/Eclipse/plugins/org.eclipse.m2e.maven.runtime_3.9.900.20240824-1409/jars/maven-embedder-3.9.9.jar
2025-09-24 20:43:08,424 [Worker-40: Launching mavenrun-18b815c1-4c38-49a1-a8f1-2867bd159f52] INFO  o.eclipse.m2e.core.internal.Bundles - 	Entry: /Applications/Eclipse.app/Contents/Eclipse/plugins/org.eclipse.m2e.maven.runtime_3.9.900.20240824-1409/jars/maven-model-3.9.9.jar
2025-09-24 20:43:08,424 [Worker-40: Launching mavenrun-18b815c1-4c38-49a1-a8f1-2867bd159f52] INFO  o.eclipse.m2e.core.internal.Bundles - 	Entry: /Applications/Eclipse.app/Contents/Eclipse/plugins/org.eclipse.m2e.maven.runtime_3.9.900.20240824-1409/jars/maven-model-builder-3.9.9.jar
2025-09-24 20:43:08,424 [Worker-40: Launching mavenrun-18b815c1-4c38-49a1-a8f1-2867bd159f52] INFO  o.eclipse.m2e.core.internal.Bundles - 	Entry: /Applications/Eclipse.app/Contents/Eclipse/plugins/org.eclipse.m2e.maven.runtime_3.9.900.20240824-1409/jars/maven-plugin-api-3.9.9.jar
2025-09-24 20:43:08,424 [Worker-40: Launching mavenrun-18b815c1-4c38-49a1-a8f1-2867bd159f52] INFO  o.eclipse.m2e.core.internal.Bundles - 	Entry: /Applications/Eclipse.app/Contents/Eclipse/plugins/org.eclipse.m2e.maven.runtime_3.9.900.20240824-1409/jars/maven-repository-metadata-3.9.9.jar
2025-09-24 20:43:08,424 [Worker-40: Launching mavenrun-18b815c1-4c38-49a1-a8f1-2867bd159f52] INFO  o.eclipse.m2e.core.internal.Bundles - 	Entry: /Applications/Eclipse.app/Contents/Eclipse/plugins/org.eclipse.m2e.maven.runtime_3.9.900.20240824-1409/jars/maven-resolver-api-1.9.22.jar
2025-09-24 20:43:08,424 [Worker-40: Launching mavenrun-18b815c1-4c38-49a1-a8f1-2867bd159f52] INFO  o.eclipse.m2e.core.internal.Bundles - 	Entry: /Applications/Eclipse.app/Contents/Eclipse/plugins/org.eclipse.m2e.maven.runtime_3.9.900.20240824-1409/jars/maven-resolver-connector-basic-1.9.22.jar
2025-09-24 20:43:08,424 [Worker-40: Launching mavenrun-18b815c1-4c38-49a1-a8f1-2867bd159f52] INFO  o.eclipse.m2e.core.internal.Bundles - 	Entry: /Applications/Eclipse.app/Contents/Eclipse/plugins/org.eclipse.m2e.maven.runtime_3.9.900.20240824-1409/jars/maven-resolver-impl-1.9.22.jar
2025-09-24 20:43:08,424 [Worker-40: Launching mavenrun-18b815c1-4c38-49a1-a8f1-2867bd159f52] INFO  o.eclipse.m2e.core.internal.Bundles - 	Entry: /Applications/Eclipse.app/Contents/Eclipse/plugins/org.eclipse.m2e.maven.runtime_3.9.900.20240824-1409/jars/maven-resolver-named-locks-1.9.22.jar
2025-09-24 20:43:08,424 [Worker-40: Launching mavenrun-18b815c1-4c38-49a1-a8f1-2867bd159f52] INFO  o.eclipse.m2e.core.internal.Bundles - 	Entry: /Applications/Eclipse.app/Contents/Eclipse/plugins/org.eclipse.m2e.maven.runtime_3.9.900.20240824-1409/jars/maven-resolver-provider-3.9.9.jar
2025-09-24 20:43:08,425 [Worker-40: Launching mavenrun-18b815c1-4c38-49a1-a8f1-2867bd159f52] INFO  o.eclipse.m2e.core.internal.Bundles - 	Entry: /Applications/Eclipse.app/Contents/Eclipse/plugins/org.eclipse.m2e.maven.runtime_3.9.900.20240824-1409/jars/maven-resolver-spi-1.9.22.jar
2025-09-24 20:43:08,425 [Worker-40: Launching mavenrun-18b815c1-4c38-49a1-a8f1-2867bd159f52] INFO  o.eclipse.m2e.core.internal.Bundles - 	Entry: /Applications/Eclipse.app/Contents/Eclipse/plugins/org.eclipse.m2e.maven.runtime_3.9.900.20240824-1409/jars/maven-resolver-transport-file-1.9.22.jar
2025-09-24 20:43:08,426 [Worker-40: Launching mavenrun-18b815c1-4c38-49a1-a8f1-2867bd159f52] INFO  o.eclipse.m2e.core.internal.Bundles - 	Entry: /Applications/Eclipse.app/Contents/Eclipse/plugins/org.eclipse.m2e.maven.runtime_3.9.900.20240824-1409/jars/maven-resolver-transport-http-1.9.22.jar
2025-09-24 20:43:08,426 [Worker-40: Launching mavenrun-18b815c1-4c38-49a1-a8f1-2867bd159f52] INFO  o.eclipse.m2e.core.internal.Bundles - 	Entry: /Applications/Eclipse.app/Contents/Eclipse/plugins/org.eclipse.m2e.maven.runtime_3.9.900.20240824-1409/jars/maven-resolver-transport-wagon-1.9.22.jar
2025-09-24 20:43:08,426 [Worker-40: Launching mavenrun-18b815c1-4c38-49a1-a8f1-2867bd159f52] INFO  o.eclipse.m2e.core.internal.Bundles - 	Entry: /Applications/Eclipse.app/Contents/Eclipse/plugins/org.eclipse.m2e.maven.runtime_3.9.900.20240824-1409/jars/maven-resolver-util-1.9.22.jar
2025-09-24 20:43:08,426 [Worker-40: Launching mavenrun-18b815c1-4c38-49a1-a8f1-2867bd159f52] INFO  o.eclipse.m2e.core.internal.Bundles - 	Entry: /Applications/Eclipse.app/Contents/Eclipse/plugins/org.eclipse.m2e.maven.runtime_3.9.900.20240824-1409/jars/maven-settings-3.9.9.jar
2025-09-24 20:43:08,426 [Worker-40: Launching mavenrun-18b815c1-4c38-49a1-a8f1-2867bd159f52] INFO  o.eclipse.m2e.core.internal.Bundles - 	Entry: /Applications/Eclipse.app/Contents/Eclipse/plugins/org.eclipse.m2e.maven.runtime_3.9.900.20240824-1409/jars/maven-settings-builder-3.9.9.jar
2025-09-24 20:43:08,427 [Worker-40: Launching mavenrun-18b815c1-4c38-49a1-a8f1-2867bd159f52] INFO  o.eclipse.m2e.core.internal.Bundles - 	Entry: /Applications/Eclipse.app/Contents/Eclipse/plugins/org.eclipse.m2e.maven.runtime_3.9.900.20240824-1409/jars/maven-shared-utils-3.4.2.jar
2025-09-24 20:43:08,427 [Worker-40: Launching mavenrun-18b815c1-4c38-49a1-a8f1-2867bd159f52] INFO  o.eclipse.m2e.core.internal.Bundles - 	Entry: /Applications/Eclipse.app/Contents/Eclipse/plugins/org.eclipse.m2e.maven.runtime_3.9.900.20240824-1409/jars/org.eclipse.sisu.inject-0.9.0.M3.jar
2025-09-24 20:43:08,427 [Worker-40: Launching mavenrun-18b815c1-4c38-49a1-a8f1-2867bd159f52] INFO  o.eclipse.m2e.core.internal.Bundles - 	Entry: /Applications/Eclipse.app/Contents/Eclipse/plugins/org.eclipse.m2e.maven.runtime_3.9.900.20240824-1409/jars/org.eclipse.sisu.plexus-0.9.0.M3.jar
2025-09-24 20:43:08,427 [Worker-40: Launching mavenrun-18b815c1-4c38-49a1-a8f1-2867bd159f52] INFO  o.eclipse.m2e.core.internal.Bundles - 	Entry: /Applications/Eclipse.app/Contents/Eclipse/plugins/org.eclipse.m2e.maven.runtime_3.9.900.20240824-1409/jars/plexus-build-api-0.0.7.jar
2025-09-24 20:43:08,427 [Worker-40: Launching mavenrun-18b815c1-4c38-49a1-a8f1-2867bd159f52] INFO  o.eclipse.m2e.core.internal.Bundles - 	Entry: /Applications/Eclipse.app/Contents/Eclipse/plugins/org.eclipse.m2e.maven.runtime_3.9.900.20240824-1409/jars/plexus-build-api-1.2.0.jar
2025-09-24 20:43:08,427 [Worker-40: Launching mavenrun-18b815c1-4c38-49a1-a8f1-2867bd159f52] INFO  o.eclipse.m2e.core.internal.Bundles - 	Entry: /Applications/Eclipse.app/Contents/Eclipse/plugins/org.eclipse.m2e.maven.runtime_3.9.900.20240824-1409/jars/plexus-cipher-2.0.jar
2025-09-24 20:43:08,427 [Worker-40: Launching mavenrun-18b815c1-4c38-49a1-a8f1-2867bd159f52] INFO  o.eclipse.m2e.core.internal.Bundles - 	Entry: /Applications/Eclipse.app/Contents/Eclipse/plugins/org.eclipse.m2e.maven.runtime_3.9.900.20240824-1409/jars/plexus-classworlds-2.8.0.jar
2025-09-24 20:43:08,427 [Worker-40: Launching mavenrun-18b815c1-4c38-49a1-a8f1-2867bd159f52] INFO  o.eclipse.m2e.core.internal.Bundles - 	Entry: /Applications/Eclipse.app/Contents/Eclipse/plugins/org.eclipse.m2e.maven.runtime_3.9.900.20240824-1409/jars/plexus-component-annotations-2.1.0.jar
2025-09-24 20:43:08,427 [Worker-40: Launching mavenrun-18b815c1-4c38-49a1-a8f1-2867bd159f52] INFO  o.eclipse.m2e.core.internal.Bundles - 	Entry: /Applications/Eclipse.app/Contents/Eclipse/plugins/org.eclipse.m2e.maven.runtime_3.9.900.20240824-1409/jars/plexus-interpolation-1.27.jar
2025-09-24 20:43:08,427 [Worker-40: Launching mavenrun-18b815c1-4c38-49a1-a8f1-2867bd159f52] INFO  o.eclipse.m2e.core.internal.Bundles - 	Entry: /Applications/Eclipse.app/Contents/Eclipse/plugins/org.eclipse.m2e.maven.runtime_3.9.900.20240824-1409/jars/plexus-sec-dispatcher-2.0.jar
2025-09-24 20:43:08,427 [Worker-40: Launching mavenrun-18b815c1-4c38-49a1-a8f1-2867bd159f52] INFO  o.eclipse.m2e.core.internal.Bundles - 	Entry: /Applications/Eclipse.app/Contents/Eclipse/plugins/org.eclipse.m2e.maven.runtime_3.9.900.20240824-1409/jars/plexus-utils-3.5.1.jar
2025-09-24 20:43:08,427 [Worker-40: Launching mavenrun-18b815c1-4c38-49a1-a8f1-2867bd159f52] INFO  o.eclipse.m2e.core.internal.Bundles - 	Entry: /Applications/Eclipse.app/Contents/Eclipse/plugins/org.eclipse.m2e.maven.runtime_3.9.900.20240824-1409/jars/plexus-xml-3.0.1.jar
2025-09-24 20:43:08,427 [Worker-40: Launching mavenrun-18b815c1-4c38-49a1-a8f1-2867bd159f52] INFO  o.eclipse.m2e.core.internal.Bundles - 	Entry: /Applications/Eclipse.app/Contents/Eclipse/plugins/org.eclipse.m2e.maven.runtime_3.9.900.20240824-1409/jars/wagon-file-3.5.3.jar
2025-09-24 20:43:08,427 [Worker-40: Launching mavenrun-18b815c1-4c38-49a1-a8f1-2867bd159f52] INFO  o.eclipse.m2e.core.internal.Bundles - 	Entry: /Applications/Eclipse.app/Contents/Eclipse/plugins/org.eclipse.m2e.maven.runtime_3.9.900.20240824-1409/jars/wagon-http-3.5.3.jar
2025-09-24 20:43:08,427 [Worker-40: Launching mavenrun-18b815c1-4c38-49a1-a8f1-2867bd159f52] INFO  o.eclipse.m2e.core.internal.Bundles - 	Entry: /Applications/Eclipse.app/Contents/Eclipse/plugins/org.eclipse.m2e.maven.runtime_3.9.900.20240824-1409/jars/wagon-http-shared-3.5.3.jar
2025-09-24 20:43:08,427 [Worker-40: Launching mavenrun-18b815c1-4c38-49a1-a8f1-2867bd159f52] INFO  o.eclipse.m2e.core.internal.Bundles - 	Entry: /Applications/Eclipse.app/Contents/Eclipse/plugins/org.eclipse.m2e.maven.runtime_3.9.900.20240824-1409/jars/wagon-provider-api-3.5.3.jar
2025-09-24 20:43:08,431 [Worker-40: Launching mavenrun-18b815c1-4c38-49a1-a8f1-2867bd159f52] INFO  o.eclipse.m2e.core.internal.Bundles - getClasspathEntries(Bundle=com.google.guava_33.3.1.jre [529])
2025-09-24 20:43:08,432 [Worker-40: Launching mavenrun-18b815c1-4c38-49a1-a8f1-2867bd159f52] INFO  o.eclipse.m2e.core.internal.Bundles - 	Entry: /Applications/Eclipse.app/Contents/Eclipse/plugins/com.google.guava_33.3.1.jre.jar
2025-09-24 20:43:08,432 [Worker-40: Launching mavenrun-18b815c1-4c38-49a1-a8f1-2867bd159f52] INFO  o.eclipse.m2e.core.internal.Bundles - getClasspathEntries(Bundle=slf4j.api_2.0.16 [520])
2025-09-24 20:43:08,433 [Worker-40: Launching mavenrun-18b815c1-4c38-49a1-a8f1-2867bd159f52] INFO  o.eclipse.m2e.core.internal.Bundles - 	Entry: /Applications/Eclipse.app/Contents/Eclipse/plugins/slf4j.api_2.0.16.jar
2025-09-24 20:43:08,433 [Worker-40: Launching mavenrun-18b815c1-4c38-49a1-a8f1-2867bd159f52] INFO  o.eclipse.m2e.core.internal.Bundles - getClasspathEntries(Bundle=jakarta.inject.jakarta.inject-api_1.0.5 [22])
2025-09-24 20:43:08,433 [Worker-40: Launching mavenrun-18b815c1-4c38-49a1-a8f1-2867bd159f52] INFO  o.eclipse.m2e.core.internal.Bundles - 	Entry: /Applications/Eclipse.app/Contents/Eclipse/plugins/jakarta.inject.jakarta.inject-api_1.0.5.jar
2025-09-24 20:43:08,433 [Worker-40: Launching mavenrun-18b815c1-4c38-49a1-a8f1-2867bd159f52] INFO  o.eclipse.m2e.core.internal.Bundles - getClasspathEntries(Bundle=jakarta.annotation-api_1.3.5 [20])
2025-09-24 20:43:08,433 [Worker-40: Launching mavenrun-18b815c1-4c38-49a1-a8f1-2867bd159f52] INFO  o.eclipse.m2e.core.internal.Bundles - 	Entry: /Applications/Eclipse.app/Contents/Eclipse/plugins/jakarta.annotation-api_1.3.5.jar
2025-09-24 20:43:08,433 [Worker-40: Launching mavenrun-18b815c1-4c38-49a1-a8f1-2867bd159f52] INFO  o.eclipse.m2e.core.internal.Bundles - getClasspathEntries(Bundle=org.apache.commons.cli_1.9.0 [47])
2025-09-24 20:43:08,433 [Worker-40: Launching mavenrun-18b815c1-4c38-49a1-a8f1-2867bd159f52] INFO  o.eclipse.m2e.core.internal.Bundles - 	Entry: /Applications/Eclipse.app/Contents/Eclipse/plugins/org.apache.commons.cli_1.9.0.jar
2025-09-24 20:43:08,433 [Worker-40: Launching mavenrun-18b815c1-4c38-49a1-a8f1-2867bd159f52] INFO  o.eclipse.m2e.core.internal.Bundles - getClasspathEntries(Bundle=org.apache.commons.commons-codec_1.16.0 [50])
2025-09-24 20:43:08,433 [Worker-40: Launching mavenrun-18b815c1-4c38-49a1-a8f1-2867bd159f52] INFO  o.eclipse.m2e.core.internal.Bundles - 	Entry: /Applications/Eclipse.app/Contents/Eclipse/plugins/org.apache.commons.commons-codec_1.16.0.jar
2025-09-24 20:43:08,433 [Worker-40: Launching mavenrun-18b815c1-4c38-49a1-a8f1-2867bd159f52] INFO  o.eclipse.m2e.core.internal.Bundles - getClasspathEntries(Bundle=com.google.guava.failureaccess_1.0.2 [11])
2025-09-24 20:43:08,433 [Worker-40: Launching mavenrun-18b815c1-4c38-49a1-a8f1-2867bd159f52] INFO  o.eclipse.m2e.core.internal.Bundles - 	Entry: /Applications/Eclipse.app/Contents/Eclipse/plugins/com.google.guava.failureaccess_1.0.2.jar
2025-09-24 20:43:08,441 [Worker-40: Launching mavenrun-18b815c1-4c38-49a1-a8f1-2867bd159f52] INFO  o.e.m.i.launch.MavenLaunchDelegate - Run build in "/var/folders/rl/ytnk6vbs63s76j7737gxs7v00000gn/T/m2e-archetypeGenerator5901763489601020640":
2025-09-24 20:43:08,454 [Worker-40: Launching mavenrun-18b815c1-4c38-49a1-a8f1-2867bd159f52] INFO  o.e.m.i.launch.MavenLaunchDelegate -  mvn  -DarchetypeGroupId=io.cucumber -DarchetypeArtifactId=cucumber-archetype -DarchetypeVersion=7.28.2 -DgroupId=MyCucumberProjectNew -DartifactId=MyCucumberProjectNew -Dversion=0.0.1-SNAPSHOT -Dpackage=MyCucumberProjectNew.MyCucumberProjectNew -DoutputDirectory="/Volumes/Renuka/Professional Stuff (Restricted)/Session_material/Session_WorkSpaces/Automation_SA2506029/SA250629_WebDriver" -Dstyle.color=always -U archetype:generate
2025-09-24 20:43:42,285 [Worker-37: Creating cucumber-archetype] INFO  o.e.m.c.i.p.ProjectConfigurationManager - Collecting project info '/pom.xml' /Volumes/Renuka/Professional Stuff (Restricted)/Session_material/Session_WorkSpaces/Automation_SA2506029/SA250629_WebDriver/MyCucumberProjectNew/pom.xml
2025-09-24 20:43:42,749 [Worker-37: Creating cucumber-archetype] INFO  o.e.m.c.i.l.LifecycleMappingFactory - Using org.eclipse.m2e.jdt.JarLifecycleMapping lifecycle mapping for MavenProject: MyCucumberProjectNew:MyCucumberProjectNew:0.0.1-SNAPSHOT @ /Volumes/Renuka/Professional Stuff (Restricted)/Session_material/Session_WorkSpaces/Automation_SA2506029/SA250629_WebDriver/MyCucumberProjectNew/pom.xml.
2025-09-24 20:43:43,028 [Worker-37: Creating cucumber-archetype] INFO  o.e.m.j.i.AbstractJavaProjectConfigurator - Adding source folder /MyCucumberProjectNew/src/main/java
2025-09-24 20:43:43,028 [Worker-37: Creating cucumber-archetype] INFO  o.e.m.j.i.AbstractJavaProjectConfigurator - Adding resource folder /MyCucumberProjectNew/src/main/resources
2025-09-24 20:43:43,032 [Worker-37: Creating cucumber-archetype] INFO  o.e.m.j.i.AbstractJavaProjectConfigurator - Adding source folder /MyCucumberProjectNew/src/test/java
2025-09-24 20:43:43,033 [Worker-37: Creating cucumber-archetype] INFO  o.e.m.j.i.AbstractJavaProjectConfigurator - Adding resource folder /MyCucumberProjectNew/src/test/resources
2025-09-24 20:43:43,643 [Worker-37: Creating cucumber-archetype] INFO  o.e.m.c.i.p.ProjectConfigurationManager - Imported and configured 1 project(s) in 1 sec
2025-09-24 20:43:45,033 [Worker-42: Building] INFO  o.a.m.s.f.DefaultMavenResourcesFiltering - skip non existing resourceDirectory /Volumes/Renuka/Professional Stuff (Restricted)/Session_material/Session_WorkSpaces/Automation_SA2506029/SA250629_WebDriver/MyCucumberProjectNew/src/main/resources
2025-09-24 20:43:45,039 [Worker-42: Building] INFO  o.a.m.s.f.DefaultMavenResourcesFiltering - Copying 1 resource from src/test/resources to target/test-classes
2025-09-24 20:51:30,806 [Worker-41: Building] INFO  o.e.m.c.i.l.LifecycleMappingFactory - Using org.eclipse.m2e.jdt.JarLifecycleMapping lifecycle mapping for MavenProject: MyCucumberProjectNew:MyCucumberProjectNew:0.0.1-SNAPSHOT @ /Volumes/Renuka/Professional Stuff (Restricted)/Session_material/Session_WorkSpaces/Automation_SA2506029/SA250629_WebDriver/MyCucumberProjectNew/pom.xml.
2025-09-24 20:51:31,213 [Worker-41: Building] INFO  o.a.m.s.f.DefaultMavenResourcesFiltering - skip non existing resourceDirectory /Volumes/Renuka/Professional Stuff (Restricted)/Session_material/Session_WorkSpaces/Automation_SA2506029/SA250629_WebDriver/MyCucumberProjectNew/src/main/resources
2025-09-24 20:51:31,218 [Worker-41: Building] INFO  o.a.m.s.f.DefaultMavenResourcesFiltering - Copying 0 resource from src/test/resources to target/test-classes
2025-09-24 20:51:33,094 [Worker-48: Building] INFO  o.a.m.s.f.DefaultMavenResourcesFiltering - skip non existing resourceDirectory /Volumes/Renuka/Professional Stuff (Restricted)/Session_material/Session_WorkSpaces/Automation_SA2506029/SA250629_WebDriver/MyCucumberProjectNew/src/main/resources
2025-09-24 20:51:33,107 [Worker-48: Building] INFO  o.a.m.s.f.DefaultMavenResourcesFiltering - Copying 1 resource from src/test/resources to target/test-classes
2025-09-24 20:55:22,141 [Worker-45: Building] INFO  o.e.m.c.i.l.LifecycleMappingFactory - Using org.eclipse.m2e.jdt.JarLifecycleMapping lifecycle mapping for MavenProject: mycucumberproject:mycucumberproject:0.0.1-SNAPSHOT @ /Volumes/Renuka/Professional Stuff (Restricted)/Session_material/Session_WorkSpaces/Automation_SA2506029/SA250629_WebDriver/mycucumberproject/pom.xml.
2025-09-24 20:55:22,802 [Worker-45: Building] INFO  o.a.m.s.f.DefaultMavenResourcesFiltering - Copying 0 resource from src/main/resources to target/classes
2025-09-24 20:55:22,815 [Worker-45: Building] INFO  o.a.m.s.f.DefaultMavenResourcesFiltering - Copying 0 resource from src/test/resources to target/test-classes
2025-09-24 20:55:24,088 [Worker-45: Building] INFO  o.a.m.s.f.DefaultMavenResourcesFiltering - Copying 0 resource from src/main/resources to target/classes
2025-09-24 20:55:24,100 [Worker-45: Building] INFO  o.a.m.s.f.DefaultMavenResourcesFiltering - Copying 0 resource from src/test/resources to target/test-classes
2025-09-24 21:14:42,058 [Worker-78: Building] INFO  o.a.m.s.f.DefaultMavenResourcesFiltering - skip non existing resourceDirectory /Volumes/Renuka/Professional Stuff (Restricted)/Session_material/Session_WorkSpaces/Automation_SA2506029/SA250629_WebDriver/MyCucumberProjectNew/src/main/resources
2025-09-24 21:14:42,090 [Worker-78: Building] INFO  o.a.m.s.f.DefaultMavenResourcesFiltering - Copying 1 resource from src/test/resources to target/test-classes
2025-09-24 21:14:49,767 [Worker-77: Building] INFO  o.a.m.s.f.DefaultMavenResourcesFiltering - skip non existing resourceDirectory /Volumes/Renuka/Professional Stuff (Restricted)/Session_material/Session_WorkSpaces/Automation_SA2506029/SA250629_WebDriver/MyCucumberProjectNew/src/main/resources
2025-09-24 21:14:49,774 [Worker-77: Building] INFO  o.a.m.s.f.DefaultMavenResourcesFiltering - Copying 0 resource from src/test/resources to target/test-classes
2025-09-24 21:17:51,511 [Worker-80: Building] INFO  o.a.m.s.f.DefaultMavenResourcesFiltering - skip non existing resourceDirectory /Volumes/Renuka/Professional Stuff (Restricted)/Session_material/Session_WorkSpaces/Automation_SA2506029/SA250629_WebDriver/MyCucumberProjectNew/src/main/resources
2025-09-24 21:17:51,531 [Worker-80: Building] INFO  o.a.m.s.f.DefaultMavenResourcesFiltering - Copying 1 resource from src/test/resources to target/test-classes
2025-09-24 21:18:33,124 [Worker-80: Building] INFO  o.a.m.s.f.DefaultMavenResourcesFiltering - skip non existing resourceDirectory /Volumes/Renuka/Professional Stuff (Restricted)/Session_material/Session_WorkSpaces/Automation_SA2506029/SA250629_WebDriver/MyCucumberProjectNew/src/main/resources
2025-09-24 21:18:33,142 [Worker-80: Building] INFO  o.a.m.s.f.DefaultMavenResourcesFiltering - Copying 1 resource from src/test/resources to target/test-classes
2025-09-24 21:19:39,262 [Worker-79: Building] INFO  o.a.m.s.f.DefaultMavenResourcesFiltering - skip non existing resourceDirectory /Volumes/Renuka/Professional Stuff (Restricted)/Session_material/Session_WorkSpaces/Automation_SA2506029/SA250629_WebDriver/MyCucumberProjectNew/src/main/resources
2025-09-24 21:19:39,270 [Worker-79: Building] INFO  o.a.m.s.f.DefaultMavenResourcesFiltering - Copying 1 resource from src/test/resources to target/test-classes
2025-09-24 21:19:42,230 [Worker-82: Building] INFO  o.a.m.s.f.DefaultMavenResourcesFiltering - skip non existing resourceDirectory /Volumes/Renuka/Professional Stuff (Restricted)/Session_material/Session_WorkSpaces/Automation_SA2506029/SA250629_WebDriver/MyCucumberProjectNew/src/main/resources
2025-09-24 21:19:42,235 [Worker-82: Building] INFO  o.a.m.s.f.DefaultMavenResourcesFiltering - Copying 1 resource from src/test/resources to target/test-classes
2025-09-24 21:21:55,289 [Worker-80: Building] INFO  o.a.m.s.f.DefaultMavenResourcesFiltering - skip non existing resourceDirectory /Volumes/Renuka/Professional Stuff (Restricted)/Session_material/Session_WorkSpaces/Automation_SA2506029/SA250629_WebDriver/MyCucumberProjectNew/src/main/resources
2025-09-24 21:21:55,295 [Worker-80: Building] INFO  o.a.m.s.f.DefaultMavenResourcesFiltering - Copying 1 resource from src/test/resources to target/test-classes
2025-09-24 21:28:32,486 [Worker-83: Building] INFO  o.a.m.s.f.DefaultMavenResourcesFiltering - skip non existing resourceDirectory /Volumes/Renuka/Professional Stuff (Restricted)/Session_material/Session_WorkSpaces/Automation_SA2506029/SA250629_WebDriver/MyCucumberProjectNew/src/main/resources
2025-09-24 21:28:32,499 [Worker-83: Building] INFO  o.a.m.s.f.DefaultMavenResourcesFiltering - Copying 1 resource from src/test/resources to target/test-classes
2025-09-24 21:28:40,953 [Worker-85: Building] INFO  o.a.m.s.f.DefaultMavenResourcesFiltering - skip non existing resourceDirectory /Volumes/Renuka/Professional Stuff (Restricted)/Session_material/Session_WorkSpaces/Automation_SA2506029/SA250629_WebDriver/MyCucumberProjectNew/src/main/resources
2025-09-24 21:28:40,967 [Worker-85: Building] INFO  o.a.m.s.f.DefaultMavenResourcesFiltering - Copying 1 resource from src/test/resources to target/test-classes
2025-09-24 21:30:11,958 [Worker-86: Building] INFO  o.a.m.s.f.DefaultMavenResourcesFiltering - skip non existing resourceDirectory /Volumes/Renuka/Professional Stuff (Restricted)/Session_material/Session_WorkSpaces/Automation_SA2506029/SA250629_WebDriver/MyCucumberProjectNew/src/main/resources
2025-09-24 21:30:11,974 [Worker-86: Building] INFO  o.a.m.s.f.DefaultMavenResourcesFiltering - Copying 1 resource from src/test/resources to target/test-classes
2025-09-24 21:30:27,765 [Worker-79: Building] INFO  o.a.m.s.f.DefaultMavenResourcesFiltering - skip non existing resourceDirectory /Volumes/Renuka/Professional Stuff (Restricted)/Session_material/Session_WorkSpaces/Automation_SA2506029/SA250629_WebDriver/MyCucumberProjectNew/src/main/resources
2025-09-24 21:30:27,776 [Worker-79: Building] INFO  o.a.m.s.f.DefaultMavenResourcesFiltering - Copying 1 resource from src/test/resources to target/test-classes
2025-09-24 21:32:47,145 [Worker-86: Build project MyCucumberProjectNew] INFO  o.a.m.s.f.DefaultMavenResourcesFiltering - skip non existing resourceDirectory /Volumes/Renuka/Professional Stuff (Restricted)/Session_material/Session_WorkSpaces/Automation_SA2506029/SA250629_WebDriver/MyCucumberProjectNew/src/main/resources
2025-09-24 21:32:47,154 [Worker-86: Build project MyCucumberProjectNew] INFO  o.a.m.s.f.DefaultMavenResourcesFiltering - Copying 1 resource from src/test/resources to target/test-classes
2025-09-24 21:33:51,052 [Worker-79: Building] INFO  o.a.m.s.f.DefaultMavenResourcesFiltering - skip non existing resourceDirectory /Volumes/Renuka/Professional Stuff (Restricted)/Session_material/Session_WorkSpaces/Automation_SA2506029/SA250629_WebDriver/MyCucumberProjectNew/src/main/resources
2025-09-24 21:33:51,082 [Worker-79: Building] INFO  o.a.m.s.f.DefaultMavenResourcesFiltering - Copying 1 resource from src/test/resources to target/test-classes
2025-09-24 21:34:32,931 [Worker-83: Building] INFO  o.a.m.s.f.DefaultMavenResourcesFiltering - skip non existing resourceDirectory /Volumes/Renuka/Professional Stuff (Restricted)/Session_material/Session_WorkSpaces/Automation_SA2506029/SA250629_WebDriver/MyCucumberProjectNew/src/main/resources
2025-09-24 21:34:32,947 [Worker-83: Building] INFO  o.a.m.s.f.DefaultMavenResourcesFiltering - Copying 1 resource from src/test/resources to target/test-classes
2025-09-24 21:36:38,154 [Worker-87: Building] INFO  o.a.m.s.f.DefaultMavenResourcesFiltering - skip non existing resourceDirectory /Volumes/Renuka/Professional Stuff (Restricted)/Session_material/Session_WorkSpaces/Automation_SA2506029/SA250629_WebDriver/MyCucumberProjectNew/src/main/resources
2025-09-24 21:36:38,186 [Worker-87: Building] INFO  o.a.m.s.f.DefaultMavenResourcesFiltering - Copying 1 resource from src/test/resources to target/test-classes
2025-09-24 21:36:42,480 [Worker-87: Building] INFO  o.a.m.s.f.DefaultMavenResourcesFiltering - skip non existing resourceDirectory /Volumes/Renuka/Professional Stuff (Restricted)/Session_material/Session_WorkSpaces/Automation_SA2506029/SA250629_WebDriver/MyCucumberProjectNew/src/main/resources
2025-09-24 21:36:42,492 [Worker-87: Building] INFO  o.a.m.s.f.DefaultMavenResourcesFiltering - Copying 1 resource from src/test/resources to target/test-classes
2025-09-24 21:39:01,934 [Worker-79: Building] INFO  o.a.m.s.f.DefaultMavenResourcesFiltering - skip non existing resourceDirectory /Volumes/Renuka/Professional Stuff (Restricted)/Session_material/Session_WorkSpaces/Automation_SA2506029/SA250629_WebDriver/MyCucumberProjectNew/src/main/resources
2025-09-24 21:39:01,947 [Worker-79: Building] INFO  o.a.m.s.f.DefaultMavenResourcesFiltering - Copying 1 resource from src/test/resources to target/test-classes
2025-09-24 21:39:41,118 [Worker-87: Building] INFO  o.a.m.s.f.DefaultMavenResourcesFiltering - skip non existing resourceDirectory /Volumes/Renuka/Professional Stuff (Restricted)/Session_material/Session_WorkSpaces/Automation_SA2506029/SA250629_WebDriver/MyCucumberProjectNew/src/main/resources
2025-09-24 21:39:41,130 [Worker-87: Building] INFO  o.a.m.s.f.DefaultMavenResourcesFiltering - Copying 1 resource from src/test/resources to target/test-classes
2025-09-24 21:41:50,918 [main] INFO  o.e.m.jdt.internal.UnitTestSupport - Updating GoogleTitleRunner from maven configuration
2025-09-24 21:44:06,307 [Worker-84: Building] INFO  o.a.m.s.f.DefaultMavenResourcesFiltering - skip non existing resourceDirectory /Volumes/Renuka/Professional Stuff (Restricted)/Session_material/Session_WorkSpaces/Automation_SA2506029/SA250629_WebDriver/MyCucumberProjectNew/src/main/resources
2025-09-24 21:44:06,330 [Worker-84: Building] INFO  o.a.m.s.f.DefaultMavenResourcesFiltering - Copying 1 resource from src/test/resources to target/test-classes
2025-09-24 21:44:09,865 [Worker-86: Building] INFO  o.a.m.s.f.DefaultMavenResourcesFiltering - skip non existing resourceDirectory /Volumes/Renuka/Professional Stuff (Restricted)/Session_material/Session_WorkSpaces/Automation_SA2506029/SA250629_WebDriver/MyCucumberProjectNew/src/main/resources
2025-09-24 21:44:09,872 [Worker-86: Building] INFO  o.a.m.s.f.DefaultMavenResourcesFiltering - Copying 1 resource from src/test/resources to target/test-classes
2025-09-24 21:44:43,207 [Worker-87: Building] INFO  o.a.m.s.f.DefaultMavenResourcesFiltering - skip non existing resourceDirectory /Volumes/Renuka/Professional Stuff (Restricted)/Session_material/Session_WorkSpaces/Automation_SA2506029/SA250629_WebDriver/MyCucumberProjectNew/src/main/resources
2025-09-24 21:44:43,212 [Worker-87: Building] INFO  o.a.m.s.f.DefaultMavenResourcesFiltering - Copying 1 resource from src/test/resources to target/test-classes
2025-09-24 21:45:05,818 [Worker-84: Building] INFO  o.a.m.s.f.DefaultMavenResourcesFiltering - skip non existing resourceDirectory /Volumes/Renuka/Professional Stuff (Restricted)/Session_material/Session_WorkSpaces/Automation_SA2506029/SA250629_WebDriver/MyCucumberProjectNew/src/main/resources
2025-09-24 21:45:05,827 [Worker-84: Building] INFO  o.a.m.s.f.DefaultMavenResourcesFiltering - Copying 1 resource from src/test/resources to target/test-classes
2025-09-24 21:49:18,980 [Worker-90: Building] INFO  o.a.m.s.f.DefaultMavenResourcesFiltering - skip non existing resourceDirectory /Volumes/Renuka/Professional Stuff (Restricted)/Session_material/Session_WorkSpaces/Automation_SA2506029/SA250629_WebDriver/MyCucumberProjectNew/src/main/resources
2025-09-24 21:49:18,983 [Worker-90: Building] INFO  o.a.m.s.f.DefaultMavenResourcesFiltering - Copying 1 resource from src/test/resources to target/test-classes
2025-09-24 21:51:32,583 [Worker-94: Building] INFO  o.a.m.s.f.DefaultMavenResourcesFiltering - skip non existing resourceDirectory /Volumes/Renuka/Professional Stuff (Restricted)/Session_material/Session_WorkSpaces/Automation_SA2506029/SA250629_WebDriver/MyCucumberProjectNew/src/main/resources
2025-09-24 21:51:32,617 [Worker-94: Building] INFO  o.a.m.s.f.DefaultMavenResourcesFiltering - Copying 2 resources from src/test/resources to target/test-classes
2025-09-24 21:51:37,657 [Worker-86: Building] INFO  o.a.m.s.f.DefaultMavenResourcesFiltering - skip non existing resourceDirectory /Volumes/Renuka/Professional Stuff (Restricted)/Session_material/Session_WorkSpaces/Automation_SA2506029/SA250629_WebDriver/MyCucumberProjectNew/src/main/resources
2025-09-24 21:51:37,663 [Worker-86: Building] INFO  o.a.m.s.f.DefaultMavenResourcesFiltering - Copying 2 resources from src/test/resources to target/test-classes
2025-09-24 21:51:39,815 [Worker-91: Building] INFO  o.a.m.s.f.DefaultMavenResourcesFiltering - skip non existing resourceDirectory /Volumes/Renuka/Professional Stuff (Restricted)/Session_material/Session_WorkSpaces/Automation_SA2506029/SA250629_WebDriver/MyCucumberProjectNew/src/main/resources
2025-09-24 21:51:39,821 [Worker-91: Building] INFO  o.a.m.s.f.DefaultMavenResourcesFiltering - Copying 2 resources from src/test/resources to target/test-classes
2025-09-24 21:51:51,813 [Worker-94: Building] INFO  o.a.m.s.f.DefaultMavenResourcesFiltering - skip non existing resourceDirectory /Volumes/Renuka/Professional Stuff (Restricted)/Session_material/Session_WorkSpaces/Automation_SA2506029/SA250629_WebDriver/MyCucumberProjectNew/src/main/resources
2025-09-24 21:51:51,817 [Worker-94: Building] INFO  o.a.m.s.f.DefaultMavenResourcesFiltering - Copying 2 resources from src/test/resources to target/test-classes
2025-09-24 21:52:18,863 [Worker-94: Building] INFO  o.a.m.s.f.DefaultMavenResourcesFiltering - skip non existing resourceDirectory /Volumes/Renuka/Professional Stuff (Restricted)/Session_material/Session_WorkSpaces/Automation_SA2506029/SA250629_WebDriver/MyCucumberProjectNew/src/main/resources
2025-09-24 21:52:18,865 [Worker-94: Building] INFO  o.a.m.s.f.DefaultMavenResourcesFiltering - Copying 2 resources from src/test/resources to target/test-classes
2025-09-24 21:52:31,136 [Worker-95: Building] INFO  o.a.m.s.f.DefaultMavenResourcesFiltering - skip non existing resourceDirectory /Volumes/Renuka/Professional Stuff (Restricted)/Session_material/Session_WorkSpaces/Automation_SA2506029/SA250629_WebDriver/MyCucumberProjectNew/src/main/resources
2025-09-24 21:52:31,151 [Worker-95: Building] INFO  o.a.m.s.f.DefaultMavenResourcesFiltering - Copying 2 resources from src/test/resources to target/test-classes
2025-09-24 21:52:53,940 [Worker-91: Building] INFO  o.a.m.s.f.DefaultMavenResourcesFiltering - skip non existing resourceDirectory /Volumes/Renuka/Professional Stuff (Restricted)/Session_material/Session_WorkSpaces/Automation_SA2506029/SA250629_WebDriver/MyCucumberProjectNew/src/main/resources
2025-09-24 21:52:53,943 [Worker-91: Building] INFO  o.a.m.s.f.DefaultMavenResourcesFiltering - Copying 2 resources from src/test/resources to target/test-classes
2025-09-24 21:53:44,093 [Worker-86: Building] INFO  o.a.m.s.f.DefaultMavenResourcesFiltering - skip non existing resourceDirectory /Volumes/Renuka/Professional Stuff (Restricted)/Session_material/Session_WorkSpaces/Automation_SA2506029/SA250629_WebDriver/MyCucumberProjectNew/src/main/resources
2025-09-24 21:53:44,106 [Worker-86: Building] INFO  o.a.m.s.f.DefaultMavenResourcesFiltering - Copying 2 resources from src/test/resources to target/test-classes
2025-09-24 21:54:00,634 [Worker-94: Building] INFO  o.a.m.s.f.DefaultMavenResourcesFiltering - skip non existing resourceDirectory /Volumes/Renuka/Professional Stuff (Restricted)/Session_material/Session_WorkSpaces/Automation_SA2506029/SA250629_WebDriver/MyCucumberProjectNew/src/main/resources
2025-09-24 21:54:00,640 [Worker-94: Building] INFO  o.a.m.s.f.DefaultMavenResourcesFiltering - Copying 2 resources from src/test/resources to target/test-classes
2025-09-24 21:55:11,047 [Worker-93: Building] INFO  o.a.m.s.f.DefaultMavenResourcesFiltering - skip non existing resourceDirectory /Volumes/Renuka/Professional Stuff (Restricted)/Session_material/Session_WorkSpaces/Automation_SA2506029/SA250629_WebDriver/MyCucumberProjectNew/src/main/resources
2025-09-24 21:55:11,073 [Worker-93: Building] INFO  o.a.m.s.f.DefaultMavenResourcesFiltering - Copying 2 resources from src/test/resources to target/test-classes
2025-09-24 21:55:28,346 [Worker-93: Building] INFO  o.a.m.s.f.DefaultMavenResourcesFiltering - skip non existing resourceDirectory /Volumes/Renuka/Professional Stuff (Restricted)/Session_material/Session_WorkSpaces/Automation_SA2506029/SA250629_WebDriver/MyCucumberProjectNew/src/main/resources
2025-09-24 21:55:28,351 [Worker-93: Building] INFO  o.a.m.s.f.DefaultMavenResourcesFiltering - Copying 2 resources from src/test/resources to target/test-classes
2025-09-24 21:55:54,750 [Worker-95: Building] INFO  o.a.m.s.f.DefaultMavenResourcesFiltering - skip non existing resourceDirectory /Volumes/Renuka/Professional Stuff (Restricted)/Session_material/Session_WorkSpaces/Automation_SA2506029/SA250629_WebDriver/MyCucumberProjectNew/src/main/resources
2025-09-24 21:55:54,759 [Worker-95: Building] INFO  o.a.m.s.f.DefaultMavenResourcesFiltering - Copying 2 resources from src/test/resources to target/test-classes
2025-09-24 21:58:17,907 [Worker-96: Building] INFO  o.a.m.s.f.DefaultMavenResourcesFiltering - skip non existing resourceDirectory /Volumes/Renuka/Professional Stuff (Restricted)/Session_material/Session_WorkSpaces/Automation_SA2506029/SA250629_WebDriver/MyCucumberProjectNew/src/main/resources
2025-09-24 21:58:17,923 [Worker-96: Building] INFO  o.a.m.s.f.DefaultMavenResourcesFiltering - Copying 2 resources from src/test/resources to target/test-classes
2025-09-24 21:59:23,573 [Worker-98: Building] INFO  o.a.m.s.f.DefaultMavenResourcesFiltering - skip non existing resourceDirectory /Volumes/Renuka/Professional Stuff (Restricted)/Session_material/Session_WorkSpaces/Automation_SA2506029/SA250629_WebDriver/MyCucumberProjectNew/src/main/resources
2025-09-24 21:59:23,577 [Worker-98: Building] INFO  o.a.m.s.f.DefaultMavenResourcesFiltering - Copying 2 resources from src/test/resources to target/test-classes
2025-09-24 21:59:32,576 [Worker-95: Building] INFO  o.a.m.s.f.DefaultMavenResourcesFiltering - skip non existing resourceDirectory /Volumes/Renuka/Professional Stuff (Restricted)/Session_material/Session_WorkSpaces/Automation_SA2506029/SA250629_WebDriver/MyCucumberProjectNew/src/main/resources
2025-09-24 21:59:32,578 [Worker-95: Building] INFO  o.a.m.s.f.DefaultMavenResourcesFiltering - Copying 2 resources from src/test/resources to target/test-classes
2025-09-24 22:00:07,319 [Worker-96: Building] INFO  o.a.m.s.f.DefaultMavenResourcesFiltering - skip non existing resourceDirectory /Volumes/Renuka/Professional Stuff (Restricted)/Session_material/Session_WorkSpaces/Automation_SA2506029/SA250629_WebDriver/MyCucumberProjectNew/src/main/resources
2025-09-24 22:00:07,362 [Worker-96: Building] INFO  o.a.m.s.f.DefaultMavenResourcesFiltering - Copying 2 resources from src/test/resources to target/test-classes
2025-09-24 22:00:19,158 [Worker-99: Building] INFO  o.a.m.s.f.DefaultMavenResourcesFiltering - skip non existing resourceDirectory /Volumes/Renuka/Professional Stuff (Restricted)/Session_material/Session_WorkSpaces/Automation_SA2506029/SA250629_WebDriver/MyCucumberProjectNew/src/main/resources
2025-09-24 22:00:19,160 [Worker-99: Building] INFO  o.a.m.s.f.DefaultMavenResourcesFiltering - Copying 2 resources from src/test/resources to target/test-classes
2025-09-24 22:00:41,194 [Worker-95: Building] INFO  o.a.m.s.f.DefaultMavenResourcesFiltering - skip non existing resourceDirectory /Volumes/Renuka/Professional Stuff (Restricted)/Session_material/Session_WorkSpaces/Automation_SA2506029/SA250629_WebDriver/MyCucumberProjectNew/src/main/resources
2025-09-24 22:00:41,198 [Worker-95: Building] INFO  o.a.m.s.f.DefaultMavenResourcesFiltering - Copying 2 resources from src/test/resources to target/test-classes
2025-09-24 22:02:06,374 [main] INFO  o.e.m.jdt.internal.UnitTestSupport - Updating GoogleSearchRunner from maven configuration
2025-09-24 22:09:03,736 [Worker-99: Building] INFO  o.a.m.s.f.DefaultMavenResourcesFiltering - skip non existing resourceDirectory /Volumes/Renuka/Professional Stuff (Restricted)/Session_material/Session_WorkSpaces/Automation_SA2506029/SA250629_WebDriver/MyCucumberProjectNew/src/main/resources
2025-09-24 22:09:03,760 [Worker-99: Building] INFO  o.a.m.s.f.DefaultMavenResourcesFiltering - Copying 1 resource from src/test/resources to target/test-classes
2025-09-24 22:09:28,557 [Worker-101: Building] INFO  o.a.m.s.f.DefaultMavenResourcesFiltering - skip non existing resourceDirectory /Volumes/Renuka/Professional Stuff (Restricted)/Session_material/Session_WorkSpaces/Automation_SA2506029/SA250629_WebDriver/MyCucumberProjectNew/src/main/resources
2025-09-24 22:09:28,563 [Worker-101: Building] INFO  o.a.m.s.f.DefaultMavenResourcesFiltering - Copying 1 resource from src/test/resources to target/test-classes
2025-09-24 22:09:50,158 [Worker-101: Building] INFO  o.a.m.s.f.DefaultMavenResourcesFiltering - skip non existing resourceDirectory /Volumes/Renuka/Professional Stuff (Restricted)/Session_material/Session_WorkSpaces/Automation_SA2506029/SA250629_WebDriver/MyCucumberProjectNew/src/main/resources
2025-09-24 22:09:50,160 [Worker-101: Building] INFO  o.a.m.s.f.DefaultMavenResourcesFiltering - Copying 1 resource from src/test/resources to target/test-classes
2025-09-24 22:11:19,290 [Worker-102: Building] INFO  o.a.m.s.f.DefaultMavenResourcesFiltering - skip non existing resourceDirectory /Volumes/Renuka/Professional Stuff (Restricted)/Session_material/Session_WorkSpaces/Automation_SA2506029/SA250629_WebDriver/MyCucumberProjectNew/src/main/resources
2025-09-24 22:11:19,294 [Worker-102: Building] INFO  o.a.m.s.f.DefaultMavenResourcesFiltering - Copying 1 resource from src/test/resources to target/test-classes
2025-09-24 22:11:56,786 [Worker-103: Building] INFO  o.a.m.s.f.DefaultMavenResourcesFiltering - skip non existing resourceDirectory /Volumes/Renuka/Professional Stuff (Restricted)/Session_material/Session_WorkSpaces/Automation_SA2506029/SA250629_WebDriver/MyCucumberProjectNew/src/main/resources
2025-09-24 22:11:56,793 [Worker-103: Building] INFO  o.a.m.s.f.DefaultMavenResourcesFiltering - Copying 3 resources from src/test/resources to target/test-classes
2025-09-24 22:12:00,160 [Worker-105: Building] INFO  o.a.m.s.f.DefaultMavenResourcesFiltering - skip non existing resourceDirectory /Volumes/Renuka/Professional Stuff (Restricted)/Session_material/Session_WorkSpaces/Automation_SA2506029/SA250629_WebDriver/MyCucumberProjectNew/src/main/resources
2025-09-24 22:12:00,162 [Worker-105: Building] INFO  o.a.m.s.f.DefaultMavenResourcesFiltering - Copying 3 resources from src/test/resources to target/test-classes
2025-09-24 22:12:01,702 [Worker-104: Building] INFO  o.a.m.s.f.DefaultMavenResourcesFiltering - skip non existing resourceDirectory /Volumes/Renuka/Professional Stuff (Restricted)/Session_material/Session_WorkSpaces/Automation_SA2506029/SA250629_WebDriver/MyCucumberProjectNew/src/main/resources
2025-09-24 22:12:01,706 [Worker-104: Building] INFO  o.a.m.s.f.DefaultMavenResourcesFiltering - Copying 3 resources from src/test/resources to target/test-classes
2025-09-24 22:14:56,950 [Worker-106: Building] INFO  o.a.m.s.f.DefaultMavenResourcesFiltering - skip non existing resourceDirectory /Volumes/Renuka/Professional Stuff (Restricted)/Session_material/Session_WorkSpaces/Automation_SA2506029/SA250629_WebDriver/MyCucumberProjectNew/src/main/resources
2025-09-24 22:14:56,980 [Worker-106: Building] INFO  o.a.m.s.f.DefaultMavenResourcesFiltering - Copying 1 resource from src/test/resources to target/test-classes
2025-09-24 22:15:17,392 [Worker-106: Building] INFO  o.a.m.s.f.DefaultMavenResourcesFiltering - skip non existing resourceDirectory /Volumes/Renuka/Professional Stuff (Restricted)/Session_material/Session_WorkSpaces/Automation_SA2506029/SA250629_WebDriver/MyCucumberProjectNew/src/main/resources
2025-09-24 22:15:17,394 [Worker-106: Building] INFO  o.a.m.s.f.DefaultMavenResourcesFiltering - Copying 1 resource from src/test/resources to target/test-classes
2025-09-24 22:15:50,784 [Worker-105: Building] INFO  o.a.m.s.f.DefaultMavenResourcesFiltering - skip non existing resourceDirectory /Volumes/Renuka/Professional Stuff (Restricted)/Session_material/Session_WorkSpaces/Automation_SA2506029/SA250629_WebDriver/MyCucumberProjectNew/src/main/resources
2025-09-24 22:15:50,785 [Worker-105: Building] INFO  o.a.m.s.f.DefaultMavenResourcesFiltering - Copying 1 resource from src/test/resources to target/test-classes
2025-09-24 22:16:08,281 [Worker-108: Building] INFO  o.a.m.s.f.DefaultMavenResourcesFiltering - skip non existing resourceDirectory /Volumes/Renuka/Professional Stuff (Restricted)/Session_material/Session_WorkSpaces/Automation_SA2506029/SA250629_WebDriver/MyCucumberProjectNew/src/main/resources
2025-09-24 22:16:08,285 [Worker-108: Building] INFO  o.a.m.s.f.DefaultMavenResourcesFiltering - Copying 1 resource from src/test/resources to target/test-classes
2025-09-24 22:17:44,994 [Worker-96: Building] INFO  o.a.m.s.f.DefaultMavenResourcesFiltering - skip non existing resourceDirectory /Volumes/Renuka/Professional Stuff (Restricted)/Session_material/Session_WorkSpaces/Automation_SA2506029/SA250629_WebDriver/MyCucumberProjectNew/src/main/resources
2025-09-24 22:17:45,014 [Worker-96: Building] INFO  o.a.m.s.f.DefaultMavenResourcesFiltering - Copying 3 resources from src/test/resources to target/test-classes
2025-09-24 22:17:59,950 [Worker-109: Building] INFO  o.a.m.s.f.DefaultMavenResourcesFiltering - skip non existing resourceDirectory /Volumes/Renuka/Professional Stuff (Restricted)/Session_material/Session_WorkSpaces/Automation_SA2506029/SA250629_WebDriver/MyCucumberProjectNew/src/main/resources
2025-09-24 22:17:59,953 [Worker-109: Building] INFO  o.a.m.s.f.DefaultMavenResourcesFiltering - Copying 3 resources from src/test/resources to target/test-classes
2025-09-24 22:18:32,956 [Worker-105: Building] INFO  o.a.m.s.f.DefaultMavenResourcesFiltering - skip non existing resourceDirectory /Volumes/Renuka/Professional Stuff (Restricted)/Session_material/Session_WorkSpaces/Automation_SA2506029/SA250629_WebDriver/MyCucumberProjectNew/src/main/resources
2025-09-24 22:18:32,960 [Worker-105: Building] INFO  o.a.m.s.f.DefaultMavenResourcesFiltering - Copying 3 resources from src/test/resources to target/test-classes
2025-09-24 22:20:24,548 [Worker-106: Building] INFO  o.a.m.s.f.DefaultMavenResourcesFiltering - skip non existing resourceDirectory /Volumes/Renuka/Professional Stuff (Restricted)/Session_material/Session_WorkSpaces/Automation_SA2506029/SA250629_WebDriver/MyCucumberProjectNew/src/main/resources
2025-09-24 22:20:24,566 [Worker-106: Building] INFO  o.a.m.s.f.DefaultMavenResourcesFiltering - Copying 3 resources from src/test/resources to target/test-classes
2025-09-24 22:20:58,730 [Worker-108: Building] INFO  o.a.m.s.f.DefaultMavenResourcesFiltering - skip non existing resourceDirectory /Volumes/Renuka/Professional Stuff (Restricted)/Session_material/Session_WorkSpaces/Automation_SA2506029/SA250629_WebDriver/MyCucumberProjectNew/src/main/resources
2025-09-24 22:20:58,733 [Worker-108: Building] INFO  o.a.m.s.f.DefaultMavenResourcesFiltering - Copying 3 resources from src/test/resources to target/test-classes
2025-09-24 22:22:48,128 [Worker-109: Building] INFO  o.a.m.s.f.DefaultMavenResourcesFiltering - skip non existing resourceDirectory /Volumes/Renuka/Professional Stuff (Restricted)/Session_material/Session_WorkSpaces/Automation_SA2506029/SA250629_WebDriver/MyCucumberProjectNew/src/main/resources
2025-09-24 22:22:48,174 [Worker-109: Building] INFO  o.a.m.s.f.DefaultMavenResourcesFiltering - Copying 3 resources from src/test/resources to target/test-classes
2025-09-24 22:23:01,088 [Worker-110: Building] INFO  o.a.m.s.f.DefaultMavenResourcesFiltering - skip non existing resourceDirectory /Volumes/Renuka/Professional Stuff (Restricted)/Session_material/Session_WorkSpaces/Automation_SA2506029/SA250629_WebDriver/MyCucumberProjectNew/src/main/resources
2025-09-24 22:23:01,096 [Worker-110: Building] INFO  o.a.m.s.f.DefaultMavenResourcesFiltering - Copying 3 resources from src/test/resources to target/test-classes
2025-09-24 22:23:18,109 [Worker-110: Building] INFO  o.a.m.s.f.DefaultMavenResourcesFiltering - skip non existing resourceDirectory /Volumes/Renuka/Professional Stuff (Restricted)/Session_material/Session_WorkSpaces/Automation_SA2506029/SA250629_WebDriver/MyCucumberProjectNew/src/main/resources
2025-09-24 22:23:18,111 [Worker-110: Building] INFO  o.a.m.s.f.DefaultMavenResourcesFiltering - Copying 3 resources from src/test/resources to target/test-classes
2025-09-24 22:23:41,312 [Worker-113: Building] INFO  o.a.m.s.f.DefaultMavenResourcesFiltering - skip non existing resourceDirectory /Volumes/Renuka/Professional Stuff (Restricted)/Session_material/Session_WorkSpaces/Automation_SA2506029/SA250629_WebDriver/MyCucumberProjectNew/src/main/resources
2025-09-24 22:23:41,335 [Worker-113: Building] INFO  o.a.m.s.f.DefaultMavenResourcesFiltering - Copying 3 resources from src/test/resources to target/test-classes
2025-09-24 22:23:56,889 [Worker-105: Building] INFO  o.a.m.s.f.DefaultMavenResourcesFiltering - skip non existing resourceDirectory /Volumes/Renuka/Professional Stuff (Restricted)/Session_material/Session_WorkSpaces/Automation_SA2506029/SA250629_WebDriver/MyCucumberProjectNew/src/main/resources
2025-09-24 22:23:56,895 [Worker-105: Building] INFO  o.a.m.s.f.DefaultMavenResourcesFiltering - Copying 3 resources from src/test/resources to target/test-classes
2025-09-24 22:25:28,732 [Worker-111: Building] INFO  o.a.m.s.f.DefaultMavenResourcesFiltering - skip non existing resourceDirectory /Volumes/Renuka/Professional Stuff (Restricted)/Session_material/Session_WorkSpaces/Automation_SA2506029/SA250629_WebDriver/MyCucumberProjectNew/src/main/resources
2025-09-24 22:25:28,735 [Worker-111: Building] INFO  o.a.m.s.f.DefaultMavenResourcesFiltering - Copying 1 resource from src/test/resources to target/test-classes
2025-09-24 22:32:18,523 [Worker-114: Building] INFO  o.a.m.s.f.DefaultMavenResourcesFiltering - skip non existing resourceDirectory /Volumes/Renuka/Professional Stuff (Restricted)/Session_material/Session_WorkSpaces/Automation_SA2506029/SA250629_WebDriver/MyCucumberProjectNew/src/main/resources
2025-09-24 22:32:18,543 [Worker-114: Building] INFO  o.a.m.s.f.DefaultMavenResourcesFiltering - Copying 1 resource from src/test/resources to target/test-classes
2025-09-24 22:33:54,000 [Worker-116: Building] INFO  o.a.m.s.f.DefaultMavenResourcesFiltering - skip non existing resourceDirectory /Volumes/Renuka/Professional Stuff (Restricted)/Session_material/Session_WorkSpaces/Automation_SA2506029/SA250629_WebDriver/MyCucumberProjectNew/src/main/resources
2025-09-24 22:33:54,003 [Worker-116: Building] INFO  o.a.m.s.f.DefaultMavenResourcesFiltering - Copying 1 resource from src/test/resources to target/test-classes
2025-09-24 22:34:07,956 [Worker-118: Building] INFO  o.a.m.s.f.DefaultMavenResourcesFiltering - skip non existing resourceDirectory /Volumes/Renuka/Professional Stuff (Restricted)/Session_material/Session_WorkSpaces/Automation_SA2506029/SA250629_WebDriver/MyCucumberProjectNew/src/main/resources
2025-09-24 22:34:07,959 [Worker-118: Building] INFO  o.a.m.s.f.DefaultMavenResourcesFiltering - Copying 1 resource from src/test/resources to target/test-classes
2025-09-24 22:34:11,921 [Worker-118: Building] INFO  o.a.m.s.f.DefaultMavenResourcesFiltering - skip non existing resourceDirectory /Volumes/Renuka/Professional Stuff (Restricted)/Session_material/Session_WorkSpaces/Automation_SA2506029/SA250629_WebDriver/MyCucumberProjectNew/src/main/resources
2025-09-24 22:34:11,924 [Worker-118: Building] INFO  o.a.m.s.f.DefaultMavenResourcesFiltering - Copying 1 resource from src/test/resources to target/test-classes
2025-09-26 17:34:19,071 [Worker-0: Building] INFO  o.e.m.c.i.e.AbstractTransferListenerAdapter - Downloading https://repo.maven.apache.org/maven2/io/cucumber/messages/maven-metadata.xml
2025-09-26 17:34:19,131 [Worker-0: Building] INFO  o.e.m.c.i.e.AbstractTransferListenerAdapter - Downloaded https://repo.maven.apache.org/maven2/io/cucumber/messages/maven-metadata.xml
2025-09-26 17:34:22,823 [Worker-0: Building] INFO  o.a.m.s.f.DefaultMavenResourcesFiltering - skip non existing resourceDirectory /Volumes/Renuka/Professional Stuff (Restricted)/Session_material/Session_WorkSpaces/Automation_SA2506029/SA250629_WebDriver/MyCucumberProjectNew/src/main/resources
2025-09-26 17:34:22,955 [Worker-0: Building] INFO  o.a.m.s.f.DefaultMavenResourcesFiltering - Copying 3 resources from src/test/resources to target/test-classes
2025-09-26 17:34:34,435 [Worker-7: Loading available Gradle versions] INFO  o.e.b.c.i.u.g.PublishedGradleVersions - Gradle version information cache is out-of-date. Trying to update.
2025-09-26 19:22:56,345 [Worker-78: Building] INFO  o.a.m.s.f.DefaultMavenResourcesFiltering - skip non existing resourceDirectory /Volumes/Renuka/Professional Stuff (Restricted)/Session_material/Session_WorkSpaces/Automation_SA2506029/SA250629_WebDriver/MyCucumberProjectNew/src/main/resources
2025-09-26 19:22:56,363 [Worker-78: Building] INFO  o.a.m.s.f.DefaultMavenResourcesFiltering - Copying 1 resource from src/test/resources to target/test-classes
2025-09-26 19:23:03,004 [Worker-76: Building] INFO  o.a.m.s.f.DefaultMavenResourcesFiltering - skip non existing resourceDirectory /Volumes/Renuka/Professional Stuff (Restricted)/Session_material/Session_WorkSpaces/Automation_SA2506029/SA250629_WebDriver/MyCucumberProjectNew/src/main/resources
2025-09-26 19:23:03,009 [Worker-76: Building] INFO  o.a.m.s.f.DefaultMavenResourcesFiltering - Copying 1 resource from src/test/resources to target/test-classes
2025-09-26 19:24:15,621 [Worker-81: Building] INFO  o.a.m.s.f.DefaultMavenResourcesFiltering - skip non existing resourceDirectory /Volumes/Renuka/Professional Stuff (Restricted)/Session_material/Session_WorkSpaces/Automation_SA2506029/SA250629_WebDriver/MyCucumberProjectNew/src/main/resources
2025-09-26 19:24:15,641 [Worker-81: Building] INFO  o.a.m.s.f.DefaultMavenResourcesFiltering - Copying 4 resources from src/test/resources to target/test-classes
2025-09-26 19:24:23,602 [Worker-86: Building] INFO  o.a.m.s.f.DefaultMavenResourcesFiltering - skip non existing resourceDirectory /Volumes/Renuka/Professional Stuff (Restricted)/Session_material/Session_WorkSpaces/Automation_SA2506029/SA250629_WebDriver/MyCucumberProjectNew/src/main/resources
2025-09-26 19:24:23,610 [Worker-86: Building] INFO  o.a.m.s.f.DefaultMavenResourcesFiltering - Copying 1 resource from src/test/resources to target/test-classes
2025-09-26 19:25:14,257 [Worker-85: Building] INFO  o.a.m.s.f.DefaultMavenResourcesFiltering - skip non existing resourceDirectory /Volumes/Renuka/Professional Stuff (Restricted)/Session_material/Session_WorkSpaces/Automation_SA2506029/SA250629_WebDriver/MyCucumberProjectNew/src/main/resources
2025-09-26 19:25:14,262 [Worker-85: Building] INFO  o.a.m.s.f.DefaultMavenResourcesFiltering - Copying 4 resources from src/test/resources to target/test-classes
2025-09-26 19:25:20,225 [Worker-85: Building] INFO  o.a.m.s.f.DefaultMavenResourcesFiltering - skip non existing resourceDirectory /Volumes/Renuka/Professional Stuff (Restricted)/Session_material/Session_WorkSpaces/Automation_SA2506029/SA250629_WebDriver/MyCucumberProjectNew/src/main/resources
2025-09-26 19:25:20,228 [Worker-85: Building] INFO  o.a.m.s.f.DefaultMavenResourcesFiltering - Copying 4 resources from src/test/resources to target/test-classes
2025-09-26 19:25:39,943 [Worker-87: Building] INFO  o.a.m.s.f.DefaultMavenResourcesFiltering - skip non existing resourceDirectory /Volumes/Renuka/Professional Stuff (Restricted)/Session_material/Session_WorkSpaces/Automation_SA2506029/SA250629_WebDriver/MyCucumberProjectNew/src/main/resources
2025-09-26 19:25:39,946 [Worker-87: Building] INFO  o.a.m.s.f.DefaultMavenResourcesFiltering - Copying 4 resources from src/test/resources to target/test-classes
2025-09-26 19:26:28,206 [Worker-86: Building] INFO  o.a.m.s.f.DefaultMavenResourcesFiltering - skip non existing resourceDirectory /Volumes/Renuka/Professional Stuff (Restricted)/Session_material/Session_WorkSpaces/Automation_SA2506029/SA250629_WebDriver/MyCucumberProjectNew/src/main/resources
2025-09-26 19:26:28,215 [Worker-86: Building] INFO  o.a.m.s.f.DefaultMavenResourcesFiltering - Copying 1 resource from src/test/resources to target/test-classes
2025-09-26 19:26:48,579 [main] INFO  o.e.m.jdt.internal.UnitTestSupport - Updating GoogleLinksRunner from maven configuration
2025-09-26 19:28:13,985 [Worker-76: Building] INFO  o.a.m.s.f.DefaultMavenResourcesFiltering - skip non existing resourceDirectory /Volumes/Renuka/Professional Stuff (Restricted)/Session_material/Session_WorkSpaces/Automation_SA2506029/SA250629_WebDriver/MyCucumberProjectNew/src/main/resources
2025-09-26 19:28:13,989 [Worker-76: Building] INFO  o.a.m.s.f.DefaultMavenResourcesFiltering - Copying 4 resources from src/test/resources to target/test-classes
2025-09-26 19:28:44,264 [Worker-76: Building] INFO  o.a.m.s.f.DefaultMavenResourcesFiltering - skip non existing resourceDirectory /Volumes/Renuka/Professional Stuff (Restricted)/Session_material/Session_WorkSpaces/Automation_SA2506029/SA250629_WebDriver/MyCucumberProjectNew/src/main/resources
2025-09-26 19:28:44,268 [Worker-76: Building] INFO  o.a.m.s.f.DefaultMavenResourcesFiltering - Copying 4 resources from src/test/resources to target/test-classes
2025-09-26 19:28:52,112 [Worker-76: Building] INFO  o.a.m.s.f.DefaultMavenResourcesFiltering - skip non existing resourceDirectory /Volumes/Renuka/Professional Stuff (Restricted)/Session_material/Session_WorkSpaces/Automation_SA2506029/SA250629_WebDriver/MyCucumberProjectNew/src/main/resources
2025-09-26 19:28:52,125 [Worker-76: Building] INFO  o.a.m.s.f.DefaultMavenResourcesFiltering - Copying 4 resources from src/test/resources to target/test-classes
2025-09-26 19:32:43,688 [Worker-76: Building] INFO  o.a.m.s.f.DefaultMavenResourcesFiltering - skip non existing resourceDirectory /Volumes/Renuka/Professional Stuff (Restricted)/Session_material/Session_WorkSpaces/Automation_SA2506029/SA250629_WebDriver/MyCucumberProjectNew/src/main/resources
2025-09-26 19:32:43,693 [Worker-76: Building] INFO  o.a.m.s.f.DefaultMavenResourcesFiltering - Copying 4 resources from src/test/resources to target/test-classes
2025-09-26 19:32:48,367 [Worker-85: Building] INFO  o.a.m.s.f.DefaultMavenResourcesFiltering - skip non existing resourceDirectory /Volumes/Renuka/Professional Stuff (Restricted)/Session_material/Session_WorkSpaces/Automation_SA2506029/SA250629_WebDriver/MyCucumberProjectNew/src/main/resources
2025-09-26 19:32:48,370 [Worker-85: Building] INFO  o.a.m.s.f.DefaultMavenResourcesFiltering - Copying 0 resource from src/test/resources to target/test-classes
2025-09-26 19:32:54,713 [Worker-85: Building] INFO  o.a.m.s.f.DefaultMavenResourcesFiltering - skip non existing resourceDirectory /Volumes/Renuka/Professional Stuff (Restricted)/Session_material/Session_WorkSpaces/Automation_SA2506029/SA250629_WebDriver/MyCucumberProjectNew/src/main/resources
2025-09-26 19:32:54,715 [Worker-85: Building] INFO  o.a.m.s.f.DefaultMavenResourcesFiltering - Copying 3 resources from src/test/resources to target/test-classes
2025-09-26 20:07:14,342 [Worker-6: Loading available Gradle versions] INFO  o.e.b.c.i.u.g.PublishedGradleVersions - Gradle version information cache is up-to-date. Trying to read.
2025-09-26 20:07:18,090 [Worker-0: Building] INFO  o.a.m.s.f.DefaultMavenResourcesFiltering - skip non existing resourceDirectory /Volumes/Renuka/Professional Stuff (Restricted)/Session_material/Session_WorkSpaces/Automation_SA2506029/SA250629_WebDriver/MyCucumberProjectNew/src/main/resources
2025-09-26 20:07:18,106 [Worker-0: Building] INFO  o.a.m.s.f.DefaultMavenResourcesFiltering - Copying 3 resources from src/test/resources to target/test-classes
2025-09-26 20:26:45,359 [Worker-33: Building] INFO  o.a.m.s.f.DefaultMavenResourcesFiltering - skip non existing resourceDirectory /Volumes/Renuka/Professional Stuff (Restricted)/Session_material/Session_WorkSpaces/Automation_SA2506029/SA250629_WebDriver/MyCucumberProjectNew/src/main/resources
2025-09-26 20:26:45,373 [Worker-33: Building] INFO  o.a.m.s.f.DefaultMavenResourcesFiltering - Copying 1 resource from src/test/resources to target/test-classes
2025-09-26 20:37:05,009 [Worker-42: Building] INFO  o.a.m.s.f.DefaultMavenResourcesFiltering - skip non existing resourceDirectory /Volumes/Renuka/Professional Stuff (Restricted)/Session_material/Session_WorkSpaces/Automation_SA2506029/SA250629_WebDriver/MyCucumberProjectNew/src/main/resources
2025-09-26 20:37:05,029 [Worker-42: Building] INFO  o.a.m.s.f.DefaultMavenResourcesFiltering - Copying 1 resource from src/test/resources to target/test-classes
2025-09-26 20:40:33,399 [Worker-43: Building] INFO  o.a.m.s.f.DefaultMavenResourcesFiltering - skip non existing resourceDirectory /Volumes/Renuka/Professional Stuff (Restricted)/Session_material/Session_WorkSpaces/Automation_SA2506029/SA250629_WebDriver/MyCucumberProjectNew/src/main/resources
2025-09-26 20:40:33,404 [Worker-43: Building] INFO  o.a.m.s.f.DefaultMavenResourcesFiltering - Copying 1 resource from src/test/resources to target/test-classes
2025-09-26 20:41:47,432 [Worker-40: Building] INFO  o.a.m.s.f.DefaultMavenResourcesFiltering - skip non existing resourceDirectory /Volumes/Renuka/Professional Stuff (Restricted)/Session_material/Session_WorkSpaces/Automation_SA2506029/SA250629_WebDriver/MyCucumberProjectNew/src/main/resources
2025-09-26 20:41:47,476 [Worker-40: Building] INFO  o.a.m.s.f.DefaultMavenResourcesFiltering - Copying 4 resources from src/test/resources to target/test-classes
2025-09-26 20:43:17,870 [Worker-45: Building] INFO  o.a.m.s.f.DefaultMavenResourcesFiltering - skip non existing resourceDirectory /Volumes/Renuka/Professional Stuff (Restricted)/Session_material/Session_WorkSpaces/Automation_SA2506029/SA250629_WebDriver/MyCucumberProjectNew/src/main/resources
2025-09-26 20:43:17,881 [Worker-45: Building] INFO  o.a.m.s.f.DefaultMavenResourcesFiltering - Copying 4 resources from src/test/resources to target/test-classes
2025-09-26 20:43:42,486 [Worker-42: Building] INFO  o.a.m.s.f.DefaultMavenResourcesFiltering - skip non existing resourceDirectory /Volumes/Renuka/Professional Stuff (Restricted)/Session_material/Session_WorkSpaces/Automation_SA2506029/SA250629_WebDriver/MyCucumberProjectNew/src/main/resources
2025-09-26 20:43:42,497 [Worker-42: Building] INFO  o.a.m.s.f.DefaultMavenResourcesFiltering - Copying 4 resources from src/test/resources to target/test-classes
2025-09-26 20:43:50,811 [Worker-43: Building] INFO  o.a.m.s.f.DefaultMavenResourcesFiltering - skip non existing resourceDirectory /Volumes/Renuka/Professional Stuff (Restricted)/Session_material/Session_WorkSpaces/Automation_SA2506029/SA250629_WebDriver/MyCucumberProjectNew/src/main/resources
2025-09-26 20:43:50,834 [Worker-43: Building] INFO  o.a.m.s.f.DefaultMavenResourcesFiltering - Copying 4 resources from src/test/resources to target/test-classes
2025-09-26 20:45:04,799 [Worker-43: Building] INFO  o.a.m.s.f.DefaultMavenResourcesFiltering - skip non existing resourceDirectory /Volumes/Renuka/Professional Stuff (Restricted)/Session_material/Session_WorkSpaces/Automation_SA2506029/SA250629_WebDriver/MyCucumberProjectNew/src/main/resources
2025-09-26 20:45:04,813 [Worker-43: Building] INFO  o.a.m.s.f.DefaultMavenResourcesFiltering - Copying 4 resources from src/test/resources to target/test-classes
2025-09-26 20:45:06,877 [Worker-43: Building] INFO  o.a.m.s.f.DefaultMavenResourcesFiltering - skip non existing resourceDirectory /Volumes/Renuka/Professional Stuff (Restricted)/Session_material/Session_WorkSpaces/Automation_SA2506029/SA250629_WebDriver/MyCucumberProjectNew/src/main/resources
2025-09-26 20:45:06,880 [Worker-43: Building] INFO  o.a.m.s.f.DefaultMavenResourcesFiltering - Copying 4 resources from src/test/resources to target/test-classes
2025-09-26 20:46:26,507 [Worker-46: Building] INFO  o.a.m.s.f.DefaultMavenResourcesFiltering - skip non existing resourceDirectory /Volumes/Renuka/Professional Stuff (Restricted)/Session_material/Session_WorkSpaces/Automation_SA2506029/SA250629_WebDriver/MyCucumberProjectNew/src/main/resources
2025-09-26 20:46:26,524 [Worker-46: Building] INFO  o.a.m.s.f.DefaultMavenResourcesFiltering - Copying 4 resources from src/test/resources to target/test-classes
2025-09-26 20:47:01,819 [Worker-45: Building] INFO  o.a.m.s.f.DefaultMavenResourcesFiltering - skip non existing resourceDirectory /Volumes/Renuka/Professional Stuff (Restricted)/Session_material/Session_WorkSpaces/Automation_SA2506029/SA250629_WebDriver/MyCucumberProjectNew/src/main/resources
2025-09-26 20:47:01,862 [Worker-45: Building] INFO  o.a.m.s.f.DefaultMavenResourcesFiltering - Copying 4 resources from src/test/resources to target/test-classes
2025-09-26 20:47:05,990 [Worker-45: Building] INFO  o.a.m.s.f.DefaultMavenResourcesFiltering - skip non existing resourceDirectory /Volumes/Renuka/Professional Stuff (Restricted)/Session_material/Session_WorkSpaces/Automation_SA2506029/SA250629_WebDriver/MyCucumberProjectNew/src/main/resources
2025-09-26 20:47:06,001 [Worker-45: Building] INFO  o.a.m.s.f.DefaultMavenResourcesFiltering - Copying 4 resources from src/test/resources to target/test-classes
2025-09-26 20:47:45,159 [Worker-42: Building] INFO  o.a.m.s.f.DefaultMavenResourcesFiltering - skip non existing resourceDirectory /Volumes/Renuka/Professional Stuff (Restricted)/Session_material/Session_WorkSpaces/Automation_SA2506029/SA250629_WebDriver/MyCucumberProjectNew/src/main/resources
2025-09-26 20:47:45,171 [Worker-42: Building] INFO  o.a.m.s.f.DefaultMavenResourcesFiltering - Copying 4 resources from src/test/resources to target/test-classes
2025-09-26 20:48:08,349 [Worker-43: Building] INFO  o.a.m.s.f.DefaultMavenResourcesFiltering - skip non existing resourceDirectory /Volumes/Renuka/Professional Stuff (Restricted)/Session_material/Session_WorkSpaces/Automation_SA2506029/SA250629_WebDriver/MyCucumberProjectNew/src/main/resources
2025-09-26 20:48:08,352 [Worker-43: Building] INFO  o.a.m.s.f.DefaultMavenResourcesFiltering - Copying 1 resource from src/test/resources to target/test-classes
2025-09-26 20:49:22,610 [Worker-44: Building] INFO  o.a.m.s.f.DefaultMavenResourcesFiltering - skip non existing resourceDirectory /Volumes/Renuka/Professional Stuff (Restricted)/Session_material/Session_WorkSpaces/Automation_SA2506029/SA250629_WebDriver/MyCucumberProjectNew/src/main/resources
2025-09-26 20:49:22,619 [Worker-44: Building] INFO  o.a.m.s.f.DefaultMavenResourcesFiltering - Copying 4 resources from src/test/resources to target/test-classes
2025-09-26 20:50:38,770 [Worker-40: Building] INFO  o.a.m.s.f.DefaultMavenResourcesFiltering - skip non existing resourceDirectory /Volumes/Renuka/Professional Stuff (Restricted)/Session_material/Session_WorkSpaces/Automation_SA2506029/SA250629_WebDriver/MyCucumberProjectNew/src/main/resources
2025-09-26 20:50:38,784 [Worker-40: Building] INFO  o.a.m.s.f.DefaultMavenResourcesFiltering - Copying 4 resources from src/test/resources to target/test-classes
2025-09-26 20:50:41,587 [Worker-44: Building] INFO  o.a.m.s.f.DefaultMavenResourcesFiltering - skip non existing resourceDirectory /Volumes/Renuka/Professional Stuff (Restricted)/Session_material/Session_WorkSpaces/Automation_SA2506029/SA250629_WebDriver/MyCucumberProjectNew/src/main/resources
2025-09-26 20:50:41,590 [Worker-44: Building] INFO  o.a.m.s.f.DefaultMavenResourcesFiltering - Copying 4 resources from src/test/resources to target/test-classes
2025-09-26 20:51:03,039 [Worker-46: Building] INFO  o.a.m.s.f.DefaultMavenResourcesFiltering - skip non existing resourceDirectory /Volumes/Renuka/Professional Stuff (Restricted)/Session_material/Session_WorkSpaces/Automation_SA2506029/SA250629_WebDriver/MyCucumberProjectNew/src/main/resources
2025-09-26 20:51:03,052 [Worker-46: Building] INFO  o.a.m.s.f.DefaultMavenResourcesFiltering - Copying 4 resources from src/test/resources to target/test-classes
2025-09-26 20:51:21,942 [Worker-40: Building] INFO  o.a.m.s.f.DefaultMavenResourcesFiltering - skip non existing resourceDirectory /Volumes/Renuka/Professional Stuff (Restricted)/Session_material/Session_WorkSpaces/Automation_SA2506029/SA250629_WebDriver/MyCucumberProjectNew/src/main/resources
2025-09-26 20:51:21,947 [Worker-40: Building] INFO  o.a.m.s.f.DefaultMavenResourcesFiltering - Copying 4 resources from src/test/resources to target/test-classes
2025-09-26 20:51:51,195 [Worker-45: Building] INFO  o.a.m.s.f.DefaultMavenResourcesFiltering - skip non existing resourceDirectory /Volumes/Renuka/Professional Stuff (Restricted)/Session_material/Session_WorkSpaces/Automation_SA2506029/SA250629_WebDriver/MyCucumberProjectNew/src/main/resources
2025-09-26 20:51:51,259 [Worker-45: Building] INFO  o.a.m.s.f.DefaultMavenResourcesFiltering - Copying 4 resources from src/test/resources to target/test-classes
2025-09-26 20:52:01,839 [Worker-40: Building] INFO  o.a.m.s.f.DefaultMavenResourcesFiltering - skip non existing resourceDirectory /Volumes/Renuka/Professional Stuff (Restricted)/Session_material/Session_WorkSpaces/Automation_SA2506029/SA250629_WebDriver/MyCucumberProjectNew/src/main/resources
2025-09-26 20:52:01,851 [Worker-40: Building] INFO  o.a.m.s.f.DefaultMavenResourcesFiltering - Copying 4 resources from src/test/resources to target/test-classes
2025-09-26 20:52:10,629 [Worker-44: Building] INFO  o.a.m.s.f.DefaultMavenResourcesFiltering - skip non existing resourceDirectory /Volumes/Renuka/Professional Stuff (Restricted)/Session_material/Session_WorkSpaces/Automation_SA2506029/SA250629_WebDriver/MyCucumberProjectNew/src/main/resources
2025-09-26 20:52:10,643 [Worker-44: Building] INFO  o.a.m.s.f.DefaultMavenResourcesFiltering - Copying 4 resources from src/test/resources to target/test-classes
2025-09-26 20:52:33,212 [main] INFO  o.e.m.jdt.internal.UnitTestSupport - Updating GoogleRunnerLinks from maven configuration
2025-09-26 20:57:23,375 [Worker-47: Building] INFO  o.a.m.s.f.DefaultMavenResourcesFiltering - skip non existing resourceDirectory /Volumes/Renuka/Professional Stuff (Restricted)/Session_material/Session_WorkSpaces/Automation_SA2506029/SA250629_WebDriver/MyCucumberProjectNew/src/main/resources
2025-09-26 20:57:23,382 [Worker-47: Building] INFO  o.a.m.s.f.DefaultMavenResourcesFiltering - Copying 1 resource from src/test/resources to target/test-classes
2025-09-26 20:58:40,000 [Worker-42: Building] INFO  o.a.m.s.f.DefaultMavenResourcesFiltering - skip non existing resourceDirectory /Volumes/Renuka/Professional Stuff (Restricted)/Session_material/Session_WorkSpaces/Automation_SA2506029/SA250629_WebDriver/MyCucumberProjectNew/src/main/resources
2025-09-26 20:58:40,015 [Worker-42: Building] INFO  o.a.m.s.f.DefaultMavenResourcesFiltering - Copying 4 resources from src/test/resources to target/test-classes
2025-09-26 20:59:14,059 [Worker-43: Building] INFO  o.a.m.s.f.DefaultMavenResourcesFiltering - skip non existing resourceDirectory /Volumes/Renuka/Professional Stuff (Restricted)/Session_material/Session_WorkSpaces/Automation_SA2506029/SA250629_WebDriver/MyCucumberProjectNew/src/main/resources
2025-09-26 20:59:14,066 [Worker-43: Building] INFO  o.a.m.s.f.DefaultMavenResourcesFiltering - Copying 4 resources from src/test/resources to target/test-classes
2025-09-26 20:59:29,945 [Worker-44: Building] INFO  o.a.m.s.f.DefaultMavenResourcesFiltering - skip non existing resourceDirectory /Volumes/Renuka/Professional Stuff (Restricted)/Session_material/Session_WorkSpaces/Automation_SA2506029/SA250629_WebDriver/MyCucumberProjectNew/src/main/resources
2025-09-26 20:59:29,950 [Worker-44: Building] INFO  o.a.m.s.f.DefaultMavenResourcesFiltering - Copying 4 resources from src/test/resources to target/test-classes
2025-09-26 20:59:32,226 [Worker-45: Building] INFO  o.a.m.s.f.DefaultMavenResourcesFiltering - skip non existing resourceDirectory /Volumes/Renuka/Professional Stuff (Restricted)/Session_material/Session_WorkSpaces/Automation_SA2506029/SA250629_WebDriver/MyCucumberProjectNew/src/main/resources
2025-09-26 20:59:32,240 [Worker-45: Building] INFO  o.a.m.s.f.DefaultMavenResourcesFiltering - Copying 4 resources from src/test/resources to target/test-classes
2025-09-26 21:02:33,228 [Worker-44: Building] INFO  o.a.m.s.f.DefaultMavenResourcesFiltering - skip non existing resourceDirectory /Volumes/Renuka/Professional Stuff (Restricted)/Session_material/Session_WorkSpaces/Automation_SA2506029/SA250629_WebDriver/MyCucumberProjectNew/src/main/resources
2025-09-26 21:02:33,249 [Worker-44: Building] INFO  o.a.m.s.f.DefaultMavenResourcesFiltering - Copying 4 resources from src/test/resources to target/test-classes
2025-09-26 21:02:45,696 [Worker-47: Building] INFO  o.a.m.s.f.DefaultMavenResourcesFiltering - skip non existing resourceDirectory /Volumes/Renuka/Professional Stuff (Restricted)/Session_material/Session_WorkSpaces/Automation_SA2506029/SA250629_WebDriver/MyCucumberProjectNew/src/main/resources
2025-09-26 21:02:45,702 [Worker-47: Building] INFO  o.a.m.s.f.DefaultMavenResourcesFiltering - Copying 1 resource from src/test/resources to target/test-classes
2025-09-26 21:05:15,556 [Worker-42: Building] INFO  o.a.m.s.f.DefaultMavenResourcesFiltering - skip non existing resourceDirectory /Volumes/Renuka/Professional Stuff (Restricted)/Session_material/Session_WorkSpaces/Automation_SA2506029/SA250629_WebDriver/MyCucumberProjectNew/src/main/resources
2025-09-26 21:05:15,569 [Worker-42: Building] INFO  o.a.m.s.f.DefaultMavenResourcesFiltering - Copying 4 resources from src/test/resources to target/test-classes
2025-09-26 21:08:23,317 [Worker-43: Building] INFO  o.a.m.s.f.DefaultMavenResourcesFiltering - skip non existing resourceDirectory /Volumes/Renuka/Professional Stuff (Restricted)/Session_material/Session_WorkSpaces/Automation_SA2506029/SA250629_WebDriver/MyCucumberProjectNew/src/main/resources
2025-09-26 21:08:23,331 [Worker-43: Building] INFO  o.a.m.s.f.DefaultMavenResourcesFiltering - Copying 4 resources from src/test/resources to target/test-classes
2025-09-26 21:08:58,199 [Worker-42: Building] INFO  o.a.m.s.f.DefaultMavenResourcesFiltering - skip non existing resourceDirectory /Volumes/Renuka/Professional Stuff (Restricted)/Session_material/Session_WorkSpaces/Automation_SA2506029/SA250629_WebDriver/MyCucumberProjectNew/src/main/resources
2025-09-26 21:08:58,202 [Worker-42: Building] INFO  o.a.m.s.f.DefaultMavenResourcesFiltering - Copying 1 resource from src/test/resources to target/test-classes
2025-09-26 21:09:41,351 [Worker-42: Building] INFO  o.a.m.s.f.DefaultMavenResourcesFiltering - skip non existing resourceDirectory /Volumes/Renuka/Professional Stuff (Restricted)/Session_material/Session_WorkSpaces/Automation_SA2506029/SA250629_WebDriver/MyCucumberProjectNew/src/main/resources
2025-09-26 21:09:41,368 [Worker-42: Building] INFO  o.a.m.s.f.DefaultMavenResourcesFiltering - Copying 4 resources from src/test/resources to target/test-classes
2025-09-26 21:09:46,310 [Worker-40: Building] INFO  o.a.m.s.f.DefaultMavenResourcesFiltering - skip non existing resourceDirectory /Volumes/Renuka/Professional Stuff (Restricted)/Session_material/Session_WorkSpaces/Automation_SA2506029/SA250629_WebDriver/MyCucumberProjectNew/src/main/resources
2025-09-26 21:09:46,313 [Worker-40: Building] INFO  o.a.m.s.f.DefaultMavenResourcesFiltering - Copying 1 resource from src/test/resources to target/test-classes
2025-09-29 18:14:56,437 [Worker-7: Loading available Gradle versions] INFO  o.e.b.c.i.u.g.PublishedGradleVersions - Gradle version information cache is out-of-date. Trying to update.
2025-09-29 18:16:01,311 [Worker-24: Creating project "MyHybridFrameworkBDDPOM"] INFO  o.e.m.c.i.l.LifecycleMappingFactory - Using org.eclipse.m2e.jdt.JarLifecycleMapping lifecycle mapping for MavenProject: MyHybridFrameworkBDDPOM:MyHybridFrameworkBDDPOM:0.0.1-SNAPSHOT @ /Volumes/Renuka/Professional Stuff (Restricted)/Session_material/Session_WorkSpaces/Automation_SA2506029/SA250629_WebDriver/MyHybridFrameworkBDDPOM/pom.xml.
2025-09-29 18:16:01,909 [Worker-24: Creating project "MyHybridFrameworkBDDPOM"] INFO  o.e.m.j.i.AbstractJavaProjectConfigurator - Adding source folder /MyHybridFrameworkBDDPOM/src/main/java
2025-09-29 18:16:01,910 [Worker-24: Creating project "MyHybridFrameworkBDDPOM"] INFO  o.e.m.j.i.AbstractJavaProjectConfigurator - Adding resource folder /MyHybridFrameworkBDDPOM/src/main/resources
2025-09-29 18:16:01,911 [Worker-24: Creating project "MyHybridFrameworkBDDPOM"] INFO  o.e.m.j.i.AbstractJavaProjectConfigurator - Adding source folder /MyHybridFrameworkBDDPOM/src/test/java
2025-09-29 18:16:01,911 [Worker-24: Creating project "MyHybridFrameworkBDDPOM"] INFO  o.e.m.j.i.AbstractJavaProjectConfigurator - Adding resource folder /MyHybridFrameworkBDDPOM/src/test/resources
2025-09-29 18:16:02,879 [Worker-27: Building] INFO  o.e.m.c.i.e.AbstractTransferListenerAdapter - Downloading https://repo.maven.apache.org/maven2/io/cucumber/messages/maven-metadata.xml
2025-09-29 18:16:02,896 [Worker-27: Building] INFO  o.e.m.c.i.e.AbstractTransferListenerAdapter - Downloaded https://repo.maven.apache.org/maven2/io/cucumber/messages/maven-metadata.xml
2025-09-29 18:16:03,119 [Worker-27: Building] WARN  o.a.m.s.f.DefaultMavenResourcesFiltering - Using platform encoding (UTF-8 actually) to copy filtered resources, i.e. build is platform dependent!
2025-09-29 18:16:03,122 [Worker-27: Building] INFO  o.a.m.s.f.DefaultMavenResourcesFiltering - Copying 0 resource from src/main/resources to target/classes
2025-09-29 18:16:03,132 [Worker-27: Building] WARN  o.a.m.s.f.DefaultMavenResourcesFiltering - Using platform encoding (UTF-8 actually) to copy filtered resources, i.e. build is platform dependent!
2025-09-29 18:16:03,133 [Worker-27: Building] INFO  o.a.m.s.f.DefaultMavenResourcesFiltering - Copying 0 resource from src/test/resources to target/test-classes
2025-09-29 18:17:09,534 [Worker-17: Building] INFO  o.e.m.c.i.l.LifecycleMappingFactory - Using org.eclipse.m2e.jdt.JarLifecycleMapping lifecycle mapping for MavenProject: MyHybridFrameworkBDDPOM:MyHybridFrameworkBDDPOM:0.0.1-SNAPSHOT @ /Volumes/Renuka/Professional Stuff (Restricted)/Session_material/Session_WorkSpaces/Automation_SA2506029/SA250629_WebDriver/MyHybridFrameworkBDDPOM/pom.xml.
2025-09-29 18:17:09,966 [Worker-17: Building] INFO  o.a.m.s.f.DefaultMavenResourcesFiltering - Copying 0 resource from src/main/resources to target/classes
2025-09-29 18:17:09,971 [Worker-17: Building] INFO  o.a.m.s.f.DefaultMavenResourcesFiltering - Copying 0 resource from src/test/resources to target/test-classes
2025-09-29 18:17:10,495 [Worker-9: Updating Maven Project] INFO  o.e.m.c.i.p.ProjectConfigurationManager - Update started
2025-09-29 18:17:10,700 [Worker-9: Updating Maven Project] INFO  o.e.m.c.i.l.LifecycleMappingFactory - Using org.eclipse.m2e.jdt.JarLifecycleMapping lifecycle mapping for MavenProject: MyHybridFrameworkBDDPOM:MyHybridFrameworkBDDPOM:0.0.1-SNAPSHOT @ /Volumes/Renuka/Professional Stuff (Restricted)/Session_material/Session_WorkSpaces/Automation_SA2506029/SA250629_WebDriver/MyHybridFrameworkBDDPOM/pom.xml.
2025-09-29 18:17:12,299 [Worker-9: Updating Maven Project] INFO  o.e.m.j.i.AbstractJavaProjectConfigurator - Adding source folder /MyHybridFrameworkBDDPOM/src/main/java
2025-09-29 18:17:12,328 [Worker-9: Updating Maven Project] INFO  o.e.m.j.i.AbstractJavaProjectConfigurator - Adding resource folder /MyHybridFrameworkBDDPOM/src/main/resources
2025-09-29 18:17:12,339 [Worker-9: Updating Maven Project] INFO  o.e.m.j.i.AbstractJavaProjectConfigurator - Adding source folder /MyHybridFrameworkBDDPOM/src/test/java
2025-09-29 18:17:12,340 [Worker-9: Updating Maven Project] INFO  o.e.m.j.i.AbstractJavaProjectConfigurator - Adding resource folder /MyHybridFrameworkBDDPOM/src/test/resources
2025-09-29 18:17:13,278 [Worker-9: Updating Maven Project] INFO  o.e.m.c.i.p.ProjectConfigurationManager - Update completed for 1 poms: local refresh takes 0.00 sec, refresh facades takes 1.00 sec, update config takes 1.00 sec 
2025-09-29 18:17:13,566 [Worker-28: Building] INFO  o.a.m.s.f.DefaultMavenResourcesFiltering - Copying 0 resource from src/main/resources to target/classes
2025-09-29 18:17:13,583 [Worker-28: Building] INFO  o.a.m.s.f.DefaultMavenResourcesFiltering - Copying 0 resource from src/test/resources to target/test-classes
2025-09-29 18:17:36,917 [Worker-32: Building] INFO  o.a.m.s.f.DefaultMavenResourcesFiltering - Copying 0 resource from src/main/resources to target/classes
2025-09-29 18:17:36,929 [Worker-32: Building] INFO  o.a.m.s.f.DefaultMavenResourcesFiltering - Copying 1 resource from src/test/resources to target/test-classes
2025-09-29 18:18:51,662 [Worker-40: Building] INFO  o.a.m.s.f.DefaultMavenResourcesFiltering - Copying 0 resource from src/main/resources to target/classes
2025-09-29 18:18:51,673 [Worker-40: Building] INFO  o.a.m.s.f.DefaultMavenResourcesFiltering - Copying 1 resource from src/test/resources to target/test-classes
2025-09-29 18:19:22,990 [Worker-25: Building] INFO  o.a.m.s.f.DefaultMavenResourcesFiltering - Copying 0 resource from src/main/resources to target/classes
2025-09-29 18:19:23,000 [Worker-25: Building] INFO  o.a.m.s.f.DefaultMavenResourcesFiltering - Copying 1 resource from src/test/resources to target/test-classes
2025-09-29 18:19:31,403 [Worker-35: Building] INFO  o.a.m.s.f.DefaultMavenResourcesFiltering - Copying 0 resource from src/main/resources to target/classes
2025-09-29 18:19:31,412 [Worker-35: Building] INFO  o.a.m.s.f.DefaultMavenResourcesFiltering - Copying 1 resource from src/test/resources to target/test-classes
2025-09-29 18:19:52,165 [Worker-35: Building] INFO  o.a.m.s.f.DefaultMavenResourcesFiltering - Copying 0 resource from src/main/resources to target/classes
2025-09-29 18:19:52,173 [Worker-35: Building] INFO  o.a.m.s.f.DefaultMavenResourcesFiltering - Copying 1 resource from src/test/resources to target/test-classes
2025-09-29 18:20:19,026 [Worker-18: Building] INFO  o.a.m.s.f.DefaultMavenResourcesFiltering - Copying 0 resource from src/main/resources to target/classes
2025-09-29 18:20:19,032 [Worker-18: Building] INFO  o.a.m.s.f.DefaultMavenResourcesFiltering - Copying 1 resource from src/test/resources to target/test-classes
2025-09-29 18:20:34,536 [Worker-1: Building] INFO  o.a.m.s.f.DefaultMavenResourcesFiltering - Copying 0 resource from src/main/resources to target/classes
2025-09-29 18:20:34,537 [Worker-1: Building] INFO  o.a.m.s.f.DefaultMavenResourcesFiltering - Copying 1 resource from src/test/resources to target/test-classes
2025-09-29 18:20:38,042 [Worker-9: Building] INFO  o.a.m.s.f.DefaultMavenResourcesFiltering - Copying 0 resource from src/main/resources to target/classes
2025-09-29 18:20:38,044 [Worker-9: Building] INFO  o.a.m.s.f.DefaultMavenResourcesFiltering - Copying 1 resource from src/test/resources to target/test-classes
2025-09-29 18:21:38,330 [Worker-40: Building] INFO  o.a.m.s.f.DefaultMavenResourcesFiltering - Copying 0 resource from src/main/resources to target/classes
2025-09-29 18:21:38,347 [Worker-40: Building] INFO  o.a.m.s.f.DefaultMavenResourcesFiltering - Copying 0 resource from src/test/resources to target/test-classes
2025-09-29 18:21:55,192 [Worker-35: Building] INFO  o.a.m.s.f.DefaultMavenResourcesFiltering - Copying 0 resource from src/main/resources to target/classes
2025-09-29 18:21:55,206 [Worker-35: Building] INFO  o.a.m.s.f.DefaultMavenResourcesFiltering - Copying 1 resource from src/test/resources to target/test-classes
2025-09-29 18:22:36,194 [Worker-25: Building Workspace] INFO  o.a.m.s.f.DefaultMavenResourcesFiltering - Copying 0 resource from src/main/resources to target/classes
2025-09-29 18:22:36,202 [Worker-25: Building Workspace] INFO  o.a.m.s.f.DefaultMavenResourcesFiltering - Copying 1 resource from src/test/resources to target/test-classes
2025-09-29 18:23:15,680 [Worker-1: Building] INFO  o.a.m.s.f.DefaultMavenResourcesFiltering - Copying 0 resource from src/main/resources to target/classes
2025-09-29 18:23:15,686 [Worker-1: Building] INFO  o.a.m.s.f.DefaultMavenResourcesFiltering - Copying 0 resource from src/test/resources to target/test-classes
2025-09-29 18:24:01,367 [Worker-9: Building] INFO  o.a.m.s.f.DefaultMavenResourcesFiltering - Copying 0 resource from src/main/resources to target/classes
2025-09-29 18:24:01,376 [Worker-9: Building] INFO  o.a.m.s.f.DefaultMavenResourcesFiltering - Copying 0 resource from src/test/resources to target/test-classes
2025-09-29 18:24:16,902 [Worker-40: Building] INFO  o.a.m.s.f.DefaultMavenResourcesFiltering - Copying 0 resource from src/main/resources to target/classes
2025-09-29 18:24:16,906 [Worker-40: Building] INFO  o.a.m.s.f.DefaultMavenResourcesFiltering - Copying 0 resource from src/test/resources to target/test-classes
2025-09-29 18:25:02,684 [Worker-1: Building] INFO  o.a.m.s.f.DefaultMavenResourcesFiltering - Copying 0 resource from src/main/resources to target/classes
2025-09-29 18:25:02,696 [Worker-1: Building] INFO  o.a.m.s.f.DefaultMavenResourcesFiltering - Copying 0 resource from src/test/resources to target/test-classes
2025-09-29 18:25:36,577 [Worker-41: Building] INFO  o.a.m.s.f.DefaultMavenResourcesFiltering - Copying 0 resource from src/main/resources to target/classes
2025-09-29 18:25:36,581 [Worker-41: Building] INFO  o.a.m.s.f.DefaultMavenResourcesFiltering - Copying 0 resource from src/test/resources to target/test-classes
2025-09-29 18:26:17,486 [Worker-41: Building] INFO  o.a.m.s.f.DefaultMavenResourcesFiltering - Copying 0 resource from src/main/resources to target/classes
2025-09-29 18:26:17,494 [Worker-41: Building] INFO  o.a.m.s.f.DefaultMavenResourcesFiltering - Copying 0 resource from src/test/resources to target/test-classes
2025-09-29 18:26:31,645 [Worker-18: Build project MyHybridFrameworkBDDPOM] INFO  o.a.m.s.f.DefaultMavenResourcesFiltering - Copying 0 resource from src/main/resources to target/classes
2025-09-29 18:26:31,647 [Worker-18: Build project MyHybridFrameworkBDDPOM] INFO  o.a.m.s.f.DefaultMavenResourcesFiltering - Copying 1 resource from src/test/resources to target/test-classes
2025-09-29 18:27:32,819 [Worker-18: Building] INFO  o.a.m.s.f.DefaultMavenResourcesFiltering - Copying 0 resource from src/main/resources to target/classes
2025-09-29 18:27:32,835 [Worker-18: Building] INFO  o.a.m.s.f.DefaultMavenResourcesFiltering - Copying 0 resource from src/test/resources to target/test-classes
2025-09-29 18:28:10,311 [Worker-18: Building] INFO  o.a.m.s.f.DefaultMavenResourcesFiltering - Copying 0 resource from src/main/resources to target/classes
2025-09-29 18:28:10,340 [Worker-18: Building] INFO  o.a.m.s.f.DefaultMavenResourcesFiltering - Copying 0 resource from src/test/resources to target/test-classes
2025-09-29 18:29:23,344 [Worker-41: Building] INFO  o.a.m.s.f.DefaultMavenResourcesFiltering - Copying 0 resource from src/main/resources to target/classes
2025-09-29 18:29:23,353 [Worker-41: Building] INFO  o.a.m.s.f.DefaultMavenResourcesFiltering - Copying 0 resource from src/test/resources to target/test-classes
2025-09-29 18:31:08,673 [Worker-9: Building] INFO  o.a.m.s.f.DefaultMavenResourcesFiltering - Copying 0 resource from src/main/resources to target/classes
2025-09-29 18:31:08,677 [Worker-9: Building] INFO  o.a.m.s.f.DefaultMavenResourcesFiltering - Copying 1 resource from src/test/resources to target/test-classes
2025-09-29 18:31:55,642 [Worker-35: Building] INFO  o.a.m.s.f.DefaultMavenResourcesFiltering - Copying 0 resource from src/main/resources to target/classes
2025-09-29 18:31:55,645 [Worker-35: Building] INFO  o.a.m.s.f.DefaultMavenResourcesFiltering - Copying 1 resource from src/test/resources to target/test-classes
2025-09-29 18:33:39,893 [Worker-3: Building] INFO  o.a.m.s.f.DefaultMavenResourcesFiltering - Copying 0 resource from src/main/resources to target/classes
2025-09-29 18:33:39,897 [Worker-3: Building] INFO  o.a.m.s.f.DefaultMavenResourcesFiltering - Copying 1 resource from src/test/resources to target/test-classes
2025-09-29 18:33:49,773 [Worker-9: Building] INFO  o.a.m.s.f.DefaultMavenResourcesFiltering - Copying 0 resource from src/main/resources to target/classes
2025-09-29 18:33:49,779 [Worker-9: Building] INFO  o.a.m.s.f.DefaultMavenResourcesFiltering - Copying 0 resource from src/test/resources to target/test-classes
2025-09-29 18:34:06,529 [Worker-6: Building] INFO  o.a.m.s.f.DefaultMavenResourcesFiltering - Copying 0 resource from src/main/resources to target/classes
2025-09-29 18:34:06,534 [Worker-6: Building] INFO  o.a.m.s.f.DefaultMavenResourcesFiltering - Copying 0 resource from src/test/resources to target/test-classes
2025-09-29 18:34:14,491 [Worker-42: Building] INFO  o.a.m.s.f.DefaultMavenResourcesFiltering - Copying 0 resource from src/main/resources to target/classes
2025-09-29 18:34:14,497 [Worker-42: Building] INFO  o.a.m.s.f.DefaultMavenResourcesFiltering - Copying 0 resource from src/test/resources to target/test-classes
2025-09-29 18:35:10,124 [Worker-3: Building] INFO  o.a.m.s.f.DefaultMavenResourcesFiltering - Copying 0 resource from src/main/resources to target/classes
2025-09-29 18:35:10,128 [Worker-3: Building] INFO  o.a.m.s.f.DefaultMavenResourcesFiltering - Copying 0 resource from src/test/resources to target/test-classes
2025-09-29 18:35:25,102 [Worker-18: Building] INFO  o.a.m.s.f.DefaultMavenResourcesFiltering - Copying 0 resource from src/main/resources to target/classes
2025-09-29 18:35:25,119 [Worker-18: Building] INFO  o.a.m.s.f.DefaultMavenResourcesFiltering - Copying 0 resource from src/test/resources to target/test-classes
2025-09-29 18:35:29,709 [Worker-41: Building] INFO  o.a.m.s.f.DefaultMavenResourcesFiltering - Copying 0 resource from src/main/resources to target/classes
2025-09-29 18:35:29,713 [Worker-41: Building] INFO  o.a.m.s.f.DefaultMavenResourcesFiltering - Copying 1 resource from src/test/resources to target/test-classes
2025-09-29 18:37:09,129 [Worker-9: Building] INFO  o.a.m.s.f.DefaultMavenResourcesFiltering - Copying 0 resource from src/main/resources to target/classes
2025-09-29 18:37:09,153 [Worker-9: Building] INFO  o.a.m.s.f.DefaultMavenResourcesFiltering - Copying 0 resource from src/test/resources to target/test-classes
2025-09-29 18:38:07,572 [Worker-35: Building] INFO  o.a.m.s.f.DefaultMavenResourcesFiltering - Copying 0 resource from src/main/resources to target/classes
2025-09-29 18:38:07,576 [Worker-35: Building] INFO  o.a.m.s.f.DefaultMavenResourcesFiltering - Copying 0 resource from src/test/resources to target/test-classes
2025-09-29 18:38:31,733 [Worker-6: Building] INFO  o.a.m.s.f.DefaultMavenResourcesFiltering - Copying 0 resource from src/main/resources to target/classes
2025-09-29 18:38:31,735 [Worker-6: Building] INFO  o.a.m.s.f.DefaultMavenResourcesFiltering - Copying 1 resource from src/test/resources to target/test-classes
2025-09-29 18:39:01,007 [Worker-9: Building] INFO  o.a.m.s.f.DefaultMavenResourcesFiltering - Copying 0 resource from src/main/resources to target/classes
2025-09-29 18:39:01,010 [Worker-9: Building] INFO  o.a.m.s.f.DefaultMavenResourcesFiltering - Copying 1 resource from src/test/resources to target/test-classes
2025-09-29 18:39:15,570 [Worker-9: Building] INFO  o.a.m.s.f.DefaultMavenResourcesFiltering - Copying 0 resource from src/main/resources to target/classes
2025-09-29 18:39:15,572 [Worker-9: Building] INFO  o.a.m.s.f.DefaultMavenResourcesFiltering - Copying 1 resource from src/test/resources to target/test-classes
2025-09-29 18:39:21,290 [Worker-40: Building] INFO  o.a.m.s.f.DefaultMavenResourcesFiltering - Copying 0 resource from src/main/resources to target/classes
2025-09-29 18:39:21,292 [Worker-40: Building] INFO  o.a.m.s.f.DefaultMavenResourcesFiltering - Copying 1 resource from src/test/resources to target/test-classes
2025-09-29 18:39:22,796 [Worker-6: Building] INFO  o.a.m.s.f.DefaultMavenResourcesFiltering - Copying 0 resource from src/main/resources to target/classes
2025-09-29 18:39:22,818 [Worker-6: Building] INFO  o.a.m.s.f.DefaultMavenResourcesFiltering - Copying 1 resource from src/test/resources to target/test-classes
2025-09-29 18:40:10,007 [Worker-6: Building] INFO  o.a.m.s.f.DefaultMavenResourcesFiltering - Copying 0 resource from src/main/resources to target/classes
2025-09-29 18:40:10,009 [Worker-6: Building] INFO  o.a.m.s.f.DefaultMavenResourcesFiltering - Copying 0 resource from src/test/resources to target/test-classes
2025-09-29 18:40:32,566 [Worker-25: Building] INFO  o.a.m.s.f.DefaultMavenResourcesFiltering - Copying 0 resource from src/main/resources to target/classes
2025-09-29 18:40:32,572 [Worker-25: Building] INFO  o.a.m.s.f.DefaultMavenResourcesFiltering - Copying 0 resource from src/test/resources to target/test-classes
2025-09-29 18:40:44,156 [Worker-43: Building] INFO  o.a.m.s.f.DefaultMavenResourcesFiltering - Copying 0 resource from src/main/resources to target/classes
2025-09-29 18:40:44,174 [Worker-43: Building] INFO  o.a.m.s.f.DefaultMavenResourcesFiltering - Copying 0 resource from src/test/resources to target/test-classes
2025-09-29 18:40:45,333 [Worker-40: Building] INFO  o.a.m.s.f.DefaultMavenResourcesFiltering - Copying 0 resource from src/main/resources to target/classes
2025-09-29 18:40:45,337 [Worker-40: Building] INFO  o.a.m.s.f.DefaultMavenResourcesFiltering - Copying 0 resource from src/test/resources to target/test-classes
2025-09-29 18:41:01,694 [Worker-18: Building] INFO  o.a.m.s.f.DefaultMavenResourcesFiltering - Copying 0 resource from src/main/resources to target/classes
2025-09-29 18:41:01,696 [Worker-18: Building] INFO  o.a.m.s.f.DefaultMavenResourcesFiltering - Copying 0 resource from src/test/resources to target/test-classes
2025-09-29 18:41:19,031 [Worker-40: Building] INFO  o.a.m.s.f.DefaultMavenResourcesFiltering - Copying 0 resource from src/main/resources to target/classes
2025-09-29 18:41:19,033 [Worker-40: Building] INFO  o.a.m.s.f.DefaultMavenResourcesFiltering - Copying 0 resource from src/test/resources to target/test-classes
2025-09-29 18:41:28,517 [Worker-3: Building] INFO  o.a.m.s.f.DefaultMavenResourcesFiltering - Copying 0 resource from src/main/resources to target/classes
2025-09-29 18:41:28,527 [Worker-3: Building] INFO  o.a.m.s.f.DefaultMavenResourcesFiltering - Copying 0 resource from src/test/resources to target/test-classes
2025-09-29 18:42:38,855 [Worker-18: Building] INFO  o.a.m.s.f.DefaultMavenResourcesFiltering - Copying 0 resource from src/main/resources to target/classes
2025-09-29 18:42:38,858 [Worker-18: Building] INFO  o.a.m.s.f.DefaultMavenResourcesFiltering - Copying 0 resource from src/test/resources to target/test-classes
2025-09-29 18:44:47,365 [Worker-40: Building] INFO  o.a.m.s.f.DefaultMavenResourcesFiltering - Copying 0 resource from src/main/resources to target/classes
2025-09-29 18:44:47,372 [Worker-40: Building] INFO  o.a.m.s.f.DefaultMavenResourcesFiltering - Copying 0 resource from src/test/resources to target/test-classes
2025-09-29 18:45:33,942 [Worker-18: Building] INFO  o.a.m.s.f.DefaultMavenResourcesFiltering - Copying 0 resource from src/main/resources to target/classes
2025-09-29 18:45:33,952 [Worker-18: Building] INFO  o.a.m.s.f.DefaultMavenResourcesFiltering - Copying 0 resource from src/test/resources to target/test-classes
2025-09-29 18:48:32,393 [Worker-35: Building] INFO  o.a.m.s.f.DefaultMavenResourcesFiltering - Copying 0 resource from src/main/resources to target/classes
2025-09-29 18:48:32,396 [Worker-35: Building] INFO  o.a.m.s.f.DefaultMavenResourcesFiltering - Copying 0 resource from src/test/resources to target/test-classes
2025-09-29 18:48:42,499 [Worker-45: Building] INFO  o.a.m.s.f.DefaultMavenResourcesFiltering - Copying 0 resource from src/main/resources to target/classes
2025-09-29 18:48:42,500 [Worker-45: Building] INFO  o.a.m.s.f.DefaultMavenResourcesFiltering - Copying 0 resource from src/test/resources to target/test-classes
2025-09-29 18:49:05,724 [Worker-44: Building] INFO  o.a.m.s.f.DefaultMavenResourcesFiltering - Copying 0 resource from src/main/resources to target/classes
2025-09-29 18:49:05,734 [Worker-44: Building] INFO  o.a.m.s.f.DefaultMavenResourcesFiltering - Copying 0 resource from src/test/resources to target/test-classes
2025-09-29 18:50:16,087 [Worker-40: Building] INFO  o.a.m.s.f.DefaultMavenResourcesFiltering - Copying 0 resource from src/main/resources to target/classes
2025-09-29 18:50:16,090 [Worker-40: Building] INFO  o.a.m.s.f.DefaultMavenResourcesFiltering - Copying 0 resource from src/test/resources to target/test-classes
2025-09-29 18:50:47,922 [Worker-35: Building] INFO  o.a.m.s.f.DefaultMavenResourcesFiltering - Copying 0 resource from src/main/resources to target/classes
2025-09-29 18:50:47,924 [Worker-35: Building] INFO  o.a.m.s.f.DefaultMavenResourcesFiltering - Copying 0 resource from src/test/resources to target/test-classes
2025-09-29 18:50:55,239 [Worker-35: Building] INFO  o.a.m.s.f.DefaultMavenResourcesFiltering - Copying 0 resource from src/main/resources to target/classes
2025-09-29 18:50:55,269 [Worker-35: Building] INFO  o.a.m.s.f.DefaultMavenResourcesFiltering - Copying 0 resource from src/test/resources to target/test-classes
2025-09-29 18:52:04,462 [Worker-40: Building] INFO  o.a.m.s.f.DefaultMavenResourcesFiltering - Copying 0 resource from src/main/resources to target/classes
2025-09-29 18:52:04,466 [Worker-40: Building] INFO  o.a.m.s.f.DefaultMavenResourcesFiltering - Copying 0 resource from src/test/resources to target/test-classes
2025-09-29 18:52:26,275 [Worker-44: Building] INFO  o.a.m.s.f.DefaultMavenResourcesFiltering - Copying 0 resource from src/main/resources to target/classes
2025-09-29 18:52:26,277 [Worker-44: Building] INFO  o.a.m.s.f.DefaultMavenResourcesFiltering - Copying 0 resource from src/test/resources to target/test-classes
2025-09-29 18:52:28,592 [Worker-40: Building] INFO  o.a.m.s.f.DefaultMavenResourcesFiltering - Copying 0 resource from src/main/resources to target/classes
2025-09-29 18:52:28,594 [Worker-40: Building] INFO  o.a.m.s.f.DefaultMavenResourcesFiltering - Copying 0 resource from src/test/resources to target/test-classes
2025-09-29 18:53:21,015 [Worker-40: Building] INFO  o.a.m.s.f.DefaultMavenResourcesFiltering - Copying 0 resource from src/main/resources to target/classes
2025-09-29 18:53:21,017 [Worker-40: Building] INFO  o.a.m.s.f.DefaultMavenResourcesFiltering - Copying 0 resource from src/test/resources to target/test-classes
2025-09-29 18:53:49,743 [Worker-44: Building] INFO  o.a.m.s.f.DefaultMavenResourcesFiltering - Copying 0 resource from src/main/resources to target/classes
2025-09-29 18:53:49,755 [Worker-44: Building] INFO  o.a.m.s.f.DefaultMavenResourcesFiltering - Copying 0 resource from src/test/resources to target/test-classes
2025-09-29 18:54:26,257 [Worker-6: Building] INFO  o.a.m.s.f.DefaultMavenResourcesFiltering - Copying 0 resource from src/main/resources to target/classes
2025-09-29 18:54:26,259 [Worker-6: Building] INFO  o.a.m.s.f.DefaultMavenResourcesFiltering - Copying 0 resource from src/test/resources to target/test-classes
2025-09-29 18:56:37,595 [Worker-46: Building] INFO  o.a.m.s.f.DefaultMavenResourcesFiltering - Copying 0 resource from src/main/resources to target/classes
2025-09-29 18:56:37,597 [Worker-46: Building] INFO  o.a.m.s.f.DefaultMavenResourcesFiltering - Copying 0 resource from src/test/resources to target/test-classes
2025-09-29 18:56:44,156 [Worker-44: Building] INFO  o.a.m.s.f.DefaultMavenResourcesFiltering - Copying 0 resource from src/main/resources to target/classes
2025-09-29 18:56:44,186 [Worker-44: Building] INFO  o.a.m.s.f.DefaultMavenResourcesFiltering - Copying 0 resource from src/test/resources to target/test-classes
2025-09-29 18:58:39,877 [Worker-44: Building] INFO  o.a.m.s.f.DefaultMavenResourcesFiltering - Copying 0 resource from src/main/resources to target/classes
2025-09-29 18:58:39,882 [Worker-44: Building] INFO  o.a.m.s.f.DefaultMavenResourcesFiltering - Copying 1 resource from src/test/resources to target/test-classes
2025-09-29 18:59:13,605 [Worker-35: Building] INFO  o.a.m.s.f.DefaultMavenResourcesFiltering - Copying 0 resource from src/main/resources to target/classes
2025-09-29 18:59:13,611 [Worker-35: Building] INFO  o.a.m.s.f.DefaultMavenResourcesFiltering - Copying 1 resource from src/test/resources to target/test-classes
2025-09-29 19:00:11,952 [Worker-35: Building] INFO  o.a.m.s.f.DefaultMavenResourcesFiltering - Copying 0 resource from src/main/resources to target/classes
2025-09-29 19:00:11,956 [Worker-35: Building] INFO  o.a.m.s.f.DefaultMavenResourcesFiltering - Copying 0 resource from src/test/resources to target/test-classes
2025-09-29 19:00:30,445 [Worker-44: Building] INFO  o.a.m.s.f.DefaultMavenResourcesFiltering - Copying 0 resource from src/main/resources to target/classes
2025-09-29 19:00:30,458 [Worker-44: Building] INFO  o.a.m.s.f.DefaultMavenResourcesFiltering - Copying 0 resource from src/test/resources to target/test-classes
2025-09-29 19:00:46,306 [Worker-45: Building] INFO  o.a.m.s.f.DefaultMavenResourcesFiltering - Copying 0 resource from src/main/resources to target/classes
2025-09-29 19:00:46,307 [Worker-45: Building] INFO  o.a.m.s.f.DefaultMavenResourcesFiltering - Copying 0 resource from src/test/resources to target/test-classes
2025-09-29 19:01:31,611 [Worker-47: Building] INFO  o.a.m.s.f.DefaultMavenResourcesFiltering - Copying 0 resource from src/main/resources to target/classes
2025-09-29 19:01:31,613 [Worker-47: Building] INFO  o.a.m.s.f.DefaultMavenResourcesFiltering - Copying 0 resource from src/test/resources to target/test-classes
2025-09-29 19:01:34,475 [Worker-47: Building] INFO  o.a.m.s.f.DefaultMavenResourcesFiltering - Copying 0 resource from src/main/resources to target/classes
2025-09-29 19:01:34,476 [Worker-47: Building] INFO  o.a.m.s.f.DefaultMavenResourcesFiltering - Copying 0 resource from src/test/resources to target/test-classes
2025-09-29 19:02:32,890 [Worker-44: Building] INFO  o.a.m.s.f.DefaultMavenResourcesFiltering - Copying 0 resource from src/main/resources to target/classes
2025-09-29 19:02:32,892 [Worker-44: Building] INFO  o.a.m.s.f.DefaultMavenResourcesFiltering - Copying 0 resource from src/test/resources to target/test-classes
2025-09-29 19:02:43,720 [Worker-47: Building] INFO  o.a.m.s.f.DefaultMavenResourcesFiltering - Copying 0 resource from src/main/resources to target/classes
2025-09-29 19:02:43,733 [Worker-47: Building] INFO  o.a.m.s.f.DefaultMavenResourcesFiltering - Copying 0 resource from src/test/resources to target/test-classes
2025-09-29 19:02:58,356 [Worker-44: Building] INFO  o.a.m.s.f.DefaultMavenResourcesFiltering - Copying 0 resource from src/main/resources to target/classes
2025-09-29 19:02:58,358 [Worker-44: Building] INFO  o.a.m.s.f.DefaultMavenResourcesFiltering - Copying 0 resource from src/test/resources to target/test-classes
2025-09-29 19:03:03,685 [Worker-44: Building] INFO  o.a.m.s.f.DefaultMavenResourcesFiltering - Copying 0 resource from src/main/resources to target/classes
2025-09-29 19:03:03,687 [Worker-44: Building] INFO  o.a.m.s.f.DefaultMavenResourcesFiltering - Copying 0 resource from src/test/resources to target/test-classes
2025-09-29 19:03:19,873 [Worker-47: Building] INFO  o.a.m.s.f.DefaultMavenResourcesFiltering - Copying 0 resource from src/main/resources to target/classes
2025-09-29 19:03:19,875 [Worker-47: Building] INFO  o.a.m.s.f.DefaultMavenResourcesFiltering - Copying 2 resources from src/test/resources to target/test-classes
2025-09-29 19:03:49,634 [Worker-44: Building] INFO  o.a.m.s.f.DefaultMavenResourcesFiltering - Copying 0 resource from src/main/resources to target/classes
2025-09-29 19:03:49,636 [Worker-44: Building] INFO  o.a.m.s.f.DefaultMavenResourcesFiltering - Copying 2 resources from src/test/resources to target/test-classes
2025-09-29 19:03:53,621 [Worker-47: Building] INFO  o.a.m.s.f.DefaultMavenResourcesFiltering - Copying 0 resource from src/main/resources to target/classes
2025-09-29 19:03:53,634 [Worker-47: Building] INFO  o.a.m.s.f.DefaultMavenResourcesFiltering - Copying 2 resources from src/test/resources to target/test-classes
2025-09-29 19:04:05,502 [Worker-35: Building] INFO  o.a.m.s.f.DefaultMavenResourcesFiltering - Copying 0 resource from src/main/resources to target/classes
2025-09-29 19:04:05,505 [Worker-35: Building] INFO  o.a.m.s.f.DefaultMavenResourcesFiltering - Copying 1 resource from src/test/resources to target/test-classes
2025-09-29 19:04:30,843 [Worker-44: Building] INFO  o.a.m.s.f.DefaultMavenResourcesFiltering - Copying 0 resource from src/main/resources to target/classes
2025-09-29 19:04:30,844 [Worker-44: Building] INFO  o.a.m.s.f.DefaultMavenResourcesFiltering - Copying 2 resources from src/test/resources to target/test-classes
2025-09-29 19:06:36,602 [Worker-47: Building] INFO  o.a.m.s.f.DefaultMavenResourcesFiltering - Copying 0 resource from src/main/resources to target/classes
2025-09-29 19:06:36,604 [Worker-47: Building] INFO  o.a.m.s.f.DefaultMavenResourcesFiltering - Copying 2 resources from src/test/resources to target/test-classes
2025-09-29 19:09:58,401 [Worker-50: Building] INFO  o.a.m.s.f.DefaultMavenResourcesFiltering - Copying 0 resource from src/main/resources to target/classes
2025-09-29 19:09:58,415 [Worker-50: Building] INFO  o.a.m.s.f.DefaultMavenResourcesFiltering - Copying 0 resource from src/test/resources to target/test-classes
2025-09-29 19:10:17,266 [Worker-48: Building] INFO  o.a.m.s.f.DefaultMavenResourcesFiltering - Copying 0 resource from src/main/resources to target/classes
2025-09-29 19:10:17,268 [Worker-48: Building] INFO  o.a.m.s.f.DefaultMavenResourcesFiltering - Copying 0 resource from src/test/resources to target/test-classes
2025-09-29 19:10:41,924 [Worker-50: Building] INFO  o.a.m.s.f.DefaultMavenResourcesFiltering - Copying 0 resource from src/main/resources to target/classes
2025-09-29 19:10:41,926 [Worker-50: Building] INFO  o.a.m.s.f.DefaultMavenResourcesFiltering - Copying 0 resource from src/test/resources to target/test-classes
2025-09-29 19:10:54,270 [Worker-50: Building] INFO  o.a.m.s.f.DefaultMavenResourcesFiltering - Copying 0 resource from src/main/resources to target/classes
2025-09-29 19:10:54,272 [Worker-50: Building] INFO  o.a.m.s.f.DefaultMavenResourcesFiltering - Copying 1 resource from src/test/resources to target/test-classes
2025-09-29 19:11:02,580 [Worker-44: Building] INFO  o.a.m.s.f.DefaultMavenResourcesFiltering - Copying 0 resource from src/main/resources to target/classes
2025-09-29 19:11:02,582 [Worker-44: Building] INFO  o.a.m.s.f.DefaultMavenResourcesFiltering - Copying 1 resource from src/test/resources to target/test-classes
2025-09-29 19:11:13,001 [Worker-44: Building] INFO  o.a.m.s.f.DefaultMavenResourcesFiltering - Copying 0 resource from src/main/resources to target/classes
2025-09-29 19:11:13,002 [Worker-44: Building] INFO  o.a.m.s.f.DefaultMavenResourcesFiltering - Copying 1 resource from src/test/resources to target/test-classes
2025-09-29 19:11:50,920 [Worker-48: Building] INFO  o.a.m.s.f.DefaultMavenResourcesFiltering - Copying 0 resource from src/main/resources to target/classes
2025-09-29 19:11:50,935 [Worker-48: Building] INFO  o.a.m.s.f.DefaultMavenResourcesFiltering - Copying 0 resource from src/test/resources to target/test-classes
2025-09-29 19:13:07,364 [Worker-48: Building] INFO  o.a.m.s.f.DefaultMavenResourcesFiltering - Copying 0 resource from src/main/resources to target/classes
2025-09-29 19:13:07,368 [Worker-48: Building] INFO  o.a.m.s.f.DefaultMavenResourcesFiltering - Copying 0 resource from src/test/resources to target/test-classes
2025-09-29 19:14:32,917 [Worker-51: Building] INFO  o.a.m.s.f.DefaultMavenResourcesFiltering - Copying 0 resource from src/main/resources to target/classes
2025-09-29 19:14:32,919 [Worker-51: Building] INFO  o.a.m.s.f.DefaultMavenResourcesFiltering - Copying 0 resource from src/test/resources to target/test-classes
2025-09-29 19:15:02,071 [Worker-48: Building] INFO  o.a.m.s.f.DefaultMavenResourcesFiltering - Copying 0 resource from src/main/resources to target/classes
2025-09-29 19:15:02,072 [Worker-48: Building] INFO  o.a.m.s.f.DefaultMavenResourcesFiltering - Copying 0 resource from src/test/resources to target/test-classes
2025-09-29 19:15:26,164 [Worker-50: Building] INFO  o.a.m.s.f.DefaultMavenResourcesFiltering - Copying 0 resource from src/main/resources to target/classes
2025-09-29 19:15:26,210 [Worker-50: Building] INFO  o.a.m.s.f.DefaultMavenResourcesFiltering - Copying 0 resource from src/test/resources to target/test-classes
2025-09-29 19:16:32,831 [Worker-54: Building] INFO  o.a.m.s.f.DefaultMavenResourcesFiltering - Copying 0 resource from src/main/resources to target/classes
2025-09-29 19:16:32,834 [Worker-54: Building] INFO  o.a.m.s.f.DefaultMavenResourcesFiltering - Copying 0 resource from src/test/resources to target/test-classes
2025-09-29 19:17:07,366 [Worker-48: Building] INFO  o.a.m.s.f.DefaultMavenResourcesFiltering - Copying 0 resource from src/main/resources to target/classes
2025-09-29 19:17:07,369 [Worker-48: Building] INFO  o.a.m.s.f.DefaultMavenResourcesFiltering - Copying 0 resource from src/test/resources to target/test-classes
2025-09-29 19:20:11,180 [Worker-52: Building] INFO  o.a.m.s.f.DefaultMavenResourcesFiltering - Copying 0 resource from src/main/resources to target/classes
2025-09-29 19:20:11,181 [Worker-52: Building] INFO  o.a.m.s.f.DefaultMavenResourcesFiltering - Copying 0 resource from src/test/resources to target/test-classes
2025-09-29 19:20:43,051 [Worker-52: Building] INFO  o.a.m.s.f.DefaultMavenResourcesFiltering - Copying 0 resource from src/main/resources to target/classes
2025-09-29 19:20:43,066 [Worker-52: Building] INFO  o.a.m.s.f.DefaultMavenResourcesFiltering - Copying 0 resource from src/test/resources to target/test-classes
2025-09-29 19:24:29,888 [Worker-61: Building] INFO  o.a.m.s.f.DefaultMavenResourcesFiltering - Copying 0 resource from src/main/resources to target/classes
2025-09-29 19:24:29,892 [Worker-61: Building] INFO  o.a.m.s.f.DefaultMavenResourcesFiltering - Copying 2 resources from src/test/resources to target/test-classes
2025-09-29 19:24:52,501 [Worker-62: Building] INFO  o.a.m.s.f.DefaultMavenResourcesFiltering - Copying 0 resource from src/main/resources to target/classes
2025-09-29 19:24:52,502 [Worker-62: Building] INFO  o.a.m.s.f.DefaultMavenResourcesFiltering - Copying 2 resources from src/test/resources to target/test-classes
2025-09-29 19:25:08,516 [Worker-62: Building] INFO  o.a.m.s.f.DefaultMavenResourcesFiltering - Copying 0 resource from src/main/resources to target/classes
2025-09-29 19:25:08,518 [Worker-62: Building] INFO  o.a.m.s.f.DefaultMavenResourcesFiltering - Copying 2 resources from src/test/resources to target/test-classes
2025-09-29 19:25:37,484 [Worker-62: Building] INFO  o.a.m.s.f.DefaultMavenResourcesFiltering - Copying 0 resource from src/main/resources to target/classes
2025-09-29 19:25:37,514 [Worker-62: Building] INFO  o.a.m.s.f.DefaultMavenResourcesFiltering - Copying 0 resource from src/test/resources to target/test-classes
2025-09-29 19:25:46,164 [Worker-62: Building] INFO  o.a.m.s.f.DefaultMavenResourcesFiltering - Copying 0 resource from src/main/resources to target/classes
2025-09-29 19:25:46,166 [Worker-62: Building] INFO  o.a.m.s.f.DefaultMavenResourcesFiltering - Copying 0 resource from src/test/resources to target/test-classes
2025-09-29 19:28:29,329 [Worker-63: Building] INFO  o.a.m.s.f.DefaultMavenResourcesFiltering - Copying 0 resource from src/main/resources to target/classes
2025-09-29 19:28:29,332 [Worker-63: Building] INFO  o.a.m.s.f.DefaultMavenResourcesFiltering - Copying 0 resource from src/test/resources to target/test-classes
2025-09-29 19:28:39,923 [Worker-64: Building] INFO  o.a.m.s.f.DefaultMavenResourcesFiltering - Copying 0 resource from src/main/resources to target/classes
2025-09-29 19:28:39,946 [Worker-64: Building] INFO  o.a.m.s.f.DefaultMavenResourcesFiltering - Copying 0 resource from src/test/resources to target/test-classes
2025-09-29 19:28:45,322 [Worker-58: Building] INFO  o.a.m.s.f.DefaultMavenResourcesFiltering - Copying 0 resource from src/main/resources to target/classes
2025-09-29 19:28:45,329 [Worker-58: Building] INFO  o.a.m.s.f.DefaultMavenResourcesFiltering - Copying 0 resource from src/test/resources to target/test-classes
2025-09-29 19:29:30,391 [Worker-57: Building] INFO  o.a.m.s.f.DefaultMavenResourcesFiltering - Copying 0 resource from src/main/resources to target/classes
2025-09-29 19:29:30,394 [Worker-57: Building] INFO  o.a.m.s.f.DefaultMavenResourcesFiltering - Copying 0 resource from src/test/resources to target/test-classes
2025-09-29 19:29:35,539 [Worker-64: Building] INFO  o.a.m.s.f.DefaultMavenResourcesFiltering - Copying 0 resource from src/main/resources to target/classes
2025-09-29 19:29:35,553 [Worker-64: Building] INFO  o.a.m.s.f.DefaultMavenResourcesFiltering - Copying 0 resource from src/test/resources to target/test-classes
2025-09-29 19:30:02,269 [Worker-62: Building] INFO  o.a.m.s.f.DefaultMavenResourcesFiltering - Copying 0 resource from src/main/resources to target/classes
2025-09-29 19:30:02,271 [Worker-62: Building] INFO  o.a.m.s.f.DefaultMavenResourcesFiltering - Copying 0 resource from src/test/resources to target/test-classes
2025-09-29 19:30:33,952 [Worker-63: Building] INFO  o.a.m.s.f.DefaultMavenResourcesFiltering - Copying 0 resource from src/main/resources to target/classes
2025-09-29 19:30:33,953 [Worker-63: Building] INFO  o.a.m.s.f.DefaultMavenResourcesFiltering - Copying 0 resource from src/test/resources to target/test-classes
2025-09-29 19:30:45,005 [Worker-66: Building] INFO  o.a.m.s.f.DefaultMavenResourcesFiltering - Copying 0 resource from src/main/resources to target/classes
2025-09-29 19:30:45,007 [Worker-66: Building] INFO  o.a.m.s.f.DefaultMavenResourcesFiltering - Copying 2 resources from src/test/resources to target/test-classes
2025-09-29 19:31:55,267 [Worker-65: Building] INFO  o.a.m.s.f.DefaultMavenResourcesFiltering - Copying 0 resource from src/main/resources to target/classes
2025-09-29 19:31:55,282 [Worker-65: Building] INFO  o.a.m.s.f.DefaultMavenResourcesFiltering - Copying 2 resources from src/test/resources to target/test-classes
2025-09-29 19:32:03,258 [Worker-66: Building] INFO  o.a.m.s.f.DefaultMavenResourcesFiltering - Copying 0 resource from src/main/resources to target/classes
2025-09-29 19:32:03,260 [Worker-66: Building] INFO  o.a.m.s.f.DefaultMavenResourcesFiltering - Copying 2 resources from src/test/resources to target/test-classes
2025-09-29 19:32:53,991 [Worker-63: Building] INFO  o.a.m.s.f.DefaultMavenResourcesFiltering - Copying 0 resource from src/main/resources to target/classes
2025-09-29 19:32:53,992 [Worker-63: Building] INFO  o.a.m.s.f.DefaultMavenResourcesFiltering - Copying 2 resources from src/test/resources to target/test-classes
2025-09-29 19:32:55,819 [Worker-63: Building] INFO  o.a.m.s.f.DefaultMavenResourcesFiltering - Copying 0 resource from src/main/resources to target/classes
2025-09-29 19:32:55,821 [Worker-63: Building] INFO  o.a.m.s.f.DefaultMavenResourcesFiltering - Copying 2 resources from src/test/resources to target/test-classes
2025-09-29 19:33:10,782 [Worker-58: Building] INFO  o.a.m.s.f.DefaultMavenResourcesFiltering - Copying 0 resource from src/main/resources to target/classes
2025-09-29 19:33:10,783 [Worker-58: Building] INFO  o.a.m.s.f.DefaultMavenResourcesFiltering - Copying 2 resources from src/test/resources to target/test-classes
2025-09-29 19:33:17,324 [Worker-57: Building] INFO  o.a.m.s.f.DefaultMavenResourcesFiltering - Copying 0 resource from src/main/resources to target/classes
2025-09-29 19:33:17,326 [Worker-57: Building] INFO  o.a.m.s.f.DefaultMavenResourcesFiltering - Copying 2 resources from src/test/resources to target/test-classes
2025-09-29 19:33:46,557 [Worker-58: Building] INFO  o.a.m.s.f.DefaultMavenResourcesFiltering - Copying 0 resource from src/main/resources to target/classes
2025-09-29 19:33:46,571 [Worker-58: Building] INFO  o.a.m.s.f.DefaultMavenResourcesFiltering - Copying 2 resources from src/test/resources to target/test-classes
2025-09-29 19:34:26,181 [Worker-57: Building] INFO  o.a.m.s.f.DefaultMavenResourcesFiltering - Copying 0 resource from src/main/resources to target/classes
2025-09-29 19:34:26,185 [Worker-57: Building] INFO  o.a.m.s.f.DefaultMavenResourcesFiltering - Copying 2 resources from src/test/resources to target/test-classes
2025-09-29 19:34:37,488 [Worker-62: Launching loginPage.feature] INFO  o.a.m.s.f.DefaultMavenResourcesFiltering - Copying 0 resource from src/main/resources to target/classes
2025-09-29 19:34:37,489 [Worker-62: Launching loginPage.feature] INFO  o.a.m.s.f.DefaultMavenResourcesFiltering - Copying 2 resources from src/test/resources to target/test-classes
2025-09-29 19:35:21,768 [Worker-58: Building] INFO  o.a.m.s.f.DefaultMavenResourcesFiltering - Copying 0 resource from src/main/resources to target/classes
2025-09-29 19:35:21,772 [Worker-58: Building] INFO  o.a.m.s.f.DefaultMavenResourcesFiltering - Copying 0 resource from src/test/resources to target/test-classes
2025-09-29 19:36:54,614 [Worker-57: Building] INFO  o.a.m.s.f.DefaultMavenResourcesFiltering - Copying 0 resource from src/main/resources to target/classes
2025-09-29 19:36:54,634 [Worker-57: Building] INFO  o.a.m.s.f.DefaultMavenResourcesFiltering - Copying 0 resource from src/test/resources to target/test-classes
2025-09-29 19:37:02,321 [Worker-62: Building] INFO  o.a.m.s.f.DefaultMavenResourcesFiltering - Copying 0 resource from src/main/resources to target/classes
2025-09-29 19:37:02,325 [Worker-62: Building] INFO  o.a.m.s.f.DefaultMavenResourcesFiltering - Copying 0 resource from src/test/resources to target/test-classes
2025-09-29 19:38:16,388 [Worker-66: Building] INFO  o.a.m.s.f.DefaultMavenResourcesFiltering - Copying 0 resource from src/main/resources to target/classes
2025-09-29 19:38:16,392 [Worker-66: Building] INFO  o.a.m.s.f.DefaultMavenResourcesFiltering - Copying 0 resource from src/test/resources to target/test-classes
2025-09-29 19:42:03,954 [Worker-67: Building] INFO  o.a.m.s.f.DefaultMavenResourcesFiltering - Copying 0 resource from src/main/resources to target/classes
2025-09-29 19:42:03,969 [Worker-67: Building] INFO  o.a.m.s.f.DefaultMavenResourcesFiltering - Copying 0 resource from src/test/resources to target/test-classes
2025-09-29 19:43:40,583 [Worker-67: Building] INFO  o.a.m.s.f.DefaultMavenResourcesFiltering - Copying 0 resource from src/main/resources to target/classes
2025-09-29 19:43:40,585 [Worker-67: Building] INFO  o.a.m.s.f.DefaultMavenResourcesFiltering - Copying 0 resource from src/test/resources to target/test-classes
2025-09-29 19:44:15,390 [Worker-67: Building] INFO  o.a.m.s.f.DefaultMavenResourcesFiltering - Copying 0 resource from src/main/resources to target/classes
2025-09-29 19:44:15,391 [Worker-67: Building] INFO  o.a.m.s.f.DefaultMavenResourcesFiltering - Copying 0 resource from src/test/resources to target/test-classes
2025-09-29 19:44:22,944 [Worker-68: Building] INFO  o.a.m.s.f.DefaultMavenResourcesFiltering - Copying 0 resource from src/main/resources to target/classes
2025-09-29 19:44:22,946 [Worker-68: Building] INFO  o.a.m.s.f.DefaultMavenResourcesFiltering - Copying 0 resource from src/test/resources to target/test-classes
2025-09-29 19:44:26,897 [Worker-68: Building] INFO  o.a.m.s.f.DefaultMavenResourcesFiltering - Copying 0 resource from src/main/resources to target/classes
2025-09-29 19:44:26,936 [Worker-68: Building] INFO  o.a.m.s.f.DefaultMavenResourcesFiltering - Copying 0 resource from src/test/resources to target/test-classes
2025-09-29 19:45:10,974 [Worker-65: Building] INFO  o.a.m.s.f.DefaultMavenResourcesFiltering - Copying 0 resource from src/main/resources to target/classes
2025-09-29 19:45:10,979 [Worker-65: Building] INFO  o.a.m.s.f.DefaultMavenResourcesFiltering - Copying 0 resource from src/test/resources to target/test-classes
2025-09-29 19:45:19,847 [Worker-68: Building] INFO  o.a.m.s.f.DefaultMavenResourcesFiltering - Copying 0 resource from src/main/resources to target/classes
2025-09-29 19:45:19,849 [Worker-68: Building] INFO  o.a.m.s.f.DefaultMavenResourcesFiltering - Copying 0 resource from src/test/resources to target/test-classes
2025-09-29 19:45:47,680 [Worker-65: Building] INFO  o.a.m.s.f.DefaultMavenResourcesFiltering - Copying 0 resource from src/main/resources to target/classes
2025-09-29 19:45:47,684 [Worker-65: Building] INFO  o.a.m.s.f.DefaultMavenResourcesFiltering - Copying 0 resource from src/test/resources to target/test-classes
2025-09-29 19:47:38,159 [Worker-67: Building] INFO  o.a.m.s.f.DefaultMavenResourcesFiltering - Copying 0 resource from src/main/resources to target/classes
2025-09-29 19:47:38,175 [Worker-67: Building] INFO  o.a.m.s.f.DefaultMavenResourcesFiltering - Copying 0 resource from src/test/resources to target/test-classes
2025-09-29 19:48:52,063 [Worker-66: Building] INFO  o.a.m.s.f.DefaultMavenResourcesFiltering - Copying 0 resource from src/main/resources to target/classes
2025-09-29 19:48:52,064 [Worker-66: Building] INFO  o.a.m.s.f.DefaultMavenResourcesFiltering - Copying 0 resource from src/test/resources to target/test-classes
2025-09-29 19:48:59,934 [Worker-68: Building] INFO  o.e.m.c.i.l.LifecycleMappingFactory - Using org.eclipse.m2e.jdt.JarLifecycleMapping lifecycle mapping for MavenProject: MyHybridFrameworkBDDPOM:MyHybridFrameworkBDDPOM:0.0.1-SNAPSHOT @ /Volumes/Renuka/Professional Stuff (Restricted)/Session_material/Session_WorkSpaces/Automation_SA2506029/SA250629_WebDriver/MyHybridFrameworkBDDPOM/pom.xml.
2025-09-29 19:49:00,535 [Worker-68: Building] INFO  o.e.m.c.i.p.WorkspaceClassifierResolverManager - Resolving P/mymavenproject: mymavenproject:mymavenproject:0.0.1-SNAPSHOT with classifier  to /mymavenproject/target/classes
2025-09-29 19:49:00,819 [Worker-68: Building] INFO  o.a.m.s.f.DefaultMavenResourcesFiltering - Copying 0 resource from src/main/resources to target/classes
2025-09-29 19:49:00,833 [Worker-68: Building] INFO  o.a.m.s.f.DefaultMavenResourcesFiltering - Copying 0 resource from src/test/resources to target/test-classes
2025-09-29 19:49:14,308 [Worker-67: Building] INFO  o.a.m.s.f.DefaultMavenResourcesFiltering - Copying 0 resource from src/main/resources to target/classes
2025-09-29 19:49:14,336 [Worker-67: Building] INFO  o.a.m.s.f.DefaultMavenResourcesFiltering - Copying 2 resources from src/test/resources to target/test-classes
2025-09-29 19:50:05,852 [Worker-67: Building] INFO  o.a.m.s.f.DefaultMavenResourcesFiltering - Copying 0 resource from src/main/resources to target/classes
2025-09-29 19:50:05,864 [Worker-67: Building] INFO  o.a.m.s.f.DefaultMavenResourcesFiltering - Copying 0 resource from src/test/resources to target/test-classes
2025-09-29 19:50:21,268 [Worker-69: Building] INFO  o.a.m.s.f.DefaultMavenResourcesFiltering - Copying 0 resource from src/main/resources to target/classes
2025-09-29 19:50:21,279 [Worker-69: Building] INFO  o.a.m.s.f.DefaultMavenResourcesFiltering - Copying 0 resource from src/test/resources to target/test-classes
2025-09-29 19:50:50,009 [Worker-71: Building] INFO  o.a.m.s.f.DefaultMavenResourcesFiltering - Copying 0 resource from src/main/resources to target/classes
2025-09-29 19:50:50,025 [Worker-71: Building] INFO  o.a.m.s.f.DefaultMavenResourcesFiltering - Copying 0 resource from src/test/resources to target/test-classes
2025-09-29 19:52:01,777 [Worker-66: Building] INFO  o.a.m.s.f.DefaultMavenResourcesFiltering - Copying 0 resource from src/main/resources to target/classes
2025-09-29 19:52:01,782 [Worker-66: Building] INFO  o.a.m.s.f.DefaultMavenResourcesFiltering - Copying 2 resources from src/test/resources to target/test-classes
2025-09-29 19:52:06,940 [Worker-70: Building] INFO  o.a.m.s.f.DefaultMavenResourcesFiltering - Copying 0 resource from src/main/resources to target/classes
2025-09-29 19:52:06,945 [Worker-70: Building] INFO  o.a.m.s.f.DefaultMavenResourcesFiltering - Copying 2 resources from src/test/resources to target/test-classes
2025-09-29 19:52:21,403 [Worker-66: Building] INFO  o.a.m.s.f.DefaultMavenResourcesFiltering - Copying 0 resource from src/main/resources to target/classes
2025-09-29 19:52:21,414 [Worker-66: Building] INFO  o.a.m.s.f.DefaultMavenResourcesFiltering - Copying 2 resources from src/test/resources to target/test-classes
2025-09-29 19:52:46,010 [Worker-66: Building] INFO  o.a.m.s.f.DefaultMavenResourcesFiltering - Copying 0 resource from src/main/resources to target/classes
2025-09-29 19:52:46,015 [Worker-66: Building] INFO  o.a.m.s.f.DefaultMavenResourcesFiltering - Copying 2 resources from src/test/resources to target/test-classes
2025-09-29 20:17:46,736 [Worker-7: Loading available Gradle versions] INFO  o.e.b.c.i.u.g.PublishedGradleVersions - Gradle version information cache is up-to-date. Trying to read.
2025-09-29 21:14:34,186 [Worker-57: Creating project "myHybridFrameworkPOMBDD"] INFO  o.e.m.c.i.l.LifecycleMappingFactory - Using org.eclipse.m2e.jdt.JarLifecycleMapping lifecycle mapping for MavenProject: myHybridFrameworkPOMBDD:myHybridFrameworkPOMBDD:0.0.1-SNAPSHOT @ /Volumes/Renuka/Professional Stuff (Restricted)/Session_material/Session_WorkSpaces/Automation_SA2506029/SA250629_WebDriver/myHybridFrameworkPOMBDD/pom.xml.
2025-09-29 21:14:34,755 [Worker-57: Creating project "myHybridFrameworkPOMBDD"] INFO  o.e.m.j.i.AbstractJavaProjectConfigurator - Adding source folder /myHybridFrameworkPOMBDD/src/main/java
2025-09-29 21:14:34,757 [Worker-57: Creating project "myHybridFrameworkPOMBDD"] INFO  o.e.m.j.i.AbstractJavaProjectConfigurator - Adding resource folder /myHybridFrameworkPOMBDD/src/main/resources
2025-09-29 21:14:34,758 [Worker-57: Creating project "myHybridFrameworkPOMBDD"] INFO  o.e.m.j.i.AbstractJavaProjectConfigurator - Adding source folder /myHybridFrameworkPOMBDD/src/test/java
2025-09-29 21:14:34,758 [Worker-57: Creating project "myHybridFrameworkPOMBDD"] INFO  o.e.m.j.i.AbstractJavaProjectConfigurator - Adding resource folder /myHybridFrameworkPOMBDD/src/test/resources
2025-09-29 21:14:35,191 [Worker-57: Building] WARN  o.a.m.s.f.DefaultMavenResourcesFiltering - Using platform encoding (UTF-8 actually) to copy filtered resources, i.e. build is platform dependent!
2025-09-29 21:14:35,195 [Worker-57: Building] INFO  o.a.m.s.f.DefaultMavenResourcesFiltering - Copying 0 resource from src/main/resources to target/classes
2025-09-29 21:14:35,204 [Worker-57: Building] WARN  o.a.m.s.f.DefaultMavenResourcesFiltering - Using platform encoding (UTF-8 actually) to copy filtered resources, i.e. build is platform dependent!
2025-09-29 21:14:35,204 [Worker-57: Building] INFO  o.a.m.s.f.DefaultMavenResourcesFiltering - Copying 0 resource from src/test/resources to target/test-classes
2025-09-29 21:14:48,236 [Worker-62: Building] INFO  o.e.m.c.i.l.LifecycleMappingFactory - Using org.eclipse.m2e.jdt.JarLifecycleMapping lifecycle mapping for MavenProject: myHybridFrameworkPOMBDD:myHybridFrameworkPOMBDD:0.0.1-SNAPSHOT @ /Volumes/Renuka/Professional Stuff (Restricted)/Session_material/Session_WorkSpaces/Automation_SA2506029/SA250629_WebDriver/myHybridFrameworkPOMBDD/pom.xml.
2025-09-29 21:14:48,421 [Worker-62: Building] WARN  o.a.m.s.f.DefaultMavenResourcesFiltering - Using platform encoding (UTF-8 actually) to copy filtered resources, i.e. build is platform dependent!
2025-09-29 21:14:48,422 [Worker-62: Building] INFO  o.a.m.s.f.DefaultMavenResourcesFiltering - Copying 0 resource from src/main/resources to target/classes
2025-09-29 21:14:48,431 [Worker-62: Building] WARN  o.a.m.s.f.DefaultMavenResourcesFiltering - Using platform encoding (UTF-8 actually) to copy filtered resources, i.e. build is platform dependent!
2025-09-29 21:14:48,432 [Worker-62: Building] INFO  o.a.m.s.f.DefaultMavenResourcesFiltering - Copying 0 resource from src/test/resources to target/test-classes
2025-09-29 21:15:12,274 [Worker-62: Building] INFO  o.e.m.c.i.l.LifecycleMappingFactory - Using org.eclipse.m2e.jdt.JarLifecycleMapping lifecycle mapping for MavenProject: myHybridFrameworkPOMBDD:myHybridFrameworkPOMBDD:0.0.1-SNAPSHOT @ /Volumes/Renuka/Professional Stuff (Restricted)/Session_material/Session_WorkSpaces/Automation_SA2506029/SA250629_WebDriver/myHybridFrameworkPOMBDD/pom.xml.
2025-09-29 21:15:12,656 [Worker-62: Building] INFO  o.e.m.c.i.p.WorkspaceClassifierResolverManager - Resolving P/mymavenproject: mymavenproject:mymavenproject:0.0.1-SNAPSHOT with classifier  to /mymavenproject/target/classes
2025-09-29 21:15:12,824 [Worker-62: Building] INFO  o.a.m.s.f.DefaultMavenResourcesFiltering - Copying 0 resource from src/main/resources to target/classes
2025-09-29 21:15:12,830 [Worker-62: Building] INFO  o.a.m.s.f.DefaultMavenResourcesFiltering - Copying 0 resource from src/test/resources to target/test-classes
2025-09-29 21:15:13,860 [Worker-63: Updating Maven Project] INFO  o.e.m.c.i.p.ProjectConfigurationManager - Update started
2025-09-29 21:15:14,574 [Worker-63: Updating Maven Project] INFO  o.e.m.c.i.l.LifecycleMappingFactory - Using org.eclipse.m2e.jdt.JarLifecycleMapping lifecycle mapping for MavenProject: myHybridFrameworkPOMBDD:myHybridFrameworkPOMBDD:0.0.1-SNAPSHOT @ /Volumes/Renuka/Professional Stuff (Restricted)/Session_material/Session_WorkSpaces/Automation_SA2506029/SA250629_WebDriver/myHybridFrameworkPOMBDD/pom.xml.
2025-09-29 21:15:14,812 [Worker-63: Updating Maven Project] INFO  o.e.m.c.i.p.WorkspaceClassifierResolverManager - Resolving P/mymavenproject: mymavenproject:mymavenproject:0.0.1-SNAPSHOT with classifier  to /mymavenproject/target/classes
2025-09-29 21:15:14,983 [Worker-63: Updating Maven Project] INFO  o.e.m.j.i.AbstractJavaProjectConfigurator - Adding source folder /myHybridFrameworkPOMBDD/src/main/java
2025-09-29 21:15:14,986 [Worker-63: Updating Maven Project] INFO  o.e.m.j.i.AbstractJavaProjectConfigurator - Adding resource folder /myHybridFrameworkPOMBDD/src/main/resources
2025-09-29 21:15:14,991 [Worker-63: Updating Maven Project] INFO  o.e.m.j.i.AbstractJavaProjectConfigurator - Adding source folder /myHybridFrameworkPOMBDD/src/test/java
2025-09-29 21:15:14,992 [Worker-63: Updating Maven Project] INFO  o.e.m.j.i.AbstractJavaProjectConfigurator - Adding resource folder /myHybridFrameworkPOMBDD/src/test/resources
2025-09-29 21:15:15,213 [Worker-63: Updating Maven Project] INFO  o.e.m.c.i.p.ProjectConfigurationManager - Update completed for 1 poms: local refresh takes 0.00 sec, refresh facades takes 1.00 sec, update config takes 0.00 sec 
2025-09-29 21:15:15,437 [Worker-60: Building] INFO  o.a.m.s.f.DefaultMavenResourcesFiltering - Copying 0 resource from src/main/resources to target/classes
2025-09-29 21:15:15,451 [Worker-60: Building] INFO  o.a.m.s.f.DefaultMavenResourcesFiltering - Copying 0 resource from src/test/resources to target/test-classes
2025-09-29 21:15:22,355 [Worker-62: Build project myHybridFrameworkPOMBDD] INFO  o.a.m.s.f.DefaultMavenResourcesFiltering - Copying 0 resource from src/main/resources to target/classes
2025-09-29 21:15:22,363 [Worker-62: Build project myHybridFrameworkPOMBDD] INFO  o.a.m.s.f.DefaultMavenResourcesFiltering - Copying 0 resource from src/test/resources to target/test-classes
2025-09-29 21:15:58,728 [Worker-61: Building] INFO  o.a.m.s.f.DefaultMavenResourcesFiltering - Copying 0 resource from src/main/resources to target/classes
2025-09-29 21:15:58,740 [Worker-61: Building] INFO  o.a.m.s.f.DefaultMavenResourcesFiltering - Copying 0 resource from src/test/resources to target/test-classes
2025-09-29 21:19:21,474 [Worker-66: Building] INFO  o.a.m.s.f.DefaultMavenResourcesFiltering - Copying 0 resource from src/main/resources to target/classes
2025-09-29 21:19:21,480 [Worker-66: Building] INFO  o.a.m.s.f.DefaultMavenResourcesFiltering - Copying 0 resource from src/test/resources to target/test-classes
2025-09-29 21:20:01,850 [Worker-63: Building] INFO  o.a.m.s.f.DefaultMavenResourcesFiltering - Copying 0 resource from src/main/resources to target/classes
2025-09-29 21:20:01,854 [Worker-63: Building] INFO  o.a.m.s.f.DefaultMavenResourcesFiltering - Copying 1 resource from src/test/resources to target/test-classes
2025-09-29 21:20:35,522 [Worker-7: Loading available Gradle versions] INFO  o.e.b.c.i.u.g.PublishedGradleVersions - Gradle version information cache is up-to-date. Trying to read.
2025-09-29 21:22:09,247 [Worker-0: Building] INFO  o.e.m.c.i.p.WorkspaceClassifierResolverManager - Resolving P/mymavenproject: mymavenproject:mymavenproject:0.0.1-SNAPSHOT with classifier  to /mymavenproject/target/classes
2025-09-29 21:22:09,626 [Worker-0: Building] INFO  o.a.m.s.f.DefaultMavenResourcesFiltering - Copying 0 resource from src/main/resources to target/classes
2025-09-29 21:22:09,633 [Worker-0: Building] INFO  o.a.m.s.f.DefaultMavenResourcesFiltering - Copying 1 resource from src/test/resources to target/test-classes
2025-09-29 21:23:43,178 [Worker-12: Building] INFO  o.a.m.s.f.DefaultMavenResourcesFiltering - Copying 0 resource from src/main/resources to target/classes
2025-09-29 21:23:43,189 [Worker-12: Building] INFO  o.a.m.s.f.DefaultMavenResourcesFiltering - Copying 1 resource from src/test/resources to target/test-classes
2025-09-29 21:23:54,794 [Worker-13: Building] INFO  o.a.m.s.f.DefaultMavenResourcesFiltering - Copying 0 resource from src/main/resources to target/classes
2025-09-29 21:23:54,801 [Worker-13: Building] INFO  o.a.m.s.f.DefaultMavenResourcesFiltering - Copying 1 resource from src/test/resources to target/test-classes
2025-09-29 21:24:27,099 [Worker-29: Building] INFO  o.a.m.s.f.DefaultMavenResourcesFiltering - Copying 0 resource from src/main/resources to target/classes
2025-09-29 21:24:27,106 [Worker-29: Building] INFO  o.a.m.s.f.DefaultMavenResourcesFiltering - Copying 1 resource from src/test/resources to target/test-classes
2025-09-29 21:24:53,906 [Worker-23: Building] INFO  o.a.m.s.f.DefaultMavenResourcesFiltering - Copying 0 resource from src/main/resources to target/classes
2025-09-29 21:24:53,911 [Worker-23: Building] INFO  o.a.m.s.f.DefaultMavenResourcesFiltering - Copying 1 resource from src/test/resources to target/test-classes
2025-09-29 21:24:58,460 [Worker-10: Building] INFO  o.a.m.s.f.DefaultMavenResourcesFiltering - Copying 0 resource from src/main/resources to target/classes
2025-09-29 21:24:58,469 [Worker-10: Building] INFO  o.a.m.s.f.DefaultMavenResourcesFiltering - Copying 1 resource from src/test/resources to target/test-classes
2025-09-29 21:25:22,417 [Worker-19: Building] INFO  o.a.m.s.f.DefaultMavenResourcesFiltering - Copying 0 resource from src/main/resources to target/classes
2025-09-29 21:25:22,425 [Worker-19: Building] INFO  o.a.m.s.f.DefaultMavenResourcesFiltering - Copying 1 resource from src/test/resources to target/test-classes
2025-09-29 21:27:11,066 [Worker-41: Building] INFO  o.a.m.s.f.DefaultMavenResourcesFiltering - Copying 0 resource from src/main/resources to target/classes
2025-09-29 21:27:11,076 [Worker-41: Building] INFO  o.a.m.s.f.DefaultMavenResourcesFiltering - Copying 0 resource from src/test/resources to target/test-classes
2025-09-29 21:32:32,324 [Worker-46: Building] INFO  o.a.m.s.f.DefaultMavenResourcesFiltering - Copying 0 resource from src/main/resources to target/classes
2025-09-29 21:32:32,337 [Worker-46: Building] INFO  o.a.m.s.f.DefaultMavenResourcesFiltering - Copying 0 resource from src/test/resources to target/test-classes
2025-09-29 21:33:50,802 [Worker-46: Building] INFO  o.a.m.s.f.DefaultMavenResourcesFiltering - Copying 0 resource from src/main/resources to target/classes
2025-09-29 21:33:50,804 [Worker-46: Building] INFO  o.a.m.s.f.DefaultMavenResourcesFiltering - Copying 0 resource from src/test/resources to target/test-classes
2025-09-29 21:34:00,004 [Worker-45: Building] INFO  o.a.m.s.f.DefaultMavenResourcesFiltering - Copying 0 resource from src/main/resources to target/classes
2025-09-29 21:34:00,014 [Worker-45: Building] INFO  o.a.m.s.f.DefaultMavenResourcesFiltering - Copying 0 resource from src/test/resources to target/test-classes
2025-09-29 21:34:27,520 [Worker-46: Building] INFO  o.a.m.s.f.DefaultMavenResourcesFiltering - Copying 0 resource from src/main/resources to target/classes
2025-09-29 21:34:27,522 [Worker-46: Building] INFO  o.a.m.s.f.DefaultMavenResourcesFiltering - Copying 0 resource from src/test/resources to target/test-classes
2025-09-29 21:35:06,545 [Worker-42: Building] INFO  o.a.m.s.f.DefaultMavenResourcesFiltering - Copying 0 resource from src/main/resources to target/classes
2025-09-29 21:35:06,552 [Worker-42: Building] INFO  o.a.m.s.f.DefaultMavenResourcesFiltering - Copying 0 resource from src/test/resources to target/test-classes
2025-09-29 21:35:24,272 [Worker-42: Building] INFO  o.a.m.s.f.DefaultMavenResourcesFiltering - Copying 0 resource from src/main/resources to target/classes
2025-09-29 21:35:24,274 [Worker-42: Building] INFO  o.a.m.s.f.DefaultMavenResourcesFiltering - Copying 0 resource from src/test/resources to target/test-classes
2025-09-29 21:36:21,489 [Worker-44: Building] INFO  o.a.m.s.f.DefaultMavenResourcesFiltering - Copying 0 resource from src/main/resources to target/classes
2025-09-29 21:36:21,492 [Worker-44: Building] INFO  o.a.m.s.f.DefaultMavenResourcesFiltering - Copying 1 resource from src/test/resources to target/test-classes
2025-09-29 21:37:43,431 [Worker-45: Building] INFO  o.a.m.s.f.DefaultMavenResourcesFiltering - Copying 0 resource from src/main/resources to target/classes
2025-09-29 21:37:43,441 [Worker-45: Building] INFO  o.a.m.s.f.DefaultMavenResourcesFiltering - Copying 1 resource from src/test/resources to target/test-classes
2025-09-29 21:37:54,826 [Worker-41: Building] INFO  o.a.m.s.f.DefaultMavenResourcesFiltering - Copying 0 resource from src/main/resources to target/classes
2025-09-29 21:37:54,830 [Worker-41: Building] INFO  o.a.m.s.f.DefaultMavenResourcesFiltering - Copying 1 resource from src/test/resources to target/test-classes
2025-09-29 21:37:59,219 [Worker-44: Building] INFO  o.a.m.s.f.DefaultMavenResourcesFiltering - Copying 0 resource from src/main/resources to target/classes
2025-09-29 21:37:59,224 [Worker-44: Building] INFO  o.a.m.s.f.DefaultMavenResourcesFiltering - Copying 1 resource from src/test/resources to target/test-classes
2025-09-29 21:39:15,946 [Worker-45: Building] INFO  o.a.m.s.f.DefaultMavenResourcesFiltering - Copying 0 resource from src/main/resources to target/classes
2025-09-29 21:39:15,952 [Worker-45: Building] INFO  o.a.m.s.f.DefaultMavenResourcesFiltering - Copying 0 resource from src/test/resources to target/test-classes
2025-09-29 21:39:45,089 [Worker-42: Building] INFO  o.a.m.s.f.DefaultMavenResourcesFiltering - Copying 0 resource from src/main/resources to target/classes
2025-09-29 21:39:45,120 [Worker-42: Building] INFO  o.a.m.s.f.DefaultMavenResourcesFiltering - Copying 0 resource from src/test/resources to target/test-classes
2025-09-29 21:39:51,519 [Worker-44: Building] INFO  o.a.m.s.f.DefaultMavenResourcesFiltering - Copying 0 resource from src/main/resources to target/classes
2025-09-29 21:39:51,526 [Worker-44: Building] INFO  o.a.m.s.f.DefaultMavenResourcesFiltering - Copying 0 resource from src/test/resources to target/test-classes
2025-09-29 21:42:09,200 [Worker-47: Building] INFO  o.a.m.s.f.DefaultMavenResourcesFiltering - Copying 0 resource from src/main/resources to target/classes
2025-09-29 21:42:09,212 [Worker-47: Building] INFO  o.a.m.s.f.DefaultMavenResourcesFiltering - Copying 0 resource from src/test/resources to target/test-classes
2025-09-29 21:42:53,403 [Worker-45: Building] INFO  o.a.m.s.f.DefaultMavenResourcesFiltering - Copying 0 resource from src/main/resources to target/classes
2025-09-29 21:42:53,406 [Worker-45: Building] INFO  o.a.m.s.f.DefaultMavenResourcesFiltering - Copying 0 resource from src/test/resources to target/test-classes
2025-09-29 21:43:15,951 [Worker-44: Building] INFO  o.a.m.s.f.DefaultMavenResourcesFiltering - Copying 0 resource from src/main/resources to target/classes
2025-09-29 21:43:15,954 [Worker-44: Building] INFO  o.a.m.s.f.DefaultMavenResourcesFiltering - Copying 0 resource from src/test/resources to target/test-classes
2025-09-29 21:44:11,084 [Worker-44: Building] INFO  o.a.m.s.f.DefaultMavenResourcesFiltering - Copying 0 resource from src/main/resources to target/classes
2025-09-29 21:44:11,099 [Worker-44: Building] INFO  o.a.m.s.f.DefaultMavenResourcesFiltering - Copying 1 resource from src/test/resources to target/test-classes
2025-09-29 21:44:16,960 [Worker-47: Building] INFO  o.a.m.s.f.DefaultMavenResourcesFiltering - Copying 0 resource from src/main/resources to target/classes
2025-09-29 21:44:16,968 [Worker-47: Building] INFO  o.a.m.s.f.DefaultMavenResourcesFiltering - Copying 1 resource from src/test/resources to target/test-classes
2025-09-29 21:44:45,756 [Worker-41: Building] INFO  o.a.m.s.f.DefaultMavenResourcesFiltering - Copying 0 resource from src/main/resources to target/classes
2025-09-29 21:44:45,758 [Worker-41: Building] INFO  o.a.m.s.f.DefaultMavenResourcesFiltering - Copying 1 resource from src/test/resources to target/test-classes
2025-09-29 21:44:51,444 [Worker-41: Building] INFO  o.a.m.s.f.DefaultMavenResourcesFiltering - Copying 0 resource from src/main/resources to target/classes
2025-09-29 21:44:51,447 [Worker-41: Building] INFO  o.a.m.s.f.DefaultMavenResourcesFiltering - Copying 1 resource from src/test/resources to target/test-classes
2025-09-29 21:45:03,114 [Worker-46: Building] INFO  o.a.m.s.f.DefaultMavenResourcesFiltering - Copying 0 resource from src/main/resources to target/classes
2025-09-29 21:45:03,118 [Worker-46: Building] INFO  o.a.m.s.f.DefaultMavenResourcesFiltering - Copying 1 resource from src/test/resources to target/test-classes
2025-09-29 21:46:09,703 [Worker-44: Building] INFO  o.a.m.s.f.DefaultMavenResourcesFiltering - Copying 0 resource from src/main/resources to target/classes
2025-09-29 21:46:09,715 [Worker-44: Building] INFO  o.a.m.s.f.DefaultMavenResourcesFiltering - Copying 0 resource from src/test/resources to target/test-classes
2025-09-29 21:46:57,312 [Worker-47: Building] INFO  o.a.m.s.f.DefaultMavenResourcesFiltering - Copying 0 resource from src/main/resources to target/classes
2025-09-29 21:46:57,318 [Worker-47: Building] INFO  o.a.m.s.f.DefaultMavenResourcesFiltering - Copying 0 resource from src/test/resources to target/test-classes
2025-09-29 21:47:33,288 [Worker-42: Building] INFO  o.a.m.s.f.DefaultMavenResourcesFiltering - Copying 0 resource from src/main/resources to target/classes
2025-09-29 21:47:33,296 [Worker-42: Building] INFO  o.a.m.s.f.DefaultMavenResourcesFiltering - Copying 1 resource from src/test/resources to target/test-classes
2025-09-29 21:48:18,621 [Worker-46: Building] INFO  o.a.m.s.f.DefaultMavenResourcesFiltering - Copying 0 resource from src/main/resources to target/classes
2025-09-29 21:48:18,632 [Worker-46: Building] INFO  o.a.m.s.f.DefaultMavenResourcesFiltering - Copying 0 resource from src/test/resources to target/test-classes
2025-09-29 21:48:24,291 [Worker-48: Building] INFO  o.a.m.s.f.DefaultMavenResourcesFiltering - Copying 0 resource from src/main/resources to target/classes
2025-09-29 21:48:24,293 [Worker-48: Building] INFO  o.a.m.s.f.DefaultMavenResourcesFiltering - Copying 0 resource from src/test/resources to target/test-classes
2025-09-29 21:48:36,378 [Worker-47: Building] INFO  o.a.m.s.f.DefaultMavenResourcesFiltering - Copying 0 resource from src/main/resources to target/classes
2025-09-29 21:48:36,379 [Worker-47: Building] INFO  o.a.m.s.f.DefaultMavenResourcesFiltering - Copying 1 resource from src/test/resources to target/test-classes
2025-09-29 21:48:51,861 [Worker-42: Building] INFO  o.a.m.s.f.DefaultMavenResourcesFiltering - Copying 0 resource from src/main/resources to target/classes
2025-09-29 21:48:51,865 [Worker-42: Building] INFO  o.a.m.s.f.DefaultMavenResourcesFiltering - Copying 1 resource from src/test/resources to target/test-classes
2025-09-29 21:49:15,947 [main] INFO  o.e.m.jdt.internal.UnitTestSupport - Updating defaultRunner from maven configuration
2025-09-29 21:49:16,634 [Worker-42: Launching defaultRunner] INFO  o.e.m.c.i.p.WorkspaceClassifierResolverManager - Resolving P/mymavenproject: mymavenproject:mymavenproject:0.0.1-SNAPSHOT with classifier null to /mymavenproject/target/classes
2025-09-29 21:49:16,698 [Worker-42: Launching defaultRunner] INFO  o.e.m.c.i.p.WorkspaceClassifierResolverManager - Resolving P/mymavenproject: mymavenproject:mymavenproject:0.0.1-SNAPSHOT with classifier null to /mymavenproject/target/classes
2025-09-29 21:49:52,578 [Worker-47: Building] INFO  o.a.m.s.f.DefaultMavenResourcesFiltering - Copying 0 resource from src/main/resources to target/classes
2025-09-29 21:49:52,581 [Worker-47: Building] INFO  o.a.m.s.f.DefaultMavenResourcesFiltering - Copying 1 resource from src/test/resources to target/test-classes
2025-09-29 21:49:58,949 [Worker-46: Launching defaultRunner] INFO  o.e.m.c.i.p.WorkspaceClassifierResolverManager - Resolving P/mymavenproject: mymavenproject:mymavenproject:0.0.1-SNAPSHOT with classifier null to /mymavenproject/target/classes
2025-09-29 21:49:58,996 [Worker-46: Launching defaultRunner] INFO  o.e.m.c.i.p.WorkspaceClassifierResolverManager - Resolving P/mymavenproject: mymavenproject:mymavenproject:0.0.1-SNAPSHOT with classifier null to /mymavenproject/target/classes
2025-09-29 21:50:27,483 [Worker-47: Building] INFO  o.a.m.s.f.DefaultMavenResourcesFiltering - Copying 0 resource from src/main/resources to target/classes
2025-09-29 21:50:27,485 [Worker-47: Building] INFO  o.a.m.s.f.DefaultMavenResourcesFiltering - Copying 1 resource from src/test/resources to target/test-classes
2025-09-29 21:50:38,845 [Worker-48: Launching defaultRunner] INFO  o.e.m.c.i.p.WorkspaceClassifierResolverManager - Resolving P/mymavenproject: mymavenproject:mymavenproject:0.0.1-SNAPSHOT with classifier null to /mymavenproject/target/classes
2025-09-29 21:50:38,886 [Worker-48: Launching defaultRunner] INFO  o.e.m.c.i.p.WorkspaceClassifierResolverManager - Resolving P/mymavenproject: mymavenproject:mymavenproject:0.0.1-SNAPSHOT with classifier null to /mymavenproject/target/classes
2025-09-29 21:51:22,441 [Worker-42: Building] INFO  o.a.m.s.f.DefaultMavenResourcesFiltering - skip non existing resourceDirectory /Volumes/Renuka/Professional Stuff (Restricted)/Session_material/Session_WorkSpaces/Automation_SA2506029/SA250629_WebDriver/MyCucumberProjectNew/src/main/resources
2025-09-29 21:51:22,467 [Worker-42: Building] INFO  o.a.m.s.f.DefaultMavenResourcesFiltering - Copying 4 resources from src/test/resources to target/test-classes
2025-09-29 21:51:37,853 [Worker-42: Building] INFO  o.a.m.s.f.DefaultMavenResourcesFiltering - Copying 0 resource from src/main/resources to target/classes
2025-09-29 21:51:37,892 [Worker-42: Building] INFO  o.a.m.s.f.DefaultMavenResourcesFiltering - Copying 0 resource from src/test/resources to target/test-classes
2025-09-29 21:51:38,294 [Worker-42: Building] WARN  o.a.m.s.f.DefaultMavenResourcesFiltering - Using platform encoding (UTF-8 actually) to copy filtered resources, i.e. build is platform dependent!
2025-09-29 21:51:38,306 [Worker-42: Building] INFO  o.a.m.s.f.DefaultMavenResourcesFiltering - Copying 0 resource from src/main/resources to target/classes
2025-09-29 21:51:38,319 [Worker-42: Building] WARN  o.a.m.s.f.DefaultMavenResourcesFiltering - Using platform encoding (UTF-8 actually) to copy filtered resources, i.e. build is platform dependent!
2025-09-29 21:51:38,323 [Worker-42: Building] INFO  o.a.m.s.f.DefaultMavenResourcesFiltering - Copying 0 resource from src/test/resources to target/test-classes
2025-09-29 21:51:38,433 [Worker-42: Building] INFO  o.a.m.s.f.DefaultMavenResourcesFiltering - Copying 0 resource from src/main/resources to target/classes
2025-09-29 21:51:38,449 [Worker-42: Building] INFO  o.a.m.s.f.DefaultMavenResourcesFiltering - Copying 1 resource from src/test/resources to target/test-classes
2025-09-29 21:52:17,490 [Worker-47: Launching defaultRunner] INFO  o.e.m.c.i.p.WorkspaceClassifierResolverManager - Resolving P/mymavenproject: mymavenproject:mymavenproject:0.0.1-SNAPSHOT with classifier null to /mymavenproject/target/classes
2025-09-29 21:52:17,563 [Worker-47: Launching defaultRunner] INFO  o.e.m.c.i.p.WorkspaceClassifierResolverManager - Resolving P/mymavenproject: mymavenproject:mymavenproject:0.0.1-SNAPSHOT with classifier null to /mymavenproject/target/classes
2025-09-29 21:52:42,920 [Worker-47: Launching defaultRunner] INFO  o.e.m.c.i.p.WorkspaceClassifierResolverManager - Resolving P/mymavenproject: mymavenproject:mymavenproject:0.0.1-SNAPSHOT with classifier null to /mymavenproject/target/classes
2025-09-29 21:52:42,963 [Worker-47: Launching defaultRunner] INFO  o.e.m.c.i.p.WorkspaceClassifierResolverManager - Resolving P/mymavenproject: mymavenproject:mymavenproject:0.0.1-SNAPSHOT with classifier null to /mymavenproject/target/classes
2025-09-29 21:53:42,820 [Worker-47: Launching Executing test in _Volumes_Renuka_Professional Stuff (Restricted)_Session_material_Session_WorkSpaces_Automation_SA2506029_SA250629_WebDriver_myHybridFrameworkPOMBDD] INFO  o.eclipse.m2e.core.internal.Bundles - getClasspathEntries(Bundle=org.eclipse.m2e.maven.runtime_3.9.900.20240824-1409 [298])
2025-09-29 21:53:42,822 [Worker-47: Launching Executing test in _Volumes_Renuka_Professional Stuff (Restricted)_Session_material_Session_WorkSpaces_Automation_SA2506029_SA250629_WebDriver_myHybridFrameworkPOMBDD] INFO  o.eclipse.m2e.core.internal.Bundles - 	Entry: /Applications/Eclipse.app/Contents/Eclipse/plugins/org.eclipse.m2e.maven.runtime_3.9.900.20240824-1409
2025-09-29 21:53:42,822 [Worker-47: Launching Executing test in _Volumes_Renuka_Professional Stuff (Restricted)_Session_material_Session_WorkSpaces_Automation_SA2506029_SA250629_WebDriver_myHybridFrameworkPOMBDD] INFO  o.eclipse.m2e.core.internal.Bundles - 	Entry: /Applications/Eclipse.app/Contents/Eclipse/plugins/org.eclipse.m2e.maven.runtime_3.9.900.20240824-1409/jars/aopalliance-1.0.jar
2025-09-29 21:53:42,822 [Worker-47: Launching Executing test in _Volumes_Renuka_Professional Stuff (Restricted)_Session_material_Session_WorkSpaces_Automation_SA2506029_SA250629_WebDriver_myHybridFrameworkPOMBDD] INFO  o.eclipse.m2e.core.internal.Bundles - 	Entry: /Applications/Eclipse.app/Contents/Eclipse/plugins/org.eclipse.m2e.maven.runtime_3.9.900.20240824-1409/jars/guice-5.1.0.jar
2025-09-29 21:53:42,822 [Worker-47: Launching Executing test in _Volumes_Renuka_Professional Stuff (Restricted)_Session_material_Session_WorkSpaces_Automation_SA2506029_SA250629_WebDriver_myHybridFrameworkPOMBDD] INFO  o.eclipse.m2e.core.internal.Bundles - 	Entry: /Applications/Eclipse.app/Contents/Eclipse/plugins/org.eclipse.m2e.maven.runtime_3.9.900.20240824-1409/jars/httpclient-4.5.14.jar
2025-09-29 21:53:42,822 [Worker-47: Launching Executing test in _Volumes_Renuka_Professional Stuff (Restricted)_Session_material_Session_WorkSpaces_Automation_SA2506029_SA250629_WebDriver_myHybridFrameworkPOMBDD] INFO  o.eclipse.m2e.core.internal.Bundles - 	Entry: /Applications/Eclipse.app/Contents/Eclipse/plugins/org.eclipse.m2e.maven.runtime_3.9.900.20240824-1409/jars/httpcore-4.4.16.jar
2025-09-29 21:53:42,823 [Worker-47: Launching Executing test in _Volumes_Renuka_Professional Stuff (Restricted)_Session_material_Session_WorkSpaces_Automation_SA2506029_SA250629_WebDriver_myHybridFrameworkPOMBDD] INFO  o.eclipse.m2e.core.internal.Bundles - 	Entry: /Applications/Eclipse.app/Contents/Eclipse/plugins/org.eclipse.m2e.maven.runtime_3.9.900.20240824-1409/jars/jansi-2.4.1.jar
2025-09-29 21:53:42,823 [Worker-47: Launching Executing test in _Volumes_Renuka_Professional Stuff (Restricted)_Session_material_Session_WorkSpaces_Automation_SA2506029_SA250629_WebDriver_myHybridFrameworkPOMBDD] INFO  o.eclipse.m2e.core.internal.Bundles - 	Entry: /Applications/Eclipse.app/Contents/Eclipse/plugins/org.eclipse.m2e.maven.runtime_3.9.900.20240824-1409/jars/jcl-over-slf4j-1.7.36.jar
2025-09-29 21:53:42,823 [Worker-47: Launching Executing test in _Volumes_Renuka_Professional Stuff (Restricted)_Session_material_Session_WorkSpaces_Automation_SA2506029_SA250629_WebDriver_myHybridFrameworkPOMBDD] INFO  o.eclipse.m2e.core.internal.Bundles - 	Entry: /Applications/Eclipse.app/Contents/Eclipse/plugins/org.eclipse.m2e.maven.runtime_3.9.900.20240824-1409/jars/maven-artifact-3.9.9.jar
2025-09-29 21:53:42,823 [Worker-47: Launching Executing test in _Volumes_Renuka_Professional Stuff (Restricted)_Session_material_Session_WorkSpaces_Automation_SA2506029_SA250629_WebDriver_myHybridFrameworkPOMBDD] INFO  o.eclipse.m2e.core.internal.Bundles - 	Entry: /Applications/Eclipse.app/Contents/Eclipse/plugins/org.eclipse.m2e.maven.runtime_3.9.900.20240824-1409/jars/maven-builder-support-3.9.9.jar
2025-09-29 21:53:42,823 [Worker-47: Launching Executing test in _Volumes_Renuka_Professional Stuff (Restricted)_Session_material_Session_WorkSpaces_Automation_SA2506029_SA250629_WebDriver_myHybridFrameworkPOMBDD] INFO  o.eclipse.m2e.core.internal.Bundles - 	Entry: /Applications/Eclipse.app/Contents/Eclipse/plugins/org.eclipse.m2e.maven.runtime_3.9.900.20240824-1409/jars/maven-compat-3.9.9.jar
2025-09-29 21:53:42,823 [Worker-47: Launching Executing test in _Volumes_Renuka_Professional Stuff (Restricted)_Session_material_Session_WorkSpaces_Automation_SA2506029_SA250629_WebDriver_myHybridFrameworkPOMBDD] INFO  o.eclipse.m2e.core.internal.Bundles - 	Entry: /Applications/Eclipse.app/Contents/Eclipse/plugins/org.eclipse.m2e.maven.runtime_3.9.900.20240824-1409/jars/maven-core-3.9.9.jar
2025-09-29 21:53:42,823 [Worker-47: Launching Executing test in _Volumes_Renuka_Professional Stuff (Restricted)_Session_material_Session_WorkSpaces_Automation_SA2506029_SA250629_WebDriver_myHybridFrameworkPOMBDD] INFO  o.eclipse.m2e.core.internal.Bundles - 	Entry: /Applications/Eclipse.app/Contents/Eclipse/plugins/org.eclipse.m2e.maven.runtime_3.9.900.20240824-1409/jars/maven-embedder-3.9.9.jar
2025-09-29 21:53:42,823 [Worker-47: Launching Executing test in _Volumes_Renuka_Professional Stuff (Restricted)_Session_material_Session_WorkSpaces_Automation_SA2506029_SA250629_WebDriver_myHybridFrameworkPOMBDD] INFO  o.eclipse.m2e.core.internal.Bundles - 	Entry: /Applications/Eclipse.app/Contents/Eclipse/plugins/org.eclipse.m2e.maven.runtime_3.9.900.20240824-1409/jars/maven-model-3.9.9.jar
2025-09-29 21:53:42,823 [Worker-47: Launching Executing test in _Volumes_Renuka_Professional Stuff (Restricted)_Session_material_Session_WorkSpaces_Automation_SA2506029_SA250629_WebDriver_myHybridFrameworkPOMBDD] INFO  o.eclipse.m2e.core.internal.Bundles - 	Entry: /Applications/Eclipse.app/Contents/Eclipse/plugins/org.eclipse.m2e.maven.runtime_3.9.900.20240824-1409/jars/maven-model-builder-3.9.9.jar
2025-09-29 21:53:42,823 [Worker-47: Launching Executing test in _Volumes_Renuka_Professional Stuff (Restricted)_Session_material_Session_WorkSpaces_Automation_SA2506029_SA250629_WebDriver_myHybridFrameworkPOMBDD] INFO  o.eclipse.m2e.core.internal.Bundles - 	Entry: /Applications/Eclipse.app/Contents/Eclipse/plugins/org.eclipse.m2e.maven.runtime_3.9.900.20240824-1409/jars/maven-plugin-api-3.9.9.jar
2025-09-29 21:53:42,823 [Worker-47: Launching Executing test in _Volumes_Renuka_Professional Stuff (Restricted)_Session_material_Session_WorkSpaces_Automation_SA2506029_SA250629_WebDriver_myHybridFrameworkPOMBDD] INFO  o.eclipse.m2e.core.internal.Bundles - 	Entry: /Applications/Eclipse.app/Contents/Eclipse/plugins/org.eclipse.m2e.maven.runtime_3.9.900.20240824-1409/jars/maven-repository-metadata-3.9.9.jar
2025-09-29 21:53:42,823 [Worker-47: Launching Executing test in _Volumes_Renuka_Professional Stuff (Restricted)_Session_material_Session_WorkSpaces_Automation_SA2506029_SA250629_WebDriver_myHybridFrameworkPOMBDD] INFO  o.eclipse.m2e.core.internal.Bundles - 	Entry: /Applications/Eclipse.app/Contents/Eclipse/plugins/org.eclipse.m2e.maven.runtime_3.9.900.20240824-1409/jars/maven-resolver-api-1.9.22.jar
2025-09-29 21:53:42,824 [Worker-47: Launching Executing test in _Volumes_Renuka_Professional Stuff (Restricted)_Session_material_Session_WorkSpaces_Automation_SA2506029_SA250629_WebDriver_myHybridFrameworkPOMBDD] INFO  o.eclipse.m2e.core.internal.Bundles - 	Entry: /Applications/Eclipse.app/Contents/Eclipse/plugins/org.eclipse.m2e.maven.runtime_3.9.900.20240824-1409/jars/maven-resolver-connector-basic-1.9.22.jar
2025-09-29 21:53:42,824 [Worker-47: Launching Executing test in _Volumes_Renuka_Professional Stuff (Restricted)_Session_material_Session_WorkSpaces_Automation_SA2506029_SA250629_WebDriver_myHybridFrameworkPOMBDD] INFO  o.eclipse.m2e.core.internal.Bundles - 	Entry: /Applications/Eclipse.app/Contents/Eclipse/plugins/org.eclipse.m2e.maven.runtime_3.9.900.20240824-1409/jars/maven-resolver-impl-1.9.22.jar
2025-09-29 21:53:42,824 [Worker-47: Launching Executing test in _Volumes_Renuka_Professional Stuff (Restricted)_Session_material_Session_WorkSpaces_Automation_SA2506029_SA250629_WebDriver_myHybridFrameworkPOMBDD] INFO  o.eclipse.m2e.core.internal.Bundles - 	Entry: /Applications/Eclipse.app/Contents/Eclipse/plugins/org.eclipse.m2e.maven.runtime_3.9.900.20240824-1409/jars/maven-resolver-named-locks-1.9.22.jar
2025-09-29 21:53:42,824 [Worker-47: Launching Executing test in _Volumes_Renuka_Professional Stuff (Restricted)_Session_material_Session_WorkSpaces_Automation_SA2506029_SA250629_WebDriver_myHybridFrameworkPOMBDD] INFO  o.eclipse.m2e.core.internal.Bundles - 	Entry: /Applications/Eclipse.app/Contents/Eclipse/plugins/org.eclipse.m2e.maven.runtime_3.9.900.20240824-1409/jars/maven-resolver-provider-3.9.9.jar
2025-09-29 21:53:42,825 [Worker-47: Launching Executing test in _Volumes_Renuka_Professional Stuff (Restricted)_Session_material_Session_WorkSpaces_Automation_SA2506029_SA250629_WebDriver_myHybridFrameworkPOMBDD] INFO  o.eclipse.m2e.core.internal.Bundles - 	Entry: /Applications/Eclipse.app/Contents/Eclipse/plugins/org.eclipse.m2e.maven.runtime_3.9.900.20240824-1409/jars/maven-resolver-spi-1.9.22.jar
2025-09-29 21:53:42,825 [Worker-47: Launching Executing test in _Volumes_Renuka_Professional Stuff (Restricted)_Session_material_Session_WorkSpaces_Automation_SA2506029_SA250629_WebDriver_myHybridFrameworkPOMBDD] INFO  o.eclipse.m2e.core.internal.Bundles - 	Entry: /Applications/Eclipse.app/Contents/Eclipse/plugins/org.eclipse.m2e.maven.runtime_3.9.900.20240824-1409/jars/maven-resolver-transport-file-1.9.22.jar
2025-09-29 21:53:42,825 [Worker-47: Launching Executing test in _Volumes_Renuka_Professional Stuff (Restricted)_Session_material_Session_WorkSpaces_Automation_SA2506029_SA250629_WebDriver_myHybridFrameworkPOMBDD] INFO  o.eclipse.m2e.core.internal.Bundles - 	Entry: /Applications/Eclipse.app/Contents/Eclipse/plugins/org.eclipse.m2e.maven.runtime_3.9.900.20240824-1409/jars/maven-resolver-transport-http-1.9.22.jar
2025-09-29 21:53:42,825 [Worker-47: Launching Executing test in _Volumes_Renuka_Professional Stuff (Restricted)_Session_material_Session_WorkSpaces_Automation_SA2506029_SA250629_WebDriver_myHybridFrameworkPOMBDD] INFO  o.eclipse.m2e.core.internal.Bundles - 	Entry: /Applications/Eclipse.app/Contents/Eclipse/plugins/org.eclipse.m2e.maven.runtime_3.9.900.20240824-1409/jars/maven-resolver-transport-wagon-1.9.22.jar
2025-09-29 21:53:42,825 [Worker-47: Launching Executing test in _Volumes_Renuka_Professional Stuff (Restricted)_Session_material_Session_WorkSpaces_Automation_SA2506029_SA250629_WebDriver_myHybridFrameworkPOMBDD] INFO  o.eclipse.m2e.core.internal.Bundles - 	Entry: /Applications/Eclipse.app/Contents/Eclipse/plugins/org.eclipse.m2e.maven.runtime_3.9.900.20240824-1409/jars/maven-resolver-util-1.9.22.jar
2025-09-29 21:53:42,825 [Worker-47: Launching Executing test in _Volumes_Renuka_Professional Stuff (Restricted)_Session_material_Session_WorkSpaces_Automation_SA2506029_SA250629_WebDriver_myHybridFrameworkPOMBDD] INFO  o.eclipse.m2e.core.internal.Bundles - 	Entry: /Applications/Eclipse.app/Contents/Eclipse/plugins/org.eclipse.m2e.maven.runtime_3.9.900.20240824-1409/jars/maven-settings-3.9.9.jar
2025-09-29 21:53:42,826 [Worker-47: Launching Executing test in _Volumes_Renuka_Professional Stuff (Restricted)_Session_material_Session_WorkSpaces_Automation_SA2506029_SA250629_WebDriver_myHybridFrameworkPOMBDD] INFO  o.eclipse.m2e.core.internal.Bundles - 	Entry: /Applications/Eclipse.app/Contents/Eclipse/plugins/org.eclipse.m2e.maven.runtime_3.9.900.20240824-1409/jars/maven-settings-builder-3.9.9.jar
2025-09-29 21:53:42,826 [Worker-47: Launching Executing test in _Volumes_Renuka_Professional Stuff (Restricted)_Session_material_Session_WorkSpaces_Automation_SA2506029_SA250629_WebDriver_myHybridFrameworkPOMBDD] INFO  o.eclipse.m2e.core.internal.Bundles - 	Entry: /Applications/Eclipse.app/Contents/Eclipse/plugins/org.eclipse.m2e.maven.runtime_3.9.900.20240824-1409/jars/maven-shared-utils-3.4.2.jar
2025-09-29 21:53:42,828 [Worker-47: Launching Executing test in _Volumes_Renuka_Professional Stuff (Restricted)_Session_material_Session_WorkSpaces_Automation_SA2506029_SA250629_WebDriver_myHybridFrameworkPOMBDD] INFO  o.eclipse.m2e.core.internal.Bundles - 	Entry: /Applications/Eclipse.app/Contents/Eclipse/plugins/org.eclipse.m2e.maven.runtime_3.9.900.20240824-1409/jars/org.eclipse.sisu.inject-0.9.0.M3.jar
2025-09-29 21:53:42,829 [Worker-47: Launching Executing test in _Volumes_Renuka_Professional Stuff (Restricted)_Session_material_Session_WorkSpaces_Automation_SA2506029_SA250629_WebDriver_myHybridFrameworkPOMBDD] INFO  o.eclipse.m2e.core.internal.Bundles - 	Entry: /Applications/Eclipse.app/Contents/Eclipse/plugins/org.eclipse.m2e.maven.runtime_3.9.900.20240824-1409/jars/org.eclipse.sisu.plexus-0.9.0.M3.jar
2025-09-29 21:53:42,829 [Worker-47: Launching Executing test in _Volumes_Renuka_Professional Stuff (Restricted)_Session_material_Session_WorkSpaces_Automation_SA2506029_SA250629_WebDriver_myHybridFrameworkPOMBDD] INFO  o.eclipse.m2e.core.internal.Bundles - 	Entry: /Applications/Eclipse.app/Contents/Eclipse/plugins/org.eclipse.m2e.maven.runtime_3.9.900.20240824-1409/jars/plexus-build-api-0.0.7.jar
2025-09-29 21:53:42,829 [Worker-47: Launching Executing test in _Volumes_Renuka_Professional Stuff (Restricted)_Session_material_Session_WorkSpaces_Automation_SA2506029_SA250629_WebDriver_myHybridFrameworkPOMBDD] INFO  o.eclipse.m2e.core.internal.Bundles - 	Entry: /Applications/Eclipse.app/Contents/Eclipse/plugins/org.eclipse.m2e.maven.runtime_3.9.900.20240824-1409/jars/plexus-build-api-1.2.0.jar
2025-09-29 21:53:42,829 [Worker-47: Launching Executing test in _Volumes_Renuka_Professional Stuff (Restricted)_Session_material_Session_WorkSpaces_Automation_SA2506029_SA250629_WebDriver_myHybridFrameworkPOMBDD] INFO  o.eclipse.m2e.core.internal.Bundles - 	Entry: /Applications/Eclipse.app/Contents/Eclipse/plugins/org.eclipse.m2e.maven.runtime_3.9.900.20240824-1409/jars/plexus-cipher-2.0.jar
2025-09-29 21:53:42,829 [Worker-47: Launching Executing test in _Volumes_Renuka_Professional Stuff (Restricted)_Session_material_Session_WorkSpaces_Automation_SA2506029_SA250629_WebDriver_myHybridFrameworkPOMBDD] INFO  o.eclipse.m2e.core.internal.Bundles - 	Entry: /Applications/Eclipse.app/Contents/Eclipse/plugins/org.eclipse.m2e.maven.runtime_3.9.900.20240824-1409/jars/plexus-classworlds-2.8.0.jar
2025-09-29 21:53:42,829 [Worker-47: Launching Executing test in _Volumes_Renuka_Professional Stuff (Restricted)_Session_material_Session_WorkSpaces_Automation_SA2506029_SA250629_WebDriver_myHybridFrameworkPOMBDD] INFO  o.eclipse.m2e.core.internal.Bundles - 	Entry: /Applications/Eclipse.app/Contents/Eclipse/plugins/org.eclipse.m2e.maven.runtime_3.9.900.20240824-1409/jars/plexus-component-annotations-2.1.0.jar
2025-09-29 21:53:42,829 [Worker-47: Launching Executing test in _Volumes_Renuka_Professional Stuff (Restricted)_Session_material_Session_WorkSpaces_Automation_SA2506029_SA250629_WebDriver_myHybridFrameworkPOMBDD] INFO  o.eclipse.m2e.core.internal.Bundles - 	Entry: /Applications/Eclipse.app/Contents/Eclipse/plugins/org.eclipse.m2e.maven.runtime_3.9.900.20240824-1409/jars/plexus-interpolation-1.27.jar
2025-09-29 21:53:42,829 [Worker-47: Launching Executing test in _Volumes_Renuka_Professional Stuff (Restricted)_Session_material_Session_WorkSpaces_Automation_SA2506029_SA250629_WebDriver_myHybridFrameworkPOMBDD] INFO  o.eclipse.m2e.core.internal.Bundles - 	Entry: /Applications/Eclipse.app/Contents/Eclipse/plugins/org.eclipse.m2e.maven.runtime_3.9.900.20240824-1409/jars/plexus-sec-dispatcher-2.0.jar
2025-09-29 21:53:42,829 [Worker-47: Launching Executing test in _Volumes_Renuka_Professional Stuff (Restricted)_Session_material_Session_WorkSpaces_Automation_SA2506029_SA250629_WebDriver_myHybridFrameworkPOMBDD] INFO  o.eclipse.m2e.core.internal.Bundles - 	Entry: /Applications/Eclipse.app/Contents/Eclipse/plugins/org.eclipse.m2e.maven.runtime_3.9.900.20240824-1409/jars/plexus-utils-3.5.1.jar
2025-09-29 21:53:42,829 [Worker-47: Launching Executing test in _Volumes_Renuka_Professional Stuff (Restricted)_Session_material_Session_WorkSpaces_Automation_SA2506029_SA250629_WebDriver_myHybridFrameworkPOMBDD] INFO  o.eclipse.m2e.core.internal.Bundles - 	Entry: /Applications/Eclipse.app/Contents/Eclipse/plugins/org.eclipse.m2e.maven.runtime_3.9.900.20240824-1409/jars/plexus-xml-3.0.1.jar
2025-09-29 21:53:42,829 [Worker-47: Launching Executing test in _Volumes_Renuka_Professional Stuff (Restricted)_Session_material_Session_WorkSpaces_Automation_SA2506029_SA250629_WebDriver_myHybridFrameworkPOMBDD] INFO  o.eclipse.m2e.core.internal.Bundles - 	Entry: /Applications/Eclipse.app/Contents/Eclipse/plugins/org.eclipse.m2e.maven.runtime_3.9.900.20240824-1409/jars/wagon-file-3.5.3.jar
2025-09-29 21:53:42,829 [Worker-47: Launching Executing test in _Volumes_Renuka_Professional Stuff (Restricted)_Session_material_Session_WorkSpaces_Automation_SA2506029_SA250629_WebDriver_myHybridFrameworkPOMBDD] INFO  o.eclipse.m2e.core.internal.Bundles - 	Entry: /Applications/Eclipse.app/Contents/Eclipse/plugins/org.eclipse.m2e.maven.runtime_3.9.900.20240824-1409/jars/wagon-http-3.5.3.jar
2025-09-29 21:53:42,829 [Worker-47: Launching Executing test in _Volumes_Renuka_Professional Stuff (Restricted)_Session_material_Session_WorkSpaces_Automation_SA2506029_SA250629_WebDriver_myHybridFrameworkPOMBDD] INFO  o.eclipse.m2e.core.internal.Bundles - 	Entry: /Applications/Eclipse.app/Contents/Eclipse/plugins/org.eclipse.m2e.maven.runtime_3.9.900.20240824-1409/jars/wagon-http-shared-3.5.3.jar
2025-09-29 21:53:42,829 [Worker-47: Launching Executing test in _Volumes_Renuka_Professional Stuff (Restricted)_Session_material_Session_WorkSpaces_Automation_SA2506029_SA250629_WebDriver_myHybridFrameworkPOMBDD] INFO  o.eclipse.m2e.core.internal.Bundles - 	Entry: /Applications/Eclipse.app/Contents/Eclipse/plugins/org.eclipse.m2e.maven.runtime_3.9.900.20240824-1409/jars/wagon-provider-api-3.5.3.jar
2025-09-29 21:53:42,831 [Worker-47: Launching Executing test in _Volumes_Renuka_Professional Stuff (Restricted)_Session_material_Session_WorkSpaces_Automation_SA2506029_SA250629_WebDriver_myHybridFrameworkPOMBDD] INFO  o.eclipse.m2e.core.internal.Bundles - getClasspathEntries(Bundle=com.google.guava_33.3.1.jre [529])
2025-09-29 21:53:42,832 [Worker-47: Launching Executing test in _Volumes_Renuka_Professional Stuff (Restricted)_Session_material_Session_WorkSpaces_Automation_SA2506029_SA250629_WebDriver_myHybridFrameworkPOMBDD] INFO  o.eclipse.m2e.core.internal.Bundles - 	Entry: /Applications/Eclipse.app/Contents/Eclipse/plugins/com.google.guava_33.3.1.jre.jar
2025-09-29 21:53:42,832 [Worker-47: Launching Executing test in _Volumes_Renuka_Professional Stuff (Restricted)_Session_material_Session_WorkSpaces_Automation_SA2506029_SA250629_WebDriver_myHybridFrameworkPOMBDD] INFO  o.eclipse.m2e.core.internal.Bundles - getClasspathEntries(Bundle=slf4j.api_2.0.16 [520])
2025-09-29 21:53:42,832 [Worker-47: Launching Executing test in _Volumes_Renuka_Professional Stuff (Restricted)_Session_material_Session_WorkSpaces_Automation_SA2506029_SA250629_WebDriver_myHybridFrameworkPOMBDD] INFO  o.eclipse.m2e.core.internal.Bundles - 	Entry: /Applications/Eclipse.app/Contents/Eclipse/plugins/slf4j.api_2.0.16.jar
2025-09-29 21:53:42,832 [Worker-47: Launching Executing test in _Volumes_Renuka_Professional Stuff (Restricted)_Session_material_Session_WorkSpaces_Automation_SA2506029_SA250629_WebDriver_myHybridFrameworkPOMBDD] INFO  o.eclipse.m2e.core.internal.Bundles - getClasspathEntries(Bundle=jakarta.inject.jakarta.inject-api_1.0.5 [22])
2025-09-29 21:53:42,832 [Worker-47: Launching Executing test in _Volumes_Renuka_Professional Stuff (Restricted)_Session_material_Session_WorkSpaces_Automation_SA2506029_SA250629_WebDriver_myHybridFrameworkPOMBDD] INFO  o.eclipse.m2e.core.internal.Bundles - 	Entry: /Applications/Eclipse.app/Contents/Eclipse/plugins/jakarta.inject.jakarta.inject-api_1.0.5.jar
2025-09-29 21:53:42,832 [Worker-47: Launching Executing test in _Volumes_Renuka_Professional Stuff (Restricted)_Session_material_Session_WorkSpaces_Automation_SA2506029_SA250629_WebDriver_myHybridFrameworkPOMBDD] INFO  o.eclipse.m2e.core.internal.Bundles - getClasspathEntries(Bundle=jakarta.annotation-api_1.3.5 [20])
2025-09-29 21:53:42,832 [Worker-47: Launching Executing test in _Volumes_Renuka_Professional Stuff (Restricted)_Session_material_Session_WorkSpaces_Automation_SA2506029_SA250629_WebDriver_myHybridFrameworkPOMBDD] INFO  o.eclipse.m2e.core.internal.Bundles - 	Entry: /Applications/Eclipse.app/Contents/Eclipse/plugins/jakarta.annotation-api_1.3.5.jar
2025-09-29 21:53:42,832 [Worker-47: Launching Executing test in _Volumes_Renuka_Professional Stuff (Restricted)_Session_material_Session_WorkSpaces_Automation_SA2506029_SA250629_WebDriver_myHybridFrameworkPOMBDD] INFO  o.eclipse.m2e.core.internal.Bundles - getClasspathEntries(Bundle=org.apache.commons.cli_1.9.0 [47])
2025-09-29 21:53:42,832 [Worker-47: Launching Executing test in _Volumes_Renuka_Professional Stuff (Restricted)_Session_material_Session_WorkSpaces_Automation_SA2506029_SA250629_WebDriver_myHybridFrameworkPOMBDD] INFO  o.eclipse.m2e.core.internal.Bundles - 	Entry: /Applications/Eclipse.app/Contents/Eclipse/plugins/org.apache.commons.cli_1.9.0.jar
2025-09-29 21:53:42,832 [Worker-47: Launching Executing test in _Volumes_Renuka_Professional Stuff (Restricted)_Session_material_Session_WorkSpaces_Automation_SA2506029_SA250629_WebDriver_myHybridFrameworkPOMBDD] INFO  o.eclipse.m2e.core.internal.Bundles - getClasspathEntries(Bundle=org.apache.commons.commons-codec_1.16.0 [50])
2025-09-29 21:53:42,832 [Worker-47: Launching Executing test in _Volumes_Renuka_Professional Stuff (Restricted)_Session_material_Session_WorkSpaces_Automation_SA2506029_SA250629_WebDriver_myHybridFrameworkPOMBDD] INFO  o.eclipse.m2e.core.internal.Bundles - 	Entry: /Applications/Eclipse.app/Contents/Eclipse/plugins/org.apache.commons.commons-codec_1.16.0.jar
2025-09-29 21:53:42,832 [Worker-47: Launching Executing test in _Volumes_Renuka_Professional Stuff (Restricted)_Session_material_Session_WorkSpaces_Automation_SA2506029_SA250629_WebDriver_myHybridFrameworkPOMBDD] INFO  o.eclipse.m2e.core.internal.Bundles - getClasspathEntries(Bundle=com.google.guava.failureaccess_1.0.2 [11])
2025-09-29 21:53:42,832 [Worker-47: Launching Executing test in _Volumes_Renuka_Professional Stuff (Restricted)_Session_material_Session_WorkSpaces_Automation_SA2506029_SA250629_WebDriver_myHybridFrameworkPOMBDD] INFO  o.eclipse.m2e.core.internal.Bundles - 	Entry: /Applications/Eclipse.app/Contents/Eclipse/plugins/com.google.guava.failureaccess_1.0.2.jar
2025-09-29 21:53:42,836 [Worker-47: Launching Executing test in _Volumes_Renuka_Professional Stuff (Restricted)_Session_material_Session_WorkSpaces_Automation_SA2506029_SA250629_WebDriver_myHybridFrameworkPOMBDD] INFO  o.e.m.i.launch.MavenLaunchDelegate - Run build in "/Volumes/Renuka/Professional Stuff (Restricted)/Session_material/Session_WorkSpaces/Automation_SA2506029/SA250629_WebDriver/myHybridFrameworkPOMBDD":
2025-09-29 21:53:42,838 [Worker-47: Launching Executing test in _Volumes_Renuka_Professional Stuff (Restricted)_Session_material_Session_WorkSpaces_Automation_SA2506029_SA250629_WebDriver_myHybridFrameworkPOMBDD] INFO  o.e.m.i.launch.MavenLaunchDelegate -  mvn  -B -Dstyle.color=always test
2025-09-29 21:54:14,780 [Worker-48: Launching A] INFO  o.e.m.c.i.p.WorkspaceClassifierResolverManager - Resolving P/mymavenproject: mymavenproject:mymavenproject:0.0.1-SNAPSHOT with classifier null to /mymavenproject/target/classes
2025-09-29 21:54:14,822 [Worker-48: Launching A] INFO  o.e.m.c.i.p.WorkspaceClassifierResolverManager - Resolving P/mymavenproject: mymavenproject:mymavenproject:0.0.1-SNAPSHOT with classifier null to /mymavenproject/target/classes
2025-09-29 21:54:14,855 [Worker-48: Launching A] INFO  o.e.m.c.i.p.WorkspaceClassifierResolverManager - Resolving P/mymavenproject: mymavenproject:mymavenproject:0.0.1-SNAPSHOT with classifier null to /mymavenproject/target/classes
2025-09-29 21:56:04,427 [Worker-48: Building] INFO  o.e.m.c.i.l.LifecycleMappingFactory - Using org.eclipse.m2e.jdt.JarLifecycleMapping lifecycle mapping for MavenProject: myHybridFrameworkPOMBDD:myHybridFrameworkPOMBDD:0.0.1-SNAPSHOT @ /Volumes/Renuka/Professional Stuff (Restricted)/Session_material/Session_WorkSpaces/Automation_SA2506029/SA250629_WebDriver/MyHybridFrameworkPOMBDD/pom.xml.
2025-09-29 21:56:05,004 [Worker-48: Building] INFO  o.e.m.c.i.p.WorkspaceClassifierResolverManager - Resolving P/mymavenproject: mymavenproject:mymavenproject:0.0.1-SNAPSHOT with classifier  to /mymavenproject/target/classes
2025-09-29 21:56:06,187 [Worker-48: Building] INFO  o.a.m.s.f.DefaultMavenResourcesFiltering - Copying 0 resource from src/main/resources to target/classes
2025-09-29 21:56:06,208 [Worker-48: Building] INFO  o.a.m.s.f.DefaultMavenResourcesFiltering - Copying 1 resource from src/test/resources to target/test-classes
2025-09-29 21:56:23,811 [Worker-50: Building] INFO  o.a.m.s.f.DefaultMavenResourcesFiltering - Copying 0 resource from src/main/resources to target/classes
2025-09-29 21:56:23,833 [Worker-50: Building] INFO  o.a.m.s.f.DefaultMavenResourcesFiltering - Copying 1 resource from src/test/resources to target/test-classes
2025-09-29 21:56:38,336 [Worker-48: Building] INFO  o.e.m.c.i.p.WorkspaceClassifierResolverManager - Resolving P/mymavenproject: mymavenproject:mymavenproject:0.0.1-SNAPSHOT with classifier  to /mymavenproject/target/classes
2025-09-29 21:56:38,579 [Worker-48: Building] INFO  o.e.m.c.i.l.LifecycleMappingFactory - Using org.eclipse.m2e.jdt.JarLifecycleMapping lifecycle mapping for MavenProject: MyHybridFrameworkPOMBDD:MyHybridFrameworkPOMBDD:0.0.1-SNAPSHOT @ /Volumes/Renuka/Professional Stuff (Restricted)/Session_material/Session_WorkSpaces/Automation_SA2506029/SA250629_WebDriver/MyHybridFrameworkPOMBDD/pom.xml.
2025-09-29 21:56:38,603 [Worker-48: Building] INFO  o.e.m.c.i.p.WorkspaceClassifierResolverManager - Resolving P/mymavenproject: mymavenproject:mymavenproject:0.0.1-SNAPSHOT with classifier  to /mymavenproject/target/classes
2025-09-29 21:56:38,649 [Worker-48: Building] INFO  o.a.m.s.f.DefaultMavenResourcesFiltering - Copying 0 resource from src/main/resources to target/classes
2025-09-29 21:56:38,650 [Worker-48: Building] INFO  o.a.m.s.f.DefaultMavenResourcesFiltering - Copying 0 resource from src/test/resources to target/test-classes
2025-09-29 21:57:16,569 [Worker-4: Loading available Gradle versions] INFO  o.e.b.c.i.u.g.PublishedGradleVersions - Gradle version information cache is up-to-date. Trying to read.
2025-09-29 21:57:53,235 [Worker-36: Launching defaultRunner] INFO  o.e.m.c.i.p.WorkspaceClassifierResolverManager - Resolving P/mymavenproject: mymavenproject:mymavenproject:0.0.1-SNAPSHOT with classifier  to /mymavenproject/target/classes
2025-09-29 21:57:53,604 [Worker-36: Launching defaultRunner] INFO  o.e.m.c.i.p.WorkspaceClassifierResolverManager - Resolving P/mymavenproject: mymavenproject:mymavenproject:0.0.1-SNAPSHOT with classifier null to /mymavenproject/target/classes
2025-09-29 21:57:53,704 [Worker-36: Launching defaultRunner] INFO  o.e.m.c.i.p.WorkspaceClassifierResolverManager - Resolving P/mymavenproject: mymavenproject:mymavenproject:0.0.1-SNAPSHOT with classifier null to /mymavenproject/target/classes
2025-09-29 21:57:54,548 [Worker-35: Building] INFO  o.a.m.s.f.DefaultMavenResourcesFiltering - skip non existing resourceDirectory /Volumes/Renuka/Professional Stuff (Restricted)/Session_material/Session_WorkSpaces/Automation_SA2506029/SA250629_WebDriver/MyCucumberProjectNew/src/main/resources
2025-09-29 21:57:54,559 [Worker-35: Building] INFO  o.a.m.s.f.DefaultMavenResourcesFiltering - Copying 4 resources from src/test/resources to target/test-classes
2025-09-29 21:58:24,739 [Worker-18: Building] INFO  o.a.m.s.f.DefaultMavenResourcesFiltering - Copying 0 resource from src/main/resources to target/classes
2025-09-29 21:58:24,746 [Worker-18: Building] INFO  o.a.m.s.f.DefaultMavenResourcesFiltering - Copying 1 resource from src/test/resources to target/test-classes
2025-09-29 21:58:36,299 [Worker-20: Launching defaultRunner] INFO  o.e.m.c.i.p.WorkspaceClassifierResolverManager - Resolving P/mymavenproject: mymavenproject:mymavenproject:0.0.1-SNAPSHOT with classifier null to /mymavenproject/target/classes
2025-09-29 21:58:36,344 [Worker-20: Launching defaultRunner] INFO  o.e.m.c.i.p.WorkspaceClassifierResolverManager - Resolving P/mymavenproject: mymavenproject:mymavenproject:0.0.1-SNAPSHOT with classifier null to /mymavenproject/target/classes
2025-09-29 21:59:29,159 [Worker-18: Building] INFO  o.a.m.s.f.DefaultMavenResourcesFiltering - Copying 0 resource from src/main/resources to target/classes
2025-09-29 21:59:29,182 [Worker-18: Building] INFO  o.a.m.s.f.DefaultMavenResourcesFiltering - Copying 1 resource from src/test/resources to target/test-classes
2025-09-29 21:59:56,095 [Worker-18: Building] INFO  o.a.m.s.f.DefaultMavenResourcesFiltering - Copying 0 resource from src/main/resources to target/classes
2025-09-29 21:59:56,102 [Worker-18: Building] INFO  o.a.m.s.f.DefaultMavenResourcesFiltering - Copying 1 resource from src/test/resources to target/test-classes
2025-09-29 22:00:47,509 [Worker-6: Building] INFO  o.a.m.s.f.DefaultMavenResourcesFiltering - Copying 0 resource from src/main/resources to target/classes
2025-09-29 22:00:47,512 [Worker-6: Building] INFO  o.a.m.s.f.DefaultMavenResourcesFiltering - Copying 1 resource from src/test/resources to target/test-classes
2025-09-29 22:00:56,917 [Worker-12: Building] INFO  o.a.m.s.f.DefaultMavenResourcesFiltering - Copying 0 resource from src/main/resources to target/classes
2025-09-29 22:00:56,925 [Worker-12: Building] INFO  o.a.m.s.f.DefaultMavenResourcesFiltering - Copying 1 resource from src/test/resources to target/test-classes
2025-09-29 22:01:02,204 [Worker-18: Building] INFO  o.a.m.s.f.DefaultMavenResourcesFiltering - Copying 0 resource from src/main/resources to target/classes
2025-09-29 22:01:02,208 [Worker-18: Building] INFO  o.a.m.s.f.DefaultMavenResourcesFiltering - Copying 1 resource from src/test/resources to target/test-classes
2025-09-29 22:01:08,076 [Worker-36: Launching defaultRunner] INFO  o.e.m.c.i.p.WorkspaceClassifierResolverManager - Resolving P/mymavenproject: mymavenproject:mymavenproject:0.0.1-SNAPSHOT with classifier null to /mymavenproject/target/classes
2025-09-29 22:01:08,122 [Worker-36: Launching defaultRunner] INFO  o.e.m.c.i.p.WorkspaceClassifierResolverManager - Resolving P/mymavenproject: mymavenproject:mymavenproject:0.0.1-SNAPSHOT with classifier null to /mymavenproject/target/classes
2025-09-29 22:01:43,728 [Worker-37: Building] INFO  o.a.m.s.f.DefaultMavenResourcesFiltering - Copying 0 resource from src/main/resources to target/classes
2025-09-29 22:01:43,731 [Worker-37: Building] INFO  o.a.m.s.f.DefaultMavenResourcesFiltering - Copying 1 resource from src/test/resources to target/test-classes
2025-09-29 22:02:22,055 [Worker-29: Building] INFO  o.a.m.s.f.DefaultMavenResourcesFiltering - Copying 0 resource from src/main/resources to target/classes
2025-09-29 22:02:22,065 [Worker-29: Building] INFO  o.a.m.s.f.DefaultMavenResourcesFiltering - Copying 1 resource from src/test/resources to target/test-classes
2025-09-29 22:02:30,133 [Worker-35: Launching defaultRunner] INFO  o.e.m.c.i.p.WorkspaceClassifierResolverManager - Resolving P/mymavenproject: mymavenproject:mymavenproject:0.0.1-SNAPSHOT with classifier null to /mymavenproject/target/classes
2025-09-29 22:02:30,180 [Worker-35: Launching defaultRunner] INFO  o.e.m.c.i.p.WorkspaceClassifierResolverManager - Resolving P/mymavenproject: mymavenproject:mymavenproject:0.0.1-SNAPSHOT with classifier null to /mymavenproject/target/classes
2025-09-29 22:04:00,797 [Worker-24: Building] INFO  o.e.m.c.i.p.WorkspaceClassifierResolverManager - Resolving P/mymavenproject: mymavenproject:mymavenproject:0.0.1-SNAPSHOT with classifier  to /mymavenproject/target/classes
2025-09-29 22:04:01,056 [Worker-24: Building] INFO  o.e.m.c.i.l.LifecycleMappingFactory - Using org.eclipse.m2e.jdt.JarLifecycleMapping lifecycle mapping for MavenProject: myHybridFrameworkPOMBDD:myHybridFrameworkPOMBDD:0.0.1-SNAPSHOT @ /Volumes/Renuka/Professional Stuff (Restricted)/Session_material/Session_WorkSpaces/Automation_SA2506029/SA250629_WebDriver/MyHybridFrameworkPOMBDD/pom.xml.
2025-09-29 22:04:01,076 [Worker-24: Building] INFO  o.e.m.c.i.p.WorkspaceClassifierResolverManager - Resolving P/mymavenproject: mymavenproject:mymavenproject:0.0.1-SNAPSHOT with classifier  to /mymavenproject/target/classes
2025-09-29 22:04:01,134 [Worker-24: Building] INFO  o.a.m.s.f.DefaultMavenResourcesFiltering - Copying 0 resource from src/main/resources to target/classes
2025-09-29 22:04:01,137 [Worker-24: Building] INFO  o.a.m.s.f.DefaultMavenResourcesFiltering - Copying 1 resource from src/test/resources to target/test-classes
2025-09-29 22:04:30,825 [Worker-35: Building] INFO  o.e.m.c.i.l.LifecycleMappingFactory - Using org.eclipse.m2e.jdt.JarLifecycleMapping lifecycle mapping for MavenProject: myHybridFrameworkPOMBDD:myHybridFrameworkPOMBDD:0.0.1-SNAPSHOT @ /Volumes/Renuka/Professional Stuff (Restricted)/Session_material/Session_WorkSpaces/Automation_SA2506029/SA250629_WebDriver/myHybridFrameworkPOMBDD/pom.xml.
2025-09-29 22:04:31,121 [Worker-35: Building] INFO  o.e.m.c.i.p.WorkspaceClassifierResolverManager - Resolving P/mymavenproject: mymavenproject:mymavenproject:0.0.1-SNAPSHOT with classifier  to /mymavenproject/target/classes
2025-09-29 22:04:31,288 [Worker-35: Building] INFO  o.a.m.s.f.DefaultMavenResourcesFiltering - Copying 0 resource from src/main/resources to target/classes
2025-09-29 22:04:31,292 [Worker-35: Building] INFO  o.a.m.s.f.DefaultMavenResourcesFiltering - Copying 1 resource from src/test/resources to target/test-classes
2025-09-29 22:04:47,528 [Worker-30: Building] INFO  o.a.m.s.f.DefaultMavenResourcesFiltering - Copying 0 resource from src/main/resources to target/classes
2025-09-29 22:04:47,552 [Worker-30: Building] INFO  o.a.m.s.f.DefaultMavenResourcesFiltering - Copying 1 resource from src/test/resources to target/test-classes
2025-09-29 22:05:06,550 [Worker-15: Building] INFO  o.a.m.s.f.DefaultMavenResourcesFiltering - Copying 0 resource from src/main/resources to target/classes
2025-09-29 22:05:06,570 [Worker-15: Building] INFO  o.a.m.s.f.DefaultMavenResourcesFiltering - Copying 1 resource from src/test/resources to target/test-classes
2025-09-29 22:05:41,597 [Worker-9: Loading available Gradle versions] INFO  o.e.b.c.i.u.g.PublishedGradleVersions - Gradle version information cache is up-to-date. Trying to read.
2025-09-29 22:05:48,737 [Worker-5: Building] INFO  o.e.m.c.i.p.WorkspaceClassifierResolverManager - Resolving P/mymavenproject: mymavenproject:mymavenproject:0.0.1-SNAPSHOT with classifier  to /mymavenproject/target/classes
2025-09-29 22:05:51,234 [Worker-5: Building] INFO  o.a.m.s.f.DefaultMavenResourcesFiltering - Copying 0 resource from src/main/resources to target/classes
2025-09-29 22:05:51,266 [Worker-5: Building] INFO  o.a.m.s.f.DefaultMavenResourcesFiltering - Copying 1 resource from src/test/resources to target/test-classes
2025-09-29 22:06:19,953 [Worker-9: Launching defaultRunner] INFO  o.e.m.c.i.p.WorkspaceClassifierResolverManager - Resolving P/mymavenproject: mymavenproject:mymavenproject:0.0.1-SNAPSHOT with classifier null to /mymavenproject/target/classes
2025-09-29 22:06:20,039 [Worker-9: Launching defaultRunner] INFO  o.e.m.c.i.p.WorkspaceClassifierResolverManager - Resolving P/mymavenproject: mymavenproject:mymavenproject:0.0.1-SNAPSHOT with classifier null to /mymavenproject/target/classes
2025-09-29 22:06:49,732 [Worker-20: Creating project "myHBF"] INFO  o.e.m.c.i.l.LifecycleMappingFactory - Using org.eclipse.m2e.jdt.JarLifecycleMapping lifecycle mapping for MavenProject: myHBF:myHBF:0.0.1-SNAPSHOT @ /Volumes/Renuka/Professional Stuff (Restricted)/Session_material/Session_WorkSpaces/Automation_SA2506029/SA250629_WebDriver/myHBF/pom.xml.
2025-09-29 22:06:50,030 [Worker-20: Creating project "myHBF"] INFO  o.e.m.j.i.AbstractJavaProjectConfigurator - Adding source folder /myHBF/src/main/java
2025-09-29 22:06:50,032 [Worker-20: Creating project "myHBF"] INFO  o.e.m.j.i.AbstractJavaProjectConfigurator - Adding resource folder /myHBF/src/main/resources
2025-09-29 22:06:50,033 [Worker-20: Creating project "myHBF"] INFO  o.e.m.j.i.AbstractJavaProjectConfigurator - Adding source folder /myHBF/src/test/java
2025-09-29 22:06:50,033 [Worker-20: Creating project "myHBF"] INFO  o.e.m.j.i.AbstractJavaProjectConfigurator - Adding resource folder /myHBF/src/test/resources
2025-09-29 22:06:51,357 [Worker-6: Building] WARN  o.a.m.s.f.DefaultMavenResourcesFiltering - Using platform encoding (UTF-8 actually) to copy filtered resources, i.e. build is platform dependent!
2025-09-29 22:06:51,362 [Worker-6: Building] INFO  o.a.m.s.f.DefaultMavenResourcesFiltering - Copying 0 resource from src/main/resources to target/classes
2025-09-29 22:06:51,368 [Worker-6: Building] WARN  o.a.m.s.f.DefaultMavenResourcesFiltering - Using platform encoding (UTF-8 actually) to copy filtered resources, i.e. build is platform dependent!
2025-09-29 22:06:51,368 [Worker-6: Building] INFO  o.a.m.s.f.DefaultMavenResourcesFiltering - Copying 0 resource from src/test/resources to target/test-classes
2025-09-29 22:07:14,095 [Worker-13: Building] WARN  o.a.m.s.f.DefaultMavenResourcesFiltering - Using platform encoding (UTF-8 actually) to copy filtered resources, i.e. build is platform dependent!
2025-09-29 22:07:14,098 [Worker-13: Building] INFO  o.a.m.s.f.DefaultMavenResourcesFiltering - Copying 0 resource from src/main/resources to target/classes
2025-09-29 22:07:14,102 [Worker-13: Building] WARN  o.a.m.s.f.DefaultMavenResourcesFiltering - Using platform encoding (UTF-8 actually) to copy filtered resources, i.e. build is platform dependent!
2025-09-29 22:07:14,104 [Worker-13: Building] INFO  o.a.m.s.f.DefaultMavenResourcesFiltering - Copying 1 resource from src/test/resources to target/test-classes
2025-09-29 22:07:23,017 [Worker-14: Building] WARN  o.a.m.s.f.DefaultMavenResourcesFiltering - Using platform encoding (UTF-8 actually) to copy filtered resources, i.e. build is platform dependent!
2025-09-29 22:07:23,021 [Worker-14: Building] INFO  o.a.m.s.f.DefaultMavenResourcesFiltering - Copying 0 resource from src/main/resources to target/classes
2025-09-29 22:07:23,024 [Worker-14: Building] WARN  o.a.m.s.f.DefaultMavenResourcesFiltering - Using platform encoding (UTF-8 actually) to copy filtered resources, i.e. build is platform dependent!
2025-09-29 22:07:23,024 [Worker-14: Building] INFO  o.a.m.s.f.DefaultMavenResourcesFiltering - Copying 1 resource from src/test/resources to target/test-classes
2025-09-29 22:07:48,443 [Worker-25: Building] WARN  o.a.m.s.f.DefaultMavenResourcesFiltering - Using platform encoding (UTF-8 actually) to copy filtered resources, i.e. build is platform dependent!
2025-09-29 22:07:48,447 [Worker-25: Building] INFO  o.a.m.s.f.DefaultMavenResourcesFiltering - Copying 0 resource from src/main/resources to target/classes
2025-09-29 22:07:48,456 [Worker-25: Building] WARN  o.a.m.s.f.DefaultMavenResourcesFiltering - Using platform encoding (UTF-8 actually) to copy filtered resources, i.e. build is platform dependent!
2025-09-29 22:07:48,459 [Worker-25: Building] INFO  o.a.m.s.f.DefaultMavenResourcesFiltering - Copying 0 resource from src/test/resources to target/test-classes
2025-09-29 22:08:05,649 [Worker-18: Building] WARN  o.a.m.s.f.DefaultMavenResourcesFiltering - Using platform encoding (UTF-8 actually) to copy filtered resources, i.e. build is platform dependent!
2025-09-29 22:08:05,655 [Worker-18: Building] INFO  o.a.m.s.f.DefaultMavenResourcesFiltering - Copying 0 resource from src/main/resources to target/classes
2025-09-29 22:08:05,659 [Worker-18: Building] WARN  o.a.m.s.f.DefaultMavenResourcesFiltering - Using platform encoding (UTF-8 actually) to copy filtered resources, i.e. build is platform dependent!
2025-09-29 22:08:05,660 [Worker-18: Building] INFO  o.a.m.s.f.DefaultMavenResourcesFiltering - Copying 1 resource from src/test/resources to target/test-classes
2025-09-29 22:08:18,976 [Worker-8: Building] WARN  o.a.m.s.f.DefaultMavenResourcesFiltering - Using platform encoding (UTF-8 actually) to copy filtered resources, i.e. build is platform dependent!
2025-09-29 22:08:18,977 [Worker-8: Building] INFO  o.a.m.s.f.DefaultMavenResourcesFiltering - Copying 0 resource from src/main/resources to target/classes
2025-09-29 22:08:18,982 [Worker-8: Building] WARN  o.a.m.s.f.DefaultMavenResourcesFiltering - Using platform encoding (UTF-8 actually) to copy filtered resources, i.e. build is platform dependent!
2025-09-29 22:08:18,985 [Worker-8: Building] INFO  o.a.m.s.f.DefaultMavenResourcesFiltering - Copying 1 resource from src/test/resources to target/test-classes
2025-09-29 22:08:36,478 [Worker-8: Building] WARN  o.a.m.s.f.DefaultMavenResourcesFiltering - Using platform encoding (UTF-8 actually) to copy filtered resources, i.e. build is platform dependent!
2025-09-29 22:08:36,479 [Worker-8: Building] INFO  o.a.m.s.f.DefaultMavenResourcesFiltering - Copying 0 resource from src/main/resources to target/classes
2025-09-29 22:08:36,488 [Worker-8: Building] WARN  o.a.m.s.f.DefaultMavenResourcesFiltering - Using platform encoding (UTF-8 actually) to copy filtered resources, i.e. build is platform dependent!
2025-09-29 22:08:36,491 [Worker-8: Building] INFO  o.a.m.s.f.DefaultMavenResourcesFiltering - Copying 0 resource from src/test/resources to target/test-classes
2025-09-29 22:09:10,680 [Worker-35: Building] WARN  o.a.m.s.f.DefaultMavenResourcesFiltering - Using platform encoding (UTF-8 actually) to copy filtered resources, i.e. build is platform dependent!
2025-09-29 22:09:10,684 [Worker-35: Building] INFO  o.a.m.s.f.DefaultMavenResourcesFiltering - Copying 0 resource from src/main/resources to target/classes
2025-09-29 22:09:10,688 [Worker-35: Building] WARN  o.a.m.s.f.DefaultMavenResourcesFiltering - Using platform encoding (UTF-8 actually) to copy filtered resources, i.e. build is platform dependent!
2025-09-29 22:09:10,689 [Worker-35: Building] INFO  o.a.m.s.f.DefaultMavenResourcesFiltering - Copying 1 resource from src/test/resources to target/test-classes
2025-09-29 22:09:38,780 [Worker-14: Building] WARN  o.a.m.s.f.DefaultMavenResourcesFiltering - Using platform encoding (UTF-8 actually) to copy filtered resources, i.e. build is platform dependent!
2025-09-29 22:09:38,782 [Worker-14: Building] INFO  o.a.m.s.f.DefaultMavenResourcesFiltering - Copying 0 resource from src/main/resources to target/classes
2025-09-29 22:09:38,785 [Worker-14: Building] WARN  o.a.m.s.f.DefaultMavenResourcesFiltering - Using platform encoding (UTF-8 actually) to copy filtered resources, i.e. build is platform dependent!
2025-09-29 22:09:38,787 [Worker-14: Building] INFO  o.a.m.s.f.DefaultMavenResourcesFiltering - Copying 1 resource from src/test/resources to target/test-classes
2025-09-29 22:10:07,734 [Worker-29: Building] INFO  o.e.m.c.i.l.LifecycleMappingFactory - Using org.eclipse.m2e.jdt.JarLifecycleMapping lifecycle mapping for MavenProject: myHBF:myHBF:0.0.1-SNAPSHOT @ /Volumes/Renuka/Professional Stuff (Restricted)/Session_material/Session_WorkSpaces/Automation_SA2506029/SA250629_WebDriver/myHBF/pom.xml.
2025-09-29 22:10:08,131 [Worker-29: Building] INFO  o.e.m.c.i.p.WorkspaceClassifierResolverManager - Resolving P/mymavenproject: mymavenproject:mymavenproject:0.0.1-SNAPSHOT with classifier  to /mymavenproject/target/classes
2025-09-29 22:10:08,804 [Worker-29: Building] INFO  o.a.m.s.f.DefaultMavenResourcesFiltering - Copying 0 resource from src/main/resources to target/classes
2025-09-29 22:10:08,825 [Worker-29: Building] INFO  o.a.m.s.f.DefaultMavenResourcesFiltering - Copying 0 resource from src/test/resources to target/test-classes
2025-09-29 22:10:09,184 [Worker-23: Updating Maven Project] INFO  o.e.m.c.i.p.ProjectConfigurationManager - Update started
2025-09-29 22:10:09,720 [Worker-23: Updating Maven Project] INFO  o.e.m.c.i.l.LifecycleMappingFactory - Using org.eclipse.m2e.jdt.JarLifecycleMapping lifecycle mapping for MavenProject: myHBF:myHBF:0.0.1-SNAPSHOT @ /Volumes/Renuka/Professional Stuff (Restricted)/Session_material/Session_WorkSpaces/Automation_SA2506029/SA250629_WebDriver/myHBF/pom.xml.
2025-09-29 22:10:10,028 [Worker-23: Updating Maven Project] INFO  o.e.m.c.i.p.WorkspaceClassifierResolverManager - Resolving P/mymavenproject: mymavenproject:mymavenproject:0.0.1-SNAPSHOT with classifier  to /mymavenproject/target/classes
2025-09-29 22:10:10,135 [Worker-23: Updating Maven Project] INFO  o.e.m.j.i.AbstractJavaProjectConfigurator - Adding source folder /myHBF/src/main/java
2025-09-29 22:10:10,137 [Worker-23: Updating Maven Project] INFO  o.e.m.j.i.AbstractJavaProjectConfigurator - Adding resource folder /myHBF/src/main/resources
2025-09-29 22:10:10,140 [Worker-23: Updating Maven Project] INFO  o.e.m.j.i.AbstractJavaProjectConfigurator - Adding source folder /myHBF/src/test/java
2025-09-29 22:10:10,140 [Worker-23: Updating Maven Project] INFO  o.e.m.j.i.AbstractJavaProjectConfigurator - Adding resource folder /myHBF/src/test/resources
2025-09-29 22:10:10,346 [Worker-23: Updating Maven Project] INFO  o.e.m.c.i.p.ProjectConfigurationManager - Update completed for 1 poms: local refresh takes 0.00 sec, refresh facades takes 0.00 sec, update config takes 0.00 sec 
2025-09-29 22:10:10,644 [Worker-29: Building] INFO  o.a.m.s.f.DefaultMavenResourcesFiltering - Copying 0 resource from src/main/resources to target/classes
2025-09-29 22:10:10,647 [Worker-29: Building] INFO  o.a.m.s.f.DefaultMavenResourcesFiltering - Copying 1 resource from src/test/resources to target/test-classes
2025-09-29 22:12:21,885 [Worker-9: Building] INFO  o.a.m.s.f.DefaultMavenResourcesFiltering - Copying 0 resource from src/main/resources to target/classes
2025-09-29 22:12:21,899 [Worker-9: Building] INFO  o.a.m.s.f.DefaultMavenResourcesFiltering - Copying 1 resource from src/test/resources to target/test-classes
2025-09-29 22:12:33,196 [Worker-30: Building] INFO  o.a.m.s.f.DefaultMavenResourcesFiltering - Copying 0 resource from src/main/resources to target/classes
2025-09-29 22:12:33,201 [Worker-30: Building] INFO  o.a.m.s.f.DefaultMavenResourcesFiltering - Copying 1 resource from src/test/resources to target/test-classes
2025-09-29 22:12:54,737 [Worker-35: Building] INFO  o.a.m.s.f.DefaultMavenResourcesFiltering - Copying 0 resource from src/main/resources to target/classes
2025-09-29 22:12:54,741 [Worker-35: Building] INFO  o.a.m.s.f.DefaultMavenResourcesFiltering - Copying 1 resource from src/test/resources to target/test-classes
2025-09-29 22:13:19,763 [Worker-35: Building] INFO  o.a.m.s.f.DefaultMavenResourcesFiltering - Copying 0 resource from src/main/resources to target/classes
2025-09-29 22:13:19,770 [Worker-35: Building] INFO  o.a.m.s.f.DefaultMavenResourcesFiltering - Copying 1 resource from src/test/resources to target/test-classes
2025-09-29 22:14:39,019 [Worker-35: Building] INFO  o.a.m.s.f.DefaultMavenResourcesFiltering - Copying 0 resource from src/main/resources to target/classes
2025-09-29 22:14:39,039 [Worker-35: Building] INFO  o.a.m.s.f.DefaultMavenResourcesFiltering - Copying 0 resource from src/test/resources to target/test-classes
2025-09-29 22:21:15,323 [Worker-39: Building] INFO  o.a.m.s.f.DefaultMavenResourcesFiltering - Copying 0 resource from src/main/resources to target/classes
2025-09-29 22:21:15,327 [Worker-39: Building] INFO  o.a.m.s.f.DefaultMavenResourcesFiltering - Copying 2 resources from src/test/resources to target/test-classes
2025-09-30 10:51:43,173 [Worker-51: Building] INFO  o.a.m.s.f.DefaultMavenResourcesFiltering - Copying 0 resource from src/main/resources to target/classes
2025-09-30 10:51:43,185 [Worker-51: Building] INFO  o.a.m.s.f.DefaultMavenResourcesFiltering - Copying 1 resource from src/test/resources to target/test-classes
